{"type": "FeatureCollection", "features": [{"type": "Feature", "properties": {"name": "Illes Balears", "admin_level": "4", "iso": "ES-IB"}, "geometry": {"type": "MultiPolygon", "coordinates": [[[[1.3846452, 38.7132005], [1.3844913, 38.7132593], [1.3846964, 38.7133027], [1.3846452, 38.7132005]]], [[[1.4027216, 38.8142747], [1.4037276, 38.8146427], [1.4053098, 38.8138405], [1.404625, 38.8135865], [1.4027216, 38.8142747]]], [[[1.4016746, 38.8159687], [1.4043715, 38.8170237], [1.4046864, 38.8168876], [1.4040132, 38.8156311], [1.4016746, 38.8159687]]], [[[1.4017391, 38.82521], [1.4018336, 38.8250834], [1.4018412, 38.8249392], [1.401588, 38.8252571], [1.4017391, 38.82521]]], [[[1.4080961, 38.8263766], [1.4081804, 38.8263624], [1.4077556, 38.8261027], [1.4079314, 38.8264922], [1.4080961, 38.8263766]]], [[[1.4073739, 38.826722], [1.4072856, 38.8271307], [1.4078568, 38.826906], [1.4076962, 38.8266229], [1.4073739, 38.826722]]], [[[1.3713166, 38.8290206], [1.3711744, 38.8288138], [1.3708633, 38.8286654], [1.3711235, 38.8291209], [1.3713166, 38.8290206]]], [[[1.3707801, 38.829731], [1.3706943, 38.8296161], [1.3706621, 38.8299086], [1.3707882, 38.8297582], [1.3707801, 38.829731]]], [[[1.4050706, 38.8302867], [1.4052064, 38.8308617], [1.4060895, 38.8304725], [1.4054049, 38.830134], [1.4050706, 38.8302867]]], [[[1.4057246, 38.8308673], [1.4055703, 38.8308998], [1.4056152, 38.8309892], [1.4057694, 38.830942], [1.4057246, 38.8308673]]], [[[1.2437867, 38.8610465], [1.2435292, 38.8606722], [1.2438726, 38.8614074], [1.2437867, 38.8610465]]], [[[1.1913442, 38.8635728], [1.1958399, 38.8700738], [1.2033527, 38.8687578], [1.2024169, 38.8643477], [1.1913442, 38.8635728]]], [[[1.2137546, 38.8682709], [1.2105273, 38.8670747], [1.2068194, 38.8682842], [1.2126903, 38.8656579], [1.2137546, 38.8682709]]], [[[1.29822, 38.8700068], [1.2982991, 38.8699933], [1.2983166, 38.8699191], [1.2982495, 38.869917], [1.29822, 38.8700068]]], [[[1.2982093, 38.8700799], [1.2981932, 38.870199], [1.2983608, 38.8702219], [1.2983568, 38.8700851], [1.2982093, 38.8700799]]], [[[1.2985164, 38.8704746], [1.2981771, 38.8702679], [1.2980551, 38.8705174], [1.2981476, 38.8706103], [1.2985164, 38.8704746]]], [[[1.2992835, 38.8716378], [1.299732, 38.871541], [1.2995888, 38.8701782], [1.2989388, 38.8714616], [1.2992835, 38.8716378]]], [[[1.1971731, 38.8720315], [1.196361, 38.8713557], [1.1953568, 38.8710007], [1.196532, 38.8718769], [1.1971731, 38.8720315]]], [[[1.4065897, 38.8719468], [1.4063768, 38.871472], [1.4056119, 38.8715976], [1.4063555, 38.8721309], [1.4065897, 38.8719468]]], [[[1.2184977, 38.8901938], [1.2186012, 38.8902385], [1.2191973, 38.8900523], [1.2186468, 38.8896163], [1.2184977, 38.8901938]]], [[[1.1887053, 38.9571494], [1.1892906, 38.957733], [1.1898482, 38.9575242], [1.1880088, 38.9562345], [1.1887053, 38.9571494]]], [[[1.1897156, 38.9578755], [1.1978287, 38.9601219], [1.1999207, 38.957417], [1.1981612, 38.9564271], [1.1897156, 38.9578755]]], [[[1.2020099, 38.9586118], [1.201273, 38.9583459], [1.2008663, 38.958763], [1.2016031, 38.9587768], [1.2020099, 38.9586118]]], [[[1.1997428, 38.9591899], [1.1998435, 38.9591436], [1.1996292, 38.9591983], [1.199676, 38.9592375], [1.1997428, 38.9591899]]], [[[1.219178, 38.9642891], [1.2193604, 38.9643741], [1.2195669, 38.9642343], [1.2192967, 38.9641926], [1.219178, 38.9642891]]], [[[1.2176123, 38.96519], [1.217635, 38.9653146], [1.2187254, 38.9652223], [1.2172582, 38.964776], [1.2176123, 38.96519]]], [[[1.2186352, 38.9666725], [1.2185712, 38.9665701], [1.2183962, 38.9666205], [1.2185555, 38.9667895], [1.2186352, 38.9666725]]], [[[1.1647774, 38.96847], [1.1652102, 38.9687732], [1.1667524, 38.9686595], [1.1650958, 38.9674588], [1.1647774, 38.96847]]], [[[1.1658831, 38.9691111], [1.1652252, 38.9694194], [1.1655362, 38.9698], [1.1660879, 38.9688837], [1.1658831, 38.9691111]]], [[[1.2156969, 38.967217], [1.2143895, 38.9686098], [1.2150762, 38.972285], [1.2201918, 38.968302], [1.2156969, 38.967217]]], [[[1.1645606, 38.9719479], [1.164713, 38.9737046], [1.1671905, 38.9722341], [1.1664244, 38.9714299], [1.1645606, 38.9719479]]], [[[1.2317515, 38.9738499], [1.2319936, 38.9734988], [1.2314203, 38.9735058], [1.231718, 38.9737216], [1.2317515, 38.9738499]]], [[[1.2318545, 38.977213], [1.2320007, 38.9770222], [1.2317938, 38.9768531], [1.2317026, 38.9771154], [1.2318545, 38.977213]]], [[[1.1583615, 38.978244], [1.1583283, 38.9784332], [1.158756, 38.9783587], [1.1587486, 38.978267], [1.1583615, 38.978244]]], [[[1.1574287, 38.9785765], [1.1575467, 38.9784504], [1.1572738, 38.9784733], [1.1573402, 38.9786166], [1.1574287, 38.9785765]]], [[[1.1578379, 38.9784963], [1.157908, 38.9787342], [1.158332, 38.9784963], [1.1579965, 38.9784217], [1.1578379, 38.9784963]]], [[[1.1586517, 38.978904], [1.1581911, 38.9795944], [1.1615041, 38.9810026], [1.161228, 38.9788896], [1.1586517, 38.978904]]], [[[1.1612054, 38.9822231], [1.1611545, 38.9824007], [1.1615574, 38.9827197], [1.1616472, 38.9822979], [1.1612054, 38.9822231]]], [[[1.168385, 38.9847365], [1.1685547, 38.9849668], [1.168885, 38.9845939], [1.168298, 38.9843645], [1.168385, 38.9847365]]], [[[1.2111498, 38.9779238], [1.2063593, 38.989054], [1.2138809, 38.9953252], [1.2104582, 38.9840776], [1.2189514, 38.9783534], [1.2111498, 38.9779238]]], [[[1.2865225, 38.9906264], [1.2864514, 38.9906451], [1.28678, 38.9907118], [1.2866057, 38.9905753], [1.2865225, 38.9906264]]], [[[1.2930455, 39.0107726], [1.2929082, 39.011573], [1.2932687, 39.0118931], [1.2938866, 39.0103992], [1.2930455, 39.0107726]]], [[[1.3242456, 39.0476934], [1.3242967, 39.0476933], [1.3242406, 39.0475857], [1.324195, 39.0476459], [1.3242456, 39.0476934]]], [[[1.314105, 39.0489512], [1.3139991, 39.0489699], [1.3138932, 39.04931], [1.3141002, 39.0492913], [1.314105, 39.0489512]]], [[[1.315241, 39.0501063], [1.3164769, 39.0505633], [1.3159112, 39.0486718], [1.3149107, 39.0490592], [1.315241, 39.0501063]]], [[[1.3157464, 39.0498371], [1.3158234, 39.0497549], [1.3156165, 39.049796], [1.3157464, 39.0498371]]], [[[1.3256975, 39.0500281], [1.3257057, 39.0499947], [1.3256549, 39.0499647], [1.3256434, 39.0500231], [1.3256975, 39.0500281]]], [[[1.4033458, 39.0775607], [1.4036448, 39.0775227], [1.4038629, 39.0774138], [1.403198, 39.0772456], [1.4033458, 39.0775607]]], [[[1.4351873, 38.7605061], [1.4339212, 38.772012], [1.4468615, 38.7325994], [1.4637583, 38.7224985], [1.4727126, 38.7281207], [1.477768, 38.7024718], [1.4939579, 38.6900487], [1.5301732, 38.6724812], [1.5691267, 38.6916029], [1.5847498, 38.6629776], [1.5707866, 38.6505877], [1.5241964, 38.6530505], [1.4824489, 38.6797487], [1.4467959, 38.6849111], [1.40727, 38.6491642], [1.385448, 38.6414303], [1.3806408, 38.6926202], [1.3906095, 38.6978123], [1.380291, 38.7192549], [1.3966866, 38.7354456], [1.4121603, 38.7310186], [1.4070801, 38.7220162], [1.41921, 38.7224065], [1.4120325, 38.7317106], [1.4284041, 38.7380455], [1.4351873, 38.7605061]]], [[[1.4596219, 38.7248702], [1.4596808, 38.7245709], [1.4601463, 38.7242882], [1.4593684, 38.7245343], [1.4596219, 38.7248702]]], [[[1.458553, 38.7263088], [1.4586868, 38.7264062], [1.458907, 38.7262753], [1.4588641, 38.7262251], [1.458553, 38.7263088]]], [[[1.4573353, 38.7261472], [1.4562764, 38.7260552], [1.4559196, 38.7262931], [1.4565746, 38.7265769], [1.4573353, 38.7261472]]], [[[1.4567827, 38.728259], [1.4569544, 38.7283259], [1.4570509, 38.7282506], [1.4568256, 38.7281753], [1.4566754, 38.7282673], [1.4567827, 38.728259]]], [[[1.4567934, 38.7285854], [1.4569758, 38.7284766], [1.4567505, 38.728351], [1.4567183, 38.7285101], [1.4567934, 38.7285854]]], [[[1.4529203, 38.7308201], [1.4533602, 38.7302091], [1.4533066, 38.7299329], [1.4525126, 38.73041], [1.4529203, 38.7308201]]], [[[1.4522873, 38.7312218], [1.4523839, 38.7313808], [1.4525448, 38.7312134], [1.452459, 38.731113], [1.4522873, 38.7312218]]], [[[1.4314793, 38.750126], [1.4311791, 38.7499922], [1.4308827, 38.7501807], [1.4312453, 38.7502841], [1.4314793, 38.750126]]], [[[1.4311718, 38.751486], [1.43148, 38.7509408], [1.4305834, 38.7509905], [1.4306404, 38.7513559], [1.4311718, 38.751486]]], [[[1.4310347, 38.7526531], [1.4309598, 38.7526458], [1.4307945, 38.7527139], [1.4311657, 38.7528477], [1.4310347, 38.7526531]]], [[[1.4305856, 38.7534037], [1.429835, 38.7540396], [1.430262, 38.7546601], [1.4312399, 38.7535079], [1.4305856, 38.7534037]]], [[[1.4299305, 38.7557346], [1.4302431, 38.7557097], [1.4304659, 38.7555642], [1.4299254, 38.7553609], [1.4299305, 38.7557346]]], [[[1.4174071, 38.7748895], [1.4173221, 38.7738179], [1.4159196, 38.7734198], [1.4163358, 38.7743269], [1.4174071, 38.7748895]]], [[[1.4260554, 38.7765158], [1.425524, 38.7769755], [1.4274599, 38.7762249], [1.4270127, 38.7759945], [1.4260554, 38.7765158]]], [[[1.4312834, 38.7758475], [1.4190959, 38.7789569], [1.4217947, 38.7974505], [1.4318131, 38.7841506], [1.4312834, 38.7758475]]], [[[1.4830961, 38.7870541], [1.4823153, 38.7872304], [1.4814003, 38.7877217], [1.484441, 38.7870775], [1.4830961, 38.7870541]]], [[[1.4182673, 38.7916994], [1.4172463, 38.7925088], [1.4168413, 38.7949719], [1.4199282, 38.7929243], [1.4182673, 38.7916994]]], [[[1.479316, 38.7884764], [1.4740269, 38.7973744], [1.4777709, 38.8050651], [1.4823262, 38.7989348], [1.479316, 38.7884764]]], [[[1.4236635, 38.7976237], [1.423956, 38.7974416], [1.423989, 38.797031], [1.4233099, 38.7974336], [1.4236635, 38.7976237]]], [[[1.4233244, 38.7979719], [1.4234005, 38.797804], [1.4233026, 38.7977107], [1.4231502, 38.797826], [1.4233244, 38.7979719]]], [[[1.4224821, 38.7985374], [1.4212315, 38.798909], [1.4224028, 38.7996384], [1.4237567, 38.7982439], [1.4224821, 38.7985374]]], [[[1.411235, 38.8139552], [1.4089251, 38.8173693], [1.4098062, 38.8187397], [1.412512, 38.8145419], [1.411235, 38.8139552]]], [[[1.4264913, 38.8746599], [1.4261969, 38.8746296], [1.4260601, 38.8747215], [1.4266623, 38.8749423], [1.4264913, 38.8746599]]], [[[1.4347978, 38.8842298], [1.4343425, 38.8835173], [1.4337876, 38.8839134], [1.4341372, 38.8843455], [1.4347978, 38.8842298]]], [[[1.4350959, 38.8849785], [1.4351216, 38.8850712], [1.4351752, 38.8850469], [1.4351776, 38.8849876], [1.4350959, 38.8849785]]], [[[1.4360155, 38.8850139], [1.4360727, 38.8850452], [1.4361416, 38.8850234], [1.4361019, 38.8849989], [1.4360155, 38.8850139]]], [[[1.4359627, 38.8850224], [1.4358211, 38.8849605], [1.4357804, 38.8850114], [1.4359857, 38.8851905], [1.4359627, 38.8850224]]], [[[1.4351585, 38.8852736], [1.4350565, 38.8851901], [1.4348312, 38.885353], [1.4350136, 38.8855451], [1.4351585, 38.8852736]]], [[[1.4385319, 38.8886861], [1.4389473, 38.8879198], [1.4380461, 38.8876526], [1.4379603, 38.8881203], [1.4385319, 38.8886861]]], [[[1.4539015, 38.8885396], [1.4538388, 38.8884315], [1.453764, 38.8884733], [1.4537754, 38.8884981], [1.4539015, 38.8885396]]], [[[1.4515713, 38.8905172], [1.4517027, 38.8903773], [1.4512333, 38.8902771], [1.4512762, 38.8903836], [1.4515713, 38.8905172]]], [[[1.4239128, 38.8960707], [1.4237626, 38.8961626], [1.4240254, 38.8963045], [1.4240362, 38.8962335], [1.4239128, 38.8960707]]], [[[1.4226629, 38.8960123], [1.4230062, 38.8970393], [1.4238752, 38.897056], [1.4234836, 38.8960373], [1.4226629, 38.8960123]]], [[[1.4240898, 38.8970143], [1.4242883, 38.8970518], [1.4243258, 38.8967554], [1.4239289, 38.8971061], [1.4240898, 38.8970143]]], [[[1.4348632, 38.9009381], [1.4351762, 38.9007273], [1.4352658, 38.9004413], [1.4348583, 38.9005804], [1.4348632, 38.9009381]]], [[[1.4347362, 38.9010501], [1.4346725, 38.9010639], [1.4346636, 38.9011823], [1.4348158, 38.9011286], [1.4347362, 38.9010501]]], [[[1.4328133, 38.9028483], [1.4326095, 38.9028713], [1.4325693, 38.902888], [1.4327812, 38.9029924], [1.4328133, 38.9028483]]], [[[1.4402443, 38.9031116], [1.4409177, 38.9032518], [1.4414764, 38.9028915], [1.4410522, 38.9026732], [1.4402443, 38.9031116]]], [[[1.4389154, 38.904483], [1.438778, 38.9044613], [1.4387827, 38.9045592], [1.4388549, 38.9045972], [1.4389154, 38.904483]]], [[[1.455592, 38.9079273], [1.4555465, 38.9079054], [1.4555438, 38.9078563], [1.4555424, 38.9079471], [1.455592, 38.9079273]]], [[[1.4415144, 38.9084329], [1.4414372, 38.9084138], [1.4415863, 38.9084957], [1.4415846, 38.9084807], [1.4415144, 38.9084329]]], [[[1.441027, 38.9085976], [1.4409972, 38.9086057], [1.4409857, 38.9086423], [1.4410626, 38.9086128], [1.441027, 38.9085976]]], [[[1.4757408, 38.9154769], [1.4757378, 38.915611], [1.4758757, 38.9155329], [1.4758607, 38.915456], [1.4757408, 38.9154769]]], [[[1.4931415, 38.9163909], [1.4931167, 38.9162631], [1.4928532, 38.916081], [1.4928186, 38.916386], [1.4931415, 38.9163909]]], [[[1.59541, 39.0943856], [1.6050043, 39.0901915], [1.6013162, 39.0792966], [1.609868, 39.0793346], [1.5913602, 39.0749133], [1.5889306, 39.0605417], [1.6215867, 39.0276812], [1.6058973, 39.029519], [1.5850902, 39.0157996], [1.5779104, 39.0011813], [1.5812489, 38.9893257], [1.5616215, 38.9932606], [1.5515487, 38.9924722], [1.5341864, 38.9829659], [1.5310297, 38.9561262], [1.5200434, 38.9530197], [1.5290486, 38.9461869], [1.5101014, 38.9467426], [1.5053867, 38.9331812], [1.4768508, 38.912932], [1.4576046, 38.9180683], [1.4581998, 38.9041619], [1.4473797, 38.9031969], [1.452968, 38.9089907], [1.439556, 38.9166759], [1.4386542, 38.9025755], [1.4242459, 38.9051293], [1.421127, 38.9034592], [1.4036836, 38.8773557], [1.406341, 38.8316107], [1.384146, 38.8422816], [1.3805397, 38.8343925], [1.371102, 38.830416], [1.3611688, 38.8606716], [1.3435681, 38.8709883], [1.3205479, 38.8557931], [1.3146719, 38.8682699], [1.2974514, 38.8621753], [1.3052432, 38.8679425], [1.2959374, 38.8771672], [1.2676305, 38.8779334], [1.2480268, 38.8557531], [1.235753, 38.8727415], [1.2240542, 38.8708704], [1.2256089, 38.8879888], [1.2132739, 38.9019562], [1.2365168, 38.9388845], [1.2150895, 38.9586229], [1.2297204, 38.9746402], [1.2429644, 38.972851], [1.2449163, 38.9658572], [1.303255, 38.9696512], [1.3066098, 38.9784719], [1.2969919, 38.9754542], [1.296461, 38.9854258], [1.2844525, 38.9938743], [1.2990362, 39.0096048], [1.2900383, 39.0283292], [1.3263647, 39.0528548], [1.3416776, 39.0529973], [1.3451111, 39.0672015], [1.3618832, 39.0747047], [1.3754538, 39.0622492], [1.3866279, 39.0782411], [1.4170029, 39.0774525], [1.4262998, 39.0925346], [1.4404486, 39.0804645], [1.4640448, 39.1016539], [1.4843899, 39.1009573], [1.4851707, 39.1083408], [1.4884537, 39.1105345], [1.4934268, 39.108507], [1.4974249, 39.0984577], [1.5092357, 39.1028312], [1.5072494, 39.1138233], [1.5155813, 39.1088588], [1.5330273, 39.1184135], [1.5574233, 39.0933062], [1.59541, 39.0943856]]], [[[1.4328173, 39.0925242], [1.4324139, 39.0914183], [1.4315529, 39.0911605], [1.4323023, 39.0929838], [1.4328173, 39.0925242]]], [[[1.4638887, 39.103126], [1.4638624, 39.101708], [1.4615279, 39.1021366], [1.4626501, 39.1035022], [1.4638887, 39.103126]]], [[[1.4967243, 38.9200696], [1.4966428, 38.9204729], [1.4967539, 38.9206361], [1.4968995, 38.9205209], [1.4967243, 38.9200696]]], [[[1.5018844, 38.9332521], [1.5021774, 38.933162], [1.5018005, 38.9329024], [1.501823, 38.9331199], [1.5018844, 38.9332521]]], [[[1.5070121, 38.937036], [1.5068318, 38.9369291], [1.5067546, 38.9369759], [1.5068576, 38.9371695], [1.5070121, 38.937036]]], [[[1.5285279, 38.9450884], [1.5281797, 38.9453172], [1.528237, 38.9454579], [1.5288632, 38.9453967], [1.5285279, 38.9450884]]], [[[1.578404, 38.9827423], [1.5794012, 38.9824442], [1.5774868, 38.981729], [1.5779872, 38.9827574], [1.578404, 38.9827423]]], [[[1.5836513, 38.9825809], [1.5830934, 38.985258], [1.5846658, 38.9860117], [1.584574, 38.9823682], [1.5836513, 38.9825809]]], [[[1.5766692, 38.9845609], [1.5768975, 38.9844279], [1.5768529, 38.9843603], [1.5765055, 38.9843526], [1.5766692, 38.9845609]]], [[[1.5848313, 39.0002802], [1.5848903, 38.9999759], [1.5846167, 38.9998174], [1.5846918, 39.0005303], [1.5848313, 39.0002802]]], [[[1.5868215, 39.0022354], [1.5876155, 39.0015267], [1.586784, 39.0010014], [1.5863629, 39.0014331], [1.5868215, 39.0022354]]], [[[1.5833776, 39.0029483], [1.5832166, 39.0029024], [1.5828036, 39.0031815], [1.5830611, 39.003219], [1.5833776, 39.0029483]]], [[[1.5824629, 39.0033924], [1.582471, 39.0032982], [1.5823476, 39.0033649], [1.5824307, 39.0033924], [1.5824629, 39.0033924]]], [[[1.5836351, 39.0033357], [1.5836082, 39.003515], [1.5836726, 39.0036359], [1.5838979, 39.0034066], [1.5836351, 39.0033357]]], [[[1.5818373, 39.0045008], [1.5821169, 39.0044863], [1.582251, 39.0044113], [1.5820526, 39.0044029], [1.5818373, 39.0045008]]], [[[1.5815189, 39.0050283], [1.581586, 39.0050638], [1.5816931, 39.005012], [1.5815966, 39.0049953], [1.5815189, 39.0050283]]], [[[1.5822404, 39.0051034], [1.5822324, 39.0050492], [1.5821761, 39.0051367], [1.5822404, 39.0051034]]], [[[1.6463148, 39.032243], [1.6397595, 39.0345715], [1.636108, 39.0407814], [1.6462021, 39.0407457], [1.6463148, 39.032243]]], [[[1.6061673, 39.0468763], [1.6062998, 39.0470691], [1.6071034, 39.0468676], [1.6062998, 39.0463708], [1.6061673, 39.0468763]]], [[[1.6047227, 39.0798018], [1.6048421, 39.0799466], [1.605432, 39.0799597], [1.6048072, 39.0796998], [1.6047227, 39.0798018]]], [[[1.6091154, 39.0800835], [1.6096789, 39.080602], [1.6103518, 39.0807635], [1.6098829, 39.0800991], [1.6091154, 39.0800835]]], [[[1.6113319, 39.0817101], [1.611315, 39.0809859], [1.6104064, 39.0804625], [1.6107815, 39.0815578], [1.6113319, 39.0817101]]], [[[1.5936725, 39.0983048], [1.5922745, 39.0980108], [1.5920693, 39.0992185], [1.5928239, 39.0986946], [1.5936725, 39.0983048]]], [[[1.4945283, 39.1027907], [1.4943042, 39.1026846], [1.4937689, 39.1027446], [1.4948262, 39.1033794], [1.4945283, 39.1027907]]], [[[1.5179381, 39.1151467], [1.5154209, 39.1151693], [1.5139157, 39.1165311], [1.5175168, 39.1162906], [1.5179381, 39.1151467]]], [[[2.4719248, 39.4621109], [2.4712577, 39.4617225], [2.4709272, 39.4617436], [2.4724554, 39.4628792], [2.4719248, 39.4621109]]], [[[2.472563, 39.4631212], [2.4726925, 39.4633334], [2.4728088, 39.4633278], [2.4727237, 39.4631065], [2.472563, 39.4631212]]], [[[2.4748979, 39.4652019], [2.4745811, 39.4647843], [2.4740295, 39.4652698], [2.4751282, 39.4658355], [2.4748979, 39.4652019]]], [[[2.5410595, 39.4782743], [2.5404986, 39.477859], [2.5411079, 39.4790063], [2.5412074, 39.4788312], [2.5410595, 39.4782743]]], [[[2.5335113, 39.4860287], [2.533355, 39.4860972], [2.5333657, 39.4864179], [2.5335361, 39.4862973], [2.5335113, 39.4860287]]], [[[2.4479234, 39.4957082], [2.4510294, 39.499885], [2.4551654, 39.5009984], [2.4518609, 39.4994545], [2.4479234, 39.4957082]]], [[[2.4553719, 39.502027], [2.4546906, 39.5027948], [2.4565896, 39.5023809], [2.4560693, 39.5017973], [2.4553719, 39.502027]]], [[[2.5436712, 39.5051174], [2.5463273, 39.5040451], [2.5471263, 39.5027798], [2.5452856, 39.502512], [2.5436712, 39.5051174]]], [[[2.4561509, 39.5046255], [2.4563561, 39.5045931], [2.4558928, 39.5042399], [2.4558175, 39.5044123], [2.4561509, 39.5046255]]], [[[2.5891134, 39.5302664], [2.5889829, 39.5288252], [2.5859814, 39.528151], [2.5877215, 39.5307955], [2.5891134, 39.5302664]]], [[[2.5734831, 39.5297931], [2.5742598, 39.5295057], [2.5724617, 39.5297415], [2.5725585, 39.5299614], [2.5734831, 39.5297931]]], [[[2.5885846, 39.5312803], [2.5885866, 39.5315123], [2.589136, 39.5313534], [2.5887285, 39.5308203], [2.5885846, 39.5312803]]], [[[2.4583182, 39.5315833], [2.4585241, 39.5316607], [2.4586948, 39.5316685], [2.4584287, 39.5313316], [2.4583182, 39.5315833]]], [[[2.5863006, 39.5329455], [2.5865021, 39.5330134], [2.5865655, 39.5329866], [2.5861526, 39.5329172], [2.5863006, 39.5329455]]], [[[2.5918012, 39.5344803], [2.5927152, 39.5342446], [2.5932897, 39.5335696], [2.5927604, 39.5334413], [2.5918012, 39.5344803]]], [[[2.5914398, 39.5341552], [2.5915394, 39.5341347], [2.5914712, 39.5340439], [2.5914358, 39.5340632], [2.5914398, 39.5341552]]], [[[2.7066336, 39.5345218], [2.706756, 39.5348237], [2.7071484, 39.5351041], [2.7072728, 39.5346059], [2.7066336, 39.5345218]]], [[[2.4225039, 39.5370331], [2.4223637, 39.5366232], [2.4221485, 39.536565], [2.4220884, 39.537074], [2.4225039, 39.5370331]]], [[[2.3476645, 39.5762443], [2.3478476, 39.5778109], [2.3492621, 39.5767736], [2.348722, 39.5761173], [2.3476645, 39.5762443]]], [[[2.3037705, 39.5726438], [2.307853, 39.5821493], [2.3389431, 39.5982061], [2.3187308, 39.5766662], [2.3037705, 39.5726438]]], [[[2.3419403, 39.5860402], [2.3419688, 39.585433], [2.3417429, 39.5851818], [2.3414448, 39.58571], [2.3419403, 39.5860402]]], [[[2.3616653, 39.6088886], [2.3616653, 39.6087367], [2.361531, 39.6087381], [2.3615153, 39.6089827], [2.3616653, 39.6088886]]], [[[2.3628087, 39.6107377], [2.3628368, 39.6108783], [2.3629222, 39.6106379], [2.3628641, 39.6106503], [2.3628087, 39.6107377]]], [[[2.3710813, 39.6141198], [2.371141, 39.6142257], [2.371255, 39.6142257], [2.3712333, 39.6141532], [2.3710813, 39.6141198]]], [[[2.7089252, 39.8169184], [2.7095046, 39.8172559], [2.7097771, 39.8191334], [2.7107171, 39.8160335], [2.7089252, 39.8169184]]], [[[2.9397039, 39.120921], [2.9398258, 39.1210989], [2.9404693, 39.1208451], [2.9402705, 39.1207284], [2.9397039, 39.120921]]], [[[2.9356563, 39.1221622], [2.9364015, 39.1221947], [2.9369356, 39.121854], [2.9355379, 39.121887], [2.9356563, 39.1221622]]], [[[2.9393028, 39.1255123], [2.9396085, 39.126004], [2.9403489, 39.1254624], [2.9386631, 39.1247726], [2.9393028, 39.1255123]]], [[[2.9587166, 39.1247268], [2.9583277, 39.1262749], [2.9604199, 39.1252966], [2.9601167, 39.1249537], [2.9587166, 39.1247268]]], [[[2.9424477, 39.1259191], [2.9425249, 39.1262628], [2.9440664, 39.1253928], [2.9433878, 39.1252606], [2.9424477, 39.1259191]]], [[[2.9381638, 39.1262223], [2.9388754, 39.1264609], [2.9394517, 39.1260793], [2.9377677, 39.1259261], [2.9381638, 39.1262223]]], [[[2.9230251, 39.1329623], [2.9234929, 39.1329609], [2.9235602, 39.1325405], [2.9226696, 39.1325271], [2.9230251, 39.1329623]]], [[[2.9608881, 39.1384563], [2.9616778, 39.1386825], [2.9627424, 39.1382311], [2.9622263, 39.1381266], [2.9608881, 39.1384563]]], [[[2.9592651, 39.1384379], [2.9560693, 39.1255373], [2.9208344, 39.128154], [2.9269197, 39.1317762], [2.9262284, 39.1383823], [2.9149051, 39.1393038], [2.9170154, 39.1615043], [2.9306644, 39.1431863], [2.9373209, 39.1446781], [2.9310967, 39.1565133], [2.9496643, 39.1484098], [2.9507502, 39.165656], [2.9764936, 39.1580451], [2.9567384, 39.1477598], [2.9592651, 39.1384379]]], [[[2.9634543, 39.1482448], [2.9636649, 39.1487431], [2.9641082, 39.1482388], [2.9635658, 39.1477847], [2.9634543, 39.1482448]]], [[[2.9744396, 39.1684042], [2.9777817, 39.1695022], [2.9785381, 39.1672355], [2.9754535, 39.1666408], [2.9744396, 39.1684042]]], [[[2.9617369, 39.1753695], [2.955907, 39.1839955], [2.9700858, 39.1901576], [2.9730458, 39.1865846], [2.9617369, 39.1753695]]], [[[2.9654853, 39.194706], [2.9654761, 39.1949431], [2.9648961, 39.1955122], [2.9659684, 39.1947744], [2.9654853, 39.194706]]], [[[2.9718338, 39.1954365], [2.9711328, 39.1976727], [2.9735219, 39.1981946], [2.9741674, 39.1958819], [2.9718338, 39.1954365]]], [[[2.9740585, 39.1997941], [2.9733424, 39.1996284], [2.9713293, 39.2004832], [2.9750925, 39.2009082], [2.9740585, 39.1997941]]], [[[2.9762625, 39.2019011], [2.9762619, 39.2026292], [2.9772385, 39.2024633], [2.9760029, 39.2015709], [2.9762625, 39.2019011]]], [[[2.9788972, 39.2048272], [2.9787739, 39.2050191], [2.9793256, 39.2053147], [2.9794908, 39.2047036], [2.9788972, 39.2048272]]], [[[2.9781745, 39.2073502], [2.9786379, 39.207618], [2.9798596, 39.2067092], [2.9782903, 39.2064839], [2.9781745, 39.2073502]]], [[[3.0361349, 39.2794883], [3.0363468, 39.2794783], [3.0367226, 39.2796082], [3.035724, 39.2790983], [3.0361349, 39.2794883]]], [[[3.0093231, 39.299632], [3.0099653, 39.3001089], [3.010227, 39.2981246], [3.0097457, 39.2980851], [3.0093231, 39.299632]]], [[[3.010507, 39.3058205], [3.0124876, 39.3053151], [3.0121827, 39.3035984], [3.0081592, 39.3045912], [3.010507, 39.3058205]]], [[[3.0019615, 39.3107658], [3.001592, 39.3093886], [2.9996544, 39.310255], [3.0008037, 39.3112852], [3.0019615, 39.3107658]]], [[[2.9869908, 39.3119655], [2.9864179, 39.3120685], [2.9875115, 39.3123282], [2.9874479, 39.3120595], [2.9869908, 39.3119655]]], [[[2.9834473, 39.3178742], [2.9828191, 39.3175236], [2.9824223, 39.3178354], [2.983012, 39.3185025], [2.9834473, 39.3178742]]], [[[3.1446752, 39.325575], [3.1443911, 39.3255262], [3.1442502, 39.3255687], [3.145088, 39.3256636], [3.1446752, 39.325575]]], [[[2.9838385, 39.3263066], [2.9843923, 39.3264856], [2.9820367, 39.3250051], [2.9814549, 39.3252817], [2.9838385, 39.3263066]]], [[[2.9830813, 39.3272069], [2.9827869, 39.3272882], [2.9834178, 39.327657], [2.9834108, 39.3275539], [2.9830813, 39.3272069]]], [[[2.988525, 39.3336097], [2.9887073, 39.3339784], [2.989815, 39.3340218], [2.9895065, 39.3337778], [2.988525, 39.3336097]]], [[[3.2421071, 39.3755024], [3.2423161, 39.3753508], [3.2419591, 39.3751452], [3.2419102, 39.3753792], [3.2421071, 39.3755024]]], [[[3.3758377, 39.5650974], [3.3756884, 39.5649171], [3.3753793, 39.5650812], [3.3756759, 39.5651904], [3.3758377, 39.5650974]]], [[[3.1247025, 39.9162046], [3.1099825, 39.9112506], [3.1106815, 39.899222], [3.0914737, 39.9111352], [3.0800611, 39.9022779], [3.0823369, 39.8780168], [3.1007038, 39.8590257], [3.1449965, 39.8654883], [3.1904353, 39.8924832], [3.2044579, 39.8888658], [3.1882571, 39.8816677], [3.1866473, 39.8632996], [3.1971695, 39.8617535], [3.1800844, 39.8421386], [3.1407002, 39.831957], [3.1313344, 39.840929], [3.1190918, 39.8290653], [3.1205854, 39.8024871], [3.1527158, 39.7679648], [3.2130086, 39.7411911], [3.2529507, 39.7293972], [3.3294879, 39.7600239], [3.3350167, 39.7839924], [3.3480254, 39.789376], [3.3737209, 39.7684164], [3.4040728, 39.7639878], [3.4324225, 39.7450364], [3.4613829, 39.7480772], [3.4527226, 39.7223726], [3.4787522, 39.7158348], [3.4566263, 39.7055064], [3.4559386, 39.6564124], [3.4409021, 39.6563189], [3.4368012, 39.6348481], [3.4094851, 39.6376726], [3.3970705, 39.6286372], [3.3850758, 39.5917898], [3.4036244, 39.579164], [3.3789157, 39.5759403], [3.3685389, 39.5508884], [3.3318701, 39.5404454], [3.3403107, 39.534876], [3.2960256, 39.499747], [3.2796092, 39.4666699], [3.2748987, 39.416059], [3.2671437, 39.4278488], [3.2609454, 39.4240152], [3.2589738, 39.4160181], [3.2681859, 39.4158971], [3.2444683, 39.377594], [3.2301912, 39.3679698], [3.2220556, 39.3728791], [3.2321375, 39.3616287], [3.2200037, 39.3569169], [3.2109511, 39.3647402], [3.2153972, 39.354947], [3.1853041, 39.3504174], [3.1889899, 39.3377042], [3.1692972, 39.3334681], [3.1709528, 39.3264947], [3.1463952, 39.3300853], [3.0688499, 39.266706], [3.0499676, 39.2654577], [3.0179987, 39.2950327], [3.0136558, 39.3104238], [2.9860007, 39.3159785], [2.9839269, 39.3233952], [2.9901661, 39.3378656], [2.9581705, 39.3624436], [2.9289089, 39.3642099], [2.9136351, 39.3522833], [2.8817756, 39.3662002], [2.8443056, 39.3659152], [2.828781, 39.3561498], [2.8060546, 39.3671822], [2.7873918, 39.3630805], [2.7419136, 39.4063439], [2.7472117, 39.4414765], [2.721873, 39.4761009], [2.7499777, 39.5003962], [2.7492023, 39.5094651], [2.6694208, 39.5626462], [2.6342182, 39.5590149], [2.6441279, 39.5670745], [2.6318924, 39.5681547], [2.6244893, 39.5545659], [2.6364515, 39.5550751], [2.6199006, 39.5495717], [2.6394433, 39.5526183], [2.6324481, 39.545133], [2.6005357, 39.5510654], [2.5894508, 39.5347229], [2.5904085, 39.5310206], [2.5871053, 39.533613], [2.5615749, 39.5320136], [2.5399087, 39.5236242], [2.5472597, 39.5111581], [2.5347724, 39.5062064], [2.5366027, 39.4878958], [2.5200848, 39.47501], [2.5240093, 39.4718645], [2.5191551, 39.4625981], [2.5243332, 39.4607217], [2.5218183, 39.4567108], [2.490509, 39.4729065], [2.4857107, 39.472605], [2.4824586, 39.4708528], [2.4802934, 39.4690758], [2.4798384, 39.4690266], [2.478947, 39.4681144], [2.4786062, 39.4680765], [2.4764661, 39.4663509], [2.4760909, 39.4662595], [2.4788932, 39.4922173], [2.4680023, 39.4902661], [2.4608208, 39.504351], [2.4562003, 39.5047194], [2.4796957, 39.517757], [2.4668147, 39.5189471], [2.4684074, 39.5223252], [2.4567457, 39.5344237], [2.4194449, 39.5229283], [2.4238098, 39.5368966], [2.4136046, 39.5390958], [2.3874608, 39.5207748], [2.3881262, 39.5339515], [2.3629914, 39.5328207], [2.3905476, 39.5462114], [2.3721905, 39.5442363], [2.346498, 39.5646828], [2.3545193, 39.5767068], [2.3447252, 39.5871688], [2.3559848, 39.6055568], [2.4622255, 39.6520271], [2.5277723, 39.7015356], [2.5554665, 39.6999869], [2.5873286, 39.7171876], [2.6227929, 39.7479942], [2.6199244, 39.756099], [2.6633225, 39.7725219], [2.6694633, 39.792289], [2.6799324, 39.7985976], [2.6942932, 39.7912247], [2.6891863, 39.797967], [2.6994761, 39.8108895], [2.7757885, 39.8398759], [2.7780118, 39.8553396], [2.8003311, 39.8510214], [2.8046206, 39.8622849], [2.8450244, 39.8617701], [2.8954006, 39.8948796], [2.9362324, 39.9041863], [2.9503386, 39.9201244], [2.9823665, 39.9082821], [3.0419414, 39.9376896], [3.0374543, 39.9302718], [3.0610598, 39.9324964], [3.0605787, 39.9194166], [3.0959998, 39.9358228], [3.0976216, 39.9277857], [3.1218794, 39.9319053], [3.1656226, 39.9598522], [3.1795996, 39.9612318], [3.1731633, 39.9520739], [3.179562, 39.9510849], [3.2144429, 39.9616036], [3.2021801, 39.9438557], [3.1543897, 39.9231413], [3.1329931, 39.9274875], [3.1247025, 39.9162046]]], [[[3.1876168, 39.7544527], [3.1881479, 39.754986], [3.1883504, 39.7548885], [3.1883195, 39.7544453], [3.1876168, 39.7544527]]], [[[3.4066211, 39.7698163], [3.4061276, 39.7695194], [3.4058271, 39.7697586], [3.4069429, 39.7699647], [3.4066211, 39.7698163]]], [[[3.1713083, 39.8358843], [3.1714343, 39.8350177], [3.1692809, 39.8348951], [3.1699075, 39.8361078], [3.1713083, 39.8358843]]], [[[3.1621187, 39.8738257], [3.1623834, 39.873473], [3.1620023, 39.8732251], [3.1617696, 39.8736516], [3.1621187, 39.8738257]]], [[[3.1774394, 39.8814372], [3.1774501, 39.8813466], [3.1772248, 39.8812067], [3.177257, 39.8813384], [3.1774394, 39.8814372]]], [[[4.0301844, 39.9158609], [4.0296974, 39.9158087], [4.0300398, 39.916759], [4.0303788, 39.916624], [4.0301844, 39.9158609]]], [[[4.0303841, 39.9170431], [4.0307781, 39.9171348], [4.0306676, 39.9163717], [4.0306412, 39.9168285], [4.0303841, 39.9170431]]], [[[3.1474476, 39.9217835], [3.1501706, 39.9202566], [3.1440278, 39.9223421], [3.1456022, 39.9230177], [3.1474476, 39.9217835]]], [[[3.1838122, 39.937621], [3.184163, 39.9377719], [3.1844493, 39.9375645], [3.1840758, 39.9373976], [3.1838122, 39.937621]]], [[[3.131699, 39.9443803], [3.1299768, 39.9441974], [3.1320314, 39.9460975], [3.1323829, 39.9458136], [3.131699, 39.9443803]]], [[[3.8262062, 39.9880087], [3.8282914, 39.987102], [3.8257199, 39.9882093], [3.8250022, 39.9919539], [3.8262062, 39.9880087]]], [[[3.9148638, 40.0509546], [3.9151373, 40.0511261], [3.9156054, 40.0505101], [3.9151119, 40.0505522], [3.9148638, 40.0509546]]], [[[4.0422875, 40.0579925], [4.0434609, 40.0585806], [4.0438472, 40.0579206], [4.0431574, 40.0574694], [4.0414771, 40.0576441], [4.0422875, 40.0579925]]], [[[4.04135, 40.0584703], [4.0416987, 40.0587459], [4.0420497, 40.0583897], [4.041462, 40.0582691], [4.04135, 40.0584703]]], [[[4.0269487, 40.0651687], [4.0272585, 40.0654317], [4.0283173, 40.0653033], [4.027323, 40.0643917], [4.0269487, 40.0651687]]], [[[4.034617, 40.065419], [4.033814, 40.065248], [4.0336084, 40.0654466], [4.0349743, 40.0656653], [4.034617, 40.065419]]], [[[4.0328894, 40.0686328], [4.0332779, 40.0687926], [4.0314127, 40.0663893], [4.0310618, 40.0695718], [4.0328894, 40.0686328]]], [[[4.2942048, 39.7993384], [4.2854634, 39.7993064], [4.281951, 39.8010843], [4.2918995, 39.8033289], [4.2942048, 39.7993384]]], [[[4.2954572, 39.8028107], [4.2953444, 39.8028744], [4.2952496, 39.8029584], [4.2955241, 39.8029961], [4.2954572, 39.8028107]]], [[[4.3062997, 39.877355], [4.3069791, 39.8713016], [4.3011678, 39.8814369], [4.3046038, 39.8809448], [4.3062997, 39.877355]]], [[[4.2982614, 39.8817388], [4.2978179, 39.882757], [4.2979855, 39.8829613], [4.2993278, 39.8813975], [4.2982614, 39.8817388]]], [[[4.2861124, 39.88607], [4.2864718, 39.8881524], [4.2887113, 39.8868425], [4.2878334, 39.8857278], [4.2861124, 39.88607]]], [[[4.308561, 39.8917852], [4.3088293, 39.8914354], [4.309017, 39.8920939], [4.3088936, 39.8916988], [4.308561, 39.8917852]]], [[[4.2943588, 39.9086233], [4.2945278, 39.9087611], [4.2946243, 39.9085471], [4.2945948, 39.9085389], [4.2943588, 39.9086233]]], [[[4.2940906, 39.90915], [4.2941174, 39.9090142], [4.2938867, 39.9090491], [4.2939216, 39.9090923], [4.2940906, 39.90915]]], [[[4.2943588, 39.9091602], [4.2943454, 39.90908], [4.2942756, 39.9090862], [4.2943132, 39.9091314], [4.2943588, 39.9091602]]], [[[4.292728, 39.9098906], [4.2926892, 39.9098216], [4.2924946, 39.9098618], [4.29261, 39.9099256], [4.292728, 39.9098906]]], [[[4.2926582, 39.9104256], [4.2926402, 39.910569], [4.2927842, 39.910514], [4.292718, 39.910429], [4.2926582, 39.9104256]]], [[[4.2929425, 39.9106395], [4.2928387, 39.9105628], [4.2927743, 39.9106739], [4.2930398, 39.910678], [4.2929425, 39.9106395]]], [[[4.2917436, 39.9109481], [4.2917678, 39.910979], [4.2918724, 39.9110016], [4.291926, 39.9109913], [4.2917436, 39.9109481]]], [[[4.2904936, 39.9116661], [4.2905668, 39.9116676], [4.2904427, 39.9116085], [4.2904641, 39.9116476], [4.2904936, 39.9116661]]], [[[4.2910435, 39.911804], [4.2910818, 39.9118671], [4.2911776, 39.9118019], [4.2909684, 39.9117649], [4.2910435, 39.911804]]], [[[4.291875, 39.9120056], [4.2915861, 39.9119782], [4.2914815, 39.9118733], [4.291537, 39.912055], [4.291875, 39.9120056]]], [[[4.2902164, 39.911324], [4.289495, 39.9116305], [4.2894994, 39.9126445], [4.2903896, 39.9126871], [4.2899047, 39.9124854], [4.2897878, 39.9119457], [4.2902164, 39.911324]]], [[[4.2902281, 39.9124582], [4.2901476, 39.9124747], [4.290422, 39.9124823], [4.2903246, 39.91245], [4.2902281, 39.9124582]]], [[[4.2907028, 39.9125878], [4.2908021, 39.9125241], [4.2903389, 39.9125152], [4.290381, 39.9125693], [4.2907028, 39.9125878]]], [[[4.2897748, 39.9129088], [4.2900189, 39.9128141], [4.2894851, 39.9128388], [4.2896656, 39.9129102], [4.2897748, 39.9129088]]], [[[4.2941736, 39.9158773], [4.2941843, 39.9159184], [4.2942514, 39.9158938], [4.2941736, 39.9158773]]], [[[4.2947932, 39.9159452], [4.2948021, 39.9159838], [4.294845, 39.9159755], [4.2948308, 39.9159596], [4.2947932, 39.9159452]]], [[[4.294179, 39.915937], [4.2942039, 39.9160372], [4.2943193, 39.9159714], [4.294179, 39.915937]]], [[[4.2944123, 39.9159719], [4.2943533, 39.9159596], [4.2945017, 39.9160393], [4.2945143, 39.9160151], [4.2944123, 39.9159719]]], [[[4.2940583, 39.9160172], [4.2939725, 39.9159637], [4.2938464, 39.9160172], [4.2939859, 39.9160666], [4.2940583, 39.9160172]]], [[[4.2895825, 39.9162183], [4.2894663, 39.9161962], [4.2894288, 39.9162085], [4.2894479, 39.9162511], [4.2895825, 39.9162183]]], [[[4.2940449, 39.9163854], [4.2940395, 39.9164081], [4.2940851, 39.9163937], [4.2940449, 39.9163854]]], [[[4.2901423, 39.9167537], [4.2904105, 39.9166385], [4.2904212, 39.9167619], [4.2908538, 39.9166585], [4.2898177, 39.9162826], [4.2901423, 39.9167537]]], [[[4.2899545, 39.9167228], [4.289917, 39.9167084], [4.2898848, 39.9167105], [4.2899097, 39.9167552], [4.2899545, 39.9167228]]], [[[4.290389, 39.9167866], [4.2903917, 39.9168236], [4.290422, 39.9168169], [4.2904293, 39.9167886], [4.290389, 39.9167866]]], [[[4.290658, 39.9168498], [4.290819, 39.9168169], [4.2908209, 39.9167886], [4.2906841, 39.9167866], [4.290658, 39.9168498]]], [[[4.0158254, 40.0555066], [4.0321437, 40.0655489], [4.0411723, 40.0557912], [4.0525287, 40.0517333], [4.0762524, 40.0594777], [4.0778991, 40.0707827], [4.0892647, 40.0689035], [4.0909858, 40.0762398], [4.0816106, 40.0890822], [4.0928045, 40.0893324], [4.0992367, 40.0846054], [4.0928412, 40.059779], [4.103115, 40.044728], [4.1337073, 40.0628826], [4.1201395, 40.0357392], [4.1261176, 40.0257468], [4.1408676, 40.0360191], [4.1366343, 40.0670258], [4.1549927, 40.0679641], [4.1727785, 40.0605573], [4.164409, 40.057806], [4.1663825, 40.044312], [4.1584204, 40.0447965], [4.1606714, 40.0336519], [4.171071, 40.0363633], [4.1689491, 40.0268171], [4.1821477, 40.021871], [4.1952616, 40.0322999], [4.193175, 40.0236949], [4.2030099, 40.0186545], [4.1936567, 40.0097073], [4.2021965, 40.0137612], [4.1976188, 40.0069201], [4.2053899, 39.9931319], [4.20045, 40.005782], [4.2073498, 40.0130851], [4.2205801, 39.996577], [4.2695417, 39.9967356], [4.2549229, 39.9928407], [4.2661725, 39.9819029], [4.2546652, 39.9638181], [4.2699976, 39.9595825], [4.2650849, 39.9502944], [4.2806863, 39.9498436], [4.2743949, 39.9334041], [4.2983702, 39.8975051], [4.3084708, 39.8990278], [4.3118948, 39.8854855], [4.3094063, 39.8798061], [4.328026, 39.8770765], [4.3104772, 39.8699328], [4.3104842, 39.8779221], [4.2960579, 39.891876], [4.2562663, 39.8954024], [4.3033282, 39.8712108], [4.3038389, 39.8318396], [4.2760805, 39.8095425], [4.2402034, 39.8131844], [4.043382, 39.9128288], [4.0204353, 39.9219332], [3.994183, 39.9257988], [3.9897744, 39.9310309], [3.9610641, 39.9325217], [3.9593445, 39.9384095], [3.9000955, 39.922448], [3.8392918, 39.922358], [3.8340481, 39.9291451], [3.8225451, 39.9230886], [3.8356804, 39.9674385], [3.8299729, 39.9726096], [3.8394185, 39.9784562], [3.8312211, 39.9794947], [3.8294441, 39.9875908], [3.8272511, 39.9877562], [3.8259449, 39.9890514], [3.8354133, 39.994302], [3.8252367, 39.9962306], [3.8351944, 40.0010501], [3.8359781, 40.0024845], [3.7990519, 39.9978101], [3.7908505, 40.0161614], [3.8104695, 40.0267569], [3.8223559, 40.0511345], [3.898526, 40.0597871], [3.9211187, 40.0454437], [3.919861, 40.0569874], [3.9339981, 40.0629159], [3.9788404, 40.0509023], [3.9943633, 40.0590374], [4.0158254, 40.0555066]]], [[[4.2800387, 39.9513751], [4.2806746, 39.9509177], [4.2796869, 39.9501197], [4.2793894, 39.9506454], [4.2800387, 39.9513751]]], [[[4.2772155, 39.9560835], [4.272577, 39.9570157], [4.27368, 39.964567], [4.2781084, 39.9667126], [4.2842607, 39.9607755], [4.2772155, 39.9560835]]], [[[4.1998348, 40.0067165], [4.1992576, 40.0064156], [4.1987225, 40.0069958], [4.199609, 40.0069776], [4.1998348, 40.0067165]]], [[[4.2049518, 40.0141184], [4.2052689, 40.0139028], [4.2053533, 40.0136407], [4.2045824, 40.0138748], [4.2049518, 40.0141184]]], [[[4.2045423, 40.0145572], [4.2045934, 40.0142132], [4.2041955, 40.0136868], [4.2037486, 40.0143136], [4.2045423, 40.0145572]]], [[[4.2126392, 40.0144463], [4.2120733, 40.0143594], [4.2134269, 40.0150746], [4.2128847, 40.014447], [4.2126392, 40.0144463]]], [[[4.2084241, 40.014004], [4.2087608, 40.0167286], [4.2126402, 40.0183414], [4.2119948, 40.016237], [4.2084241, 40.014004]]], [[[4.2094336, 40.0214621], [4.2107228, 40.0202249], [4.2093098, 40.0177898], [4.2083115, 40.0196592], [4.2094336, 40.0214621]]], [[[4.1377187, 40.0446358], [4.1376075, 40.0438496], [4.1376686, 40.043661], [4.1371207, 40.0445359], [4.1377187, 40.0446358]]], [[[4.1369721, 40.047588], [4.1376267, 40.0463453], [4.1371636, 40.0451909], [4.1360475, 40.0464302], [4.1369721, 40.047588]]], [[[4.0440376, 40.0553585], [4.0437546, 40.0559323], [4.0443219, 40.0561705], [4.044731, 40.0556521], [4.0440376, 40.0553585]]], [[[4.168577, 40.0575472], [4.1687404, 40.057188], [4.1678226, 40.0569251], [4.1676371, 40.0573148], [4.168577, 40.0575472]]], [[[4.1316084, 40.063946], [4.1309799, 40.0640363], [4.1308047, 40.0643941], [4.1319136, 40.0645656], [4.1316084, 40.063946]]], [[[4.0806507, 40.0902656], [4.0806813, 40.0906761], [4.0828683, 40.0901568], [4.0819332, 40.08974], [4.0806507, 40.0902656]]], [[[4.0729088, 40.0924906], [4.0755036, 40.0945867], [4.0770241, 40.0916259], [4.0749252, 40.0910702], [4.0729088, 40.0924906]]]]}}, {"type": "Feature", "properties": {"name": "La Rioja", "admin_level": "4", "iso": "ES-RI"}, "geometry": {"type": "Polygon", "coordinates": [[[-2.8786731, 42.6291214], [-2.8559048, 42.6378999], [-2.8420696, 42.6279876], [-2.8481692, 42.6169506], [-2.8419222, 42.6086696], [-2.8199833, 42.6147085], [-2.8197388, 42.5914286], [-2.8409502, 42.581056], [-2.8237448, 42.5543067], [-2.8148873, 42.569265], [-2.8032528, 42.5640276], [-2.7775756, 42.5819479], [-2.7636759, 42.6225801], [-2.7405624, 42.6223666], [-2.7094696, 42.6007586], [-2.6820146, 42.5957515], [-2.6911036, 42.5427043], [-2.7060049, 42.5166019], [-2.6768015, 42.5261168], [-2.6776259, 42.5092449], [-2.6565413, 42.5040475], [-2.6477491, 42.4832622], [-2.6054258, 42.5035226], [-2.5922843, 42.4918229], [-2.6021409, 42.4822663], [-2.5969935, 42.4729362], [-2.5858212, 42.4722552], [-2.5919366, 42.4820594], [-2.5682592, 42.4941484], [-2.5536761, 42.4837326], [-2.5304798, 42.4835707], [-2.5377612, 42.4946498], [-2.5106238, 42.5199157], [-2.5053227, 42.5118961], [-2.5186791, 42.4978746], [-2.5145756, 42.4901797], [-2.4774309, 42.4866376], [-2.4488082, 42.4968759], [-2.415666, 42.4905385], [-2.4000087, 42.4714323], [-2.3526075, 42.4656441], [-2.3467521, 42.4517725], [-2.3318368, 42.4540078], [-2.3299876, 42.4688024], [-2.298719, 42.4574117], [-2.2968835, 42.4681444], [-2.2880124, 42.46736], [-2.2763885, 42.4466697], [-2.240964, 42.4418295], [-2.2349657, 42.4261464], [-2.2120751, 42.4213533], [-2.2165055, 42.4159981], [-2.186111, 42.4187698], [-2.1750366, 42.4077664], [-2.1517761, 42.4186285], [-2.1119025, 42.4199561], [-2.10508, 42.4159404], [-2.1155142, 42.3990815], [-2.0891201, 42.3849875], [-2.0928115, 42.3758218], [-2.0784706, 42.368308], [-2.089961, 42.3469713], [-2.0702987, 42.3428118], [-2.0160153, 42.3692979], [-1.9710581, 42.3534668], [-1.9657492, 42.3344075], [-1.9422851, 42.335184], [-1.93152, 42.3221876], [-1.9185134, 42.3269648], [-1.9189658, 42.3161439], [-1.907061, 42.3084749], [-1.9138175, 42.3001095], [-1.8706581, 42.288966], [-1.8722764, 42.2526694], [-1.8557595, 42.2496507], [-1.8497905, 42.2592545], [-1.8297267, 42.2441374], [-1.8192187, 42.2486408], [-1.819552, 42.232082], [-1.8023258, 42.2234288], [-1.7092392, 42.2099898], [-1.7042399, 42.1920293], [-1.6801244, 42.1915739], [-1.7008973, 42.1731236], [-1.679659, 42.1516893], [-1.7198949, 42.1334397], [-1.7397421, 42.1497359], [-1.7647091, 42.1504128], [-1.7790049, 42.1377049], [-1.8216189, 42.1535695], [-1.8324167, 42.1482311], [-1.8402755, 42.1281278], [-1.8920318, 42.0859859], [-1.9084787, 42.0586765], [-1.9015767, 42.02968], [-1.8829473, 42.0263298], [-1.8552279, 42.0026038], [-1.8471152, 42.0076404], [-1.8440455, 41.987334], [-1.8638497, 41.9773787], [-1.8552374, 41.9662993], [-1.9066667, 41.9455906], [-1.9151692, 41.9322516], [-1.9702978, 41.9191417], [-1.984115, 41.9200844], [-2.0283144, 41.9533864], [-2.0363919, 41.9394042], [-2.0466426, 41.9509282], [-2.114356, 41.9611439], [-2.1240722, 41.9953085], [-2.1076321, 42.0027743], [-2.1170083, 42.0215083], [-2.1547652, 42.0470382], [-2.1619128, 42.0667337], [-2.1272395, 42.0804618], [-2.133377, 42.1011421], [-2.2364842, 42.1025062], [-2.2695889, 42.0885549], [-2.2817461, 42.1083919], [-2.2821598, 42.131703], [-2.3182049, 42.1451806], [-2.4384616, 42.1372681], [-2.4586151, 42.1153173], [-2.4843688, 42.1063485], [-2.5144342, 42.1145368], [-2.5226561, 42.0828813], [-2.5148804, 42.0688615], [-2.5490667, 42.0515103], [-2.579909, 41.9962638], [-2.6266351, 42.0065041], [-2.6735808, 41.9980644], [-2.7051365, 42.0151367], [-2.7469612, 42.0092746], [-2.7573767, 42.0331017], [-2.7084192, 42.0862881], [-2.705947, 42.103556], [-2.7346664, 42.1249536], [-2.751173, 42.1177676], [-2.770672, 42.1249416], [-2.7916077, 42.1087522], [-2.790144, 42.0942221], [-2.8033436, 42.0804837], [-2.7979865, 42.046844], [-2.8895122, 42.0104023], [-2.9135462, 42.0228516], [-2.931176, 42.0867753], [-3.0343735, 42.0859632], [-3.0589548, 42.1269691], [-3.0856782, 42.1342204], [-3.0965724, 42.1694537], [-3.1311377, 42.1976745], [-3.1037865, 42.2136863], [-3.1017575, 42.2327597], [-3.0885894, 42.2457251], [-3.0977189, 42.2630906], [-3.0896213, 42.273049], [-3.1066649, 42.3125987], [-3.0958626, 42.3269099], [-3.1106902, 42.3385777], [-3.1096685, 42.3514485], [-3.0634622, 42.3566975], [-3.0848111, 42.3853863], [-3.1052705, 42.3863692], [-3.095738, 42.4051822], [-3.1013466, 42.4167772], [-3.0903549, 42.4223701], [-3.0781791, 42.4157504], [-3.0826522, 42.397384], [-3.0568808, 42.3702731], [-3.0632994, 42.4249096], [-3.046004, 42.4451541], [-3.064209, 42.4709477], [-3.090422, 42.477883], [-3.0946954, 42.4880744], [-3.0792921, 42.4990911], [-3.0725715, 42.528923], [-3.0893025, 42.5382776], [-3.1074558, 42.5287701], [-3.1342714, 42.5420529], [-3.1037454, 42.5531073], [-3.0823585, 42.5740179], [-3.0861956, 42.5822105], [-3.0598305, 42.5891883], [-3.0704571, 42.6214142], [-3.0864033, 42.6277166], [-3.084152, 42.6406865], [-3.0180127, 42.6321776], [-3.0047559, 42.6442647], [-2.980569, 42.635221], [-2.9464507, 42.6393166], [-2.9160082, 42.6195207], [-2.8946306, 42.6276715], [-2.8821436, 42.6207246], [-2.8786731, 42.6291214]]]}}, {"type": "Feature", "properties": {"name": "Cantabria", "admin_level": "4", "iso": "ES-CB"}, "geometry": {"type": "MultiPolygon", "coordinates": [[[[-4.5098152, 43.3931848], [-4.5098043, 43.3932354], [-4.5097346, 43.3931964], [-4.5097696, 43.3931848], [-4.5098152, 43.3931848]]], [[[-4.5118, 43.3933407], [-4.5117642, 43.3933702], [-4.5117435, 43.3933426], [-4.5117598, 43.3933213], [-4.5118, 43.3933407]]], [[[-4.4884059, 43.393526], [-4.4883791, 43.393487], [-4.4884569, 43.3935143], [-4.4884059, 43.393526]]], [[[-4.4882477, 43.3935786], [-4.4881833, 43.3935766], [-4.4882128, 43.3935396], [-4.4883308, 43.3935318], [-4.4882477, 43.3935786]]], [[[-4.4881118, 43.3936417], [-4.4882048, 43.3935942], [-4.4882772, 43.3936312], [-4.4882325, 43.3936417], [-4.4881118, 43.3936417]]], [[[-4.4882209, 43.3936624], [-4.4882316, 43.3936877], [-4.4881011, 43.3936827], [-4.4881323, 43.3936663], [-4.4882209, 43.3936624]]], [[[-4.5081923, 43.3940033], [-4.5081708, 43.3939975], [-4.5081386, 43.393976], [-4.5082327, 43.3939703], [-4.5081923, 43.3940033]]], [[[-4.5077472, 43.3940892], [-4.507664, 43.3941184], [-4.5076318, 43.394095], [-4.5076989, 43.3940814], [-4.5077472, 43.3940892]]], [[[-4.5061459, 43.3948785], [-4.5062764, 43.3949406], [-4.5062666, 43.3949779], [-4.5061726, 43.3949505], [-4.5061459, 43.3948785]]], [[[-4.5012537, 43.3951787], [-4.5012108, 43.3951475], [-4.5013824, 43.3951436], [-4.5013262, 43.3952138], [-4.501251, 43.3952157], [-4.5011947, 43.395167], [-4.5012537, 43.3951787]]], [[[-4.4854099, 43.3951826], [-4.4853804, 43.395206], [-4.4853563, 43.3951826], [-4.485376, 43.3951737], [-4.4854099, 43.3951826]]], [[[-4.4852704, 43.3951885], [-4.4853009, 43.3951893], [-4.4853589, 43.3952138], [-4.4853241, 43.3952353], [-4.4852704, 43.3951885]]], [[[-4.4852436, 43.3952411], [-4.4852436, 43.3951924], [-4.4852704, 43.3952353], [-4.4852436, 43.3952411]]], [[[-4.4851551, 43.3956134], [-4.485139, 43.3956465], [-4.4851024, 43.3956278], [-4.4851444, 43.3955978], [-4.4851551, 43.3956134]]], [[[-4.500272, 43.3957479], [-4.5003007, 43.3957502], [-4.500298, 43.3957658], [-4.500263, 43.395762], [-4.500272, 43.3957479]]], [[[-4.4906912, 43.395818], [-4.4906438, 43.395809], [-4.4907448, 43.3958219], [-4.4906939, 43.3958355], [-4.4906912, 43.395818]]], [[[-4.4999922, 43.3958223], [-4.4999796, 43.3958395], [-4.4999367, 43.3958317], [-4.4999447, 43.395818], [-4.4999922, 43.3958223]]], [[[-4.4850183, 43.3958297], [-4.4850827, 43.395855], [-4.48497, 43.3958745], [-4.4850183, 43.3958297]]], [[[-4.4989818, 43.3959876], [-4.4989952, 43.3959759], [-4.4991106, 43.3959856], [-4.4990972, 43.3959973], [-4.4989818, 43.3959876]]], [[[-4.4908038, 43.3960655], [-4.4907851, 43.3961006], [-4.4907448, 43.3960947], [-4.4907502, 43.3960655], [-4.4908038, 43.3960655]]], [[[-4.4996427, 43.3961069], [-4.4996891, 43.3961107], [-4.4998529, 43.3961193], [-4.4995934, 43.396124], [-4.4996427, 43.3961069]]], [[[-4.4992313, 43.3962253], [-4.4992071, 43.3962098], [-4.4992339, 43.3961961], [-4.4992479, 43.3962082], [-4.4992313, 43.3962253]]], [[[-4.4850719, 43.3965488], [-4.4850666, 43.3964417], [-4.4851024, 43.3964385], [-4.4851497, 43.3965099], [-4.4850719, 43.3965488]]], [[[-4.4993915, 43.3966823], [-4.5004974, 43.3961026], [-4.5014568, 43.3968889], [-4.4998698, 43.3974278], [-4.4993915, 43.3966823]]], [[[-4.4923068, 43.3969784], [-4.4922934, 43.3969453], [-4.492354, 43.396964], [-4.4923068, 43.3969784]]], [[[-4.49362, 43.3970731], [-4.4936307, 43.3970439], [-4.4936629, 43.3970673], [-4.49362, 43.3970731]]], [[[-4.4945346, 43.3974843], [-4.4945706, 43.3974656], [-4.494591, 43.3974882], [-4.4945642, 43.3975019], [-4.4945346, 43.3974843]]], [[[-4.494533, 43.3977248], [-4.4945062, 43.3976703], [-4.4948056, 43.3977532], [-4.4947626, 43.3977746], [-4.494533, 43.3977248]]], [[[-4.495047, 43.3977337], [-4.4948978, 43.3976956], [-4.4951328, 43.3976752], [-4.4952715, 43.3978049], [-4.495047, 43.3977337]]], [[[-4.4785964, 43.3948678], [-4.4785301, 43.3948591], [-4.4786347, 43.3948143], [-4.4785964, 43.3948678]]], [[[-4.480531, 43.394824], [-4.4806356, 43.3948513], [-4.4806369, 43.394949], [-4.4805179, 43.3949253], [-4.480531, 43.394824]]], [[[-4.477991, 43.3949507], [-4.477995, 43.3949154], [-4.478109, 43.3948981], [-4.478109, 43.3949195], [-4.477991, 43.3949507]]], [[[-4.4786776, 43.394978], [-4.4787206, 43.3949488], [-4.4787627, 43.3949652], [-4.4787581, 43.3949858], [-4.4786776, 43.394978]]], [[[-4.4785221, 43.3949994], [-4.4785596, 43.395015], [-4.4785274, 43.3950423], [-4.4784979, 43.3950306], [-4.4785221, 43.3949994]]], [[[-4.4841117, 43.3951339], [-4.484042, 43.3951475], [-4.4841439, 43.3951125], [-4.4841117, 43.3951339]]], [[[-4.4845623, 43.3952138], [-4.4845543, 43.3951924], [-4.4848171, 43.3952333], [-4.4848037, 43.3952586], [-4.4845623, 43.3952138]]], [[[-4.4831219, 43.3952352], [-4.4831112, 43.3952742], [-4.4830621, 43.3952609], [-4.4830978, 43.3952352], [-4.4831219, 43.3952352]]], [[[-4.4827437, 43.3954165], [-4.4825479, 43.3954788], [-4.4825135, 43.3954418], [-4.4826395, 43.3953892], [-4.4827437, 43.3954165]]], [[[-4.4850156, 43.3954263], [-4.4850773, 43.3954691], [-4.4848905, 43.395468], [-4.4848905, 43.3954368], [-4.4850156, 43.3954263]]], [[[-4.4823763, 43.3954964], [-4.4824058, 43.3954944], [-4.4824326, 43.3954827], [-4.4824223, 43.39551], [-4.4823763, 43.3954964]]], [[[-4.484852, 43.3954886], [-4.4848547, 43.3955958], [-4.4847752, 43.3955654], [-4.4847957, 43.395514], [-4.484852, 43.3954886]]], [[[-4.4825613, 43.3955217], [-4.4826472, 43.3955373], [-4.4824728, 43.3955821], [-4.4824652, 43.3955471], [-4.4825613, 43.3955217]]], [[[-4.4849271, 43.3956056], [-4.4849834, 43.3955529], [-4.4851551, 43.3954828], [-4.4849754, 43.3956562], [-4.4848288, 43.395618], [-4.4849271, 43.3956056]]], [[[-4.4766228, 43.3955571], [-4.476674, 43.395588], [-4.4766223, 43.3956396], [-4.4765552, 43.3955967], [-4.4766228, 43.3955571]]], [[[-4.4823494, 43.3956133], [-4.4823686, 43.3956426], [-4.4822475, 43.3956854], [-4.4822663, 43.3955763], [-4.4823494, 43.3956133]]], [[[-4.475778, 43.3956192], [-4.4758102, 43.3956512], [-4.4757217, 43.3956777], [-4.475778, 43.3956192]]], [[[-4.4822127, 43.3956718], [-4.482159, 43.3956874], [-4.4821375, 43.3956504], [-4.4821755, 43.3956309], [-4.4822127, 43.3956718]]], [[[-4.4840956, 43.3952469], [-4.4842056, 43.3961045], [-4.4821409, 43.3960462], [-4.4826767, 43.395551], [-4.4840956, 43.3952469]]], [[[-4.4820732, 43.3960285], [-4.4820034, 43.396044], [-4.4819663, 43.396046], [-4.4820222, 43.396007], [-4.4820732, 43.3960285]]], [[[-4.4828457, 43.3961766], [-4.4828028, 43.3961552], [-4.4829235, 43.3961493], [-4.4828886, 43.3961824], [-4.4828457, 43.3961766]]], [[[-4.4842807, 43.3961337], [-4.4841707, 43.3962175], [-4.483767, 43.396241], [-4.4842226, 43.3961189], [-4.4842807, 43.3961337]]], [[[-4.4842431, 43.3961902], [-4.4844738, 43.3961415], [-4.4842968, 43.3962682], [-4.4839535, 43.3962818], [-4.4841707, 43.3962507], [-4.4842431, 43.3961902]]], [[[-4.4844068, 43.396274], [-4.4843504, 43.3962701], [-4.4845784, 43.3961435], [-4.4844524, 43.3962877], [-4.4844068, 43.396274]]], [[[-4.4823361, 43.3963228], [-4.4822529, 43.3963384], [-4.4822137, 43.3963216], [-4.48227, 43.396306], [-4.4823361, 43.3963228]]], [[[-4.4846777, 43.3963033], [-4.4849727, 43.3964475], [-4.4850049, 43.3966443], [-4.4843612, 43.3963949], [-4.4846777, 43.3963033]]], [[[-4.4842673, 43.3965333], [-4.483991, 43.3966249], [-4.4834716, 43.3966217], [-4.4837479, 43.3965204], [-4.4842673, 43.3965333]]], [[[-4.4847259, 43.3966424], [-4.4847045, 43.3967087], [-4.4845364, 43.3966081], [-4.4846723, 43.3965566], [-4.4847259, 43.3966424]]], [[[-4.4844363, 43.3968198], [-4.4842217, 43.3968412], [-4.4841305, 43.3967886], [-4.4843638, 43.3967496], [-4.4844363, 43.3968198]]], [[[-4.7233313, 43.2582251], [-4.7060409, 43.2668676], [-4.6318833, 43.2676528], [-4.6365859, 43.2757617], [-4.6075646, 43.2986331], [-4.5516968, 43.2866931], [-4.5527852, 43.2719416], [-4.5360065, 43.2701961], [-4.5185712, 43.2940388], [-4.5229994, 43.3380929], [-4.5394565, 43.3439596], [-4.5388087, 43.3559262], [-4.5308102, 43.3587889], [-4.5348085, 43.3677787], [-4.5209117, 43.3661515], [-4.5112886, 43.3792364], [-4.5124017, 43.3933405], [-4.511014, 43.3935024], [-4.5093216, 43.3931556], [-4.5011759, 43.3951338], [-4.4966885, 43.3972953], [-4.4724272, 43.3891296], [-4.4435101, 43.397763], [-4.3815091, 43.3913966], [-4.339686, 43.4058871], [-4.3275701, 43.39125], [-4.2809663, 43.3872232], [-4.2332131, 43.4003254], [-4.1753763, 43.4008586], [-4.1113698, 43.4189103], [-4.081341, 43.4382634], [-4.0774146, 43.4307706], [-4.0584401, 43.433062], [-4.046196, 43.4450511], [-4.0329031, 43.4352604], [-4.0211755, 43.4489751], [-3.9810226, 43.4414997], [-3.945448, 43.4711722], [-3.9431474, 43.4693729], [-3.9362927, 43.4700472], [-3.9332714, 43.4678536], [-3.8620901, 43.4756524], [-3.8425586, 43.4839326], [-3.840229, 43.476994], [-3.8117388, 43.4948754], [-3.7851846, 43.4917748], [-3.7873126, 43.4855471], [-3.7783669, 43.4856055], [-3.786021, 43.4769464], [-3.7632476, 43.4672063], [-3.825358, 43.4516975], [-3.8148598, 43.4448388], [-3.8277127, 43.4425121], [-3.8153858, 43.4370429], [-3.8307037, 43.4351006], [-3.8039412, 43.4262666], [-3.828943, 43.4081181], [-3.8214488, 43.4122138], [-3.8134427, 43.3971961], [-3.8072202, 43.3946906], [-3.7885223, 43.3986424], [-3.8081479, 43.3964968], [-3.8138332, 43.4044745], [-3.8071057, 43.4174616], [-3.7792528, 43.4208104], [-3.7912014, 43.4323186], [-3.7735379, 43.4396034], [-3.7761053, 43.4494087], [-3.7652328, 43.4462859], [-3.7459383, 43.4512627], [-3.7772104, 43.4582072], [-3.7341059, 43.4586451], [-3.7235744, 43.4734278], [-3.6701626, 43.4793002], [-3.676731, 43.4819616], [-3.6448267, 43.4987021], [-3.6135696, 43.4957769], [-3.5905847, 43.5137008], [-3.5804661, 43.5045411], [-3.5463682, 43.5076759], [-3.5397163, 43.5014225], [-3.542328, 43.4979793], [-3.5403908, 43.4961917], [-3.5412908, 43.4945037], [-3.5399821, 43.4931389], [-3.5172566, 43.4942943], [-3.5148435, 43.4784078], [-3.4983015, 43.4716732], [-3.4330429, 43.4634189], [-3.4259758, 43.4442192], [-3.4514726, 43.4356169], [-3.4293016, 43.412869], [-3.414114, 43.413297], [-3.4167256, 43.4203859], [-3.3610233, 43.4117162], [-3.3237448, 43.4191295], [-3.3191518, 43.3989356], [-3.3044909, 43.4096673], [-3.2282034, 43.3964507], [-3.1941747, 43.3632375], [-3.1504269, 43.3487437], [-3.1575622, 43.3011506], [-3.1932089, 43.2984509], [-3.2094502, 43.2836049], [-3.2661428, 43.2963194], [-3.2898224, 43.2898361], [-3.294251, 43.299327], [-3.3231733, 43.2911444], [-3.3333454, 43.3021015], [-3.343126, 43.2942825], [-3.3385913, 43.2780633], [-3.3831016, 43.2703653], [-3.398904, 43.2457747], [-3.4134616, 43.2499022], [-3.4184394, 43.2410687], [-3.450912, 43.2362448], [-3.4330452, 43.206398], [-3.4334518, 43.1710449], [-3.4176076, 43.1333163], [-3.4925784, 43.1338226], [-3.5855841, 43.154503], [-3.6035435, 43.1496375], [-3.6124489, 43.1695184], [-3.6510175, 43.1810398], [-3.7046767, 43.1162749], [-3.7548816, 43.1005485], [-3.7645689, 43.0810338], [-3.8469614, 43.0843995], [-3.8507176, 43.0770507], [-3.831769, 43.0638263], [-3.849866, 43.0402179], [-3.8907461, 43.0418257], [-3.9092614, 43.0160974], [-3.9529968, 43.0001005], [-3.9909782, 42.931088], [-3.9737161, 42.9119199], [-3.9296417, 42.914699], [-3.9335431, 42.8996017], [-3.91149, 42.9233906], [-3.8912774, 42.9254855], [-3.8873833, 42.9487669], [-3.8670945, 42.9548294], [-3.840542, 42.9405467], [-3.8299267, 42.9276926], [-3.833546, 42.9179858], [-3.8520852, 42.9189483], [-3.8686051, 42.899076], [-3.9078189, 42.9145226], [-3.8929338, 42.8873627], [-3.9243488, 42.8892211], [-3.8974728, 42.8802851], [-3.9148321, 42.8600843], [-3.8798211, 42.8513257], [-3.8685014, 42.856698], [-3.8740487, 42.8751168], [-3.8637358, 42.8898104], [-3.8347878, 42.8773632], [-3.8253535, 42.8686333], [-3.8337757, 42.8521737], [-3.8165122, 42.8359261], [-3.8160319, 42.8105612], [-3.8232767, 42.7988564], [-3.862043, 42.7865224], [-3.8944461, 42.8045377], [-3.9096645, 42.7864431], [-3.9109527, 42.7683857], [-3.9305886, 42.7744871], [-3.9656942, 42.7585987], [-3.9996518, 42.7689788], [-4.0035551, 42.8314075], [-4.0207799, 42.8193499], [-4.0141829, 42.8063774], [-4.0329201, 42.8012569], [-4.0298692, 42.7883433], [-4.0460996, 42.7857827], [-4.0459117, 42.7666111], [-4.0546875, 42.7630274], [-4.0813396, 42.7614641], [-4.10517, 42.7930273], [-4.1499147, 42.7893091], [-4.1854295, 42.8172971], [-4.1580672, 42.8374822], [-4.1406827, 42.829104], [-4.1261196, 42.8566369], [-4.1499013, 42.8711336], [-4.1996935, 42.8445706], [-4.2142339, 42.8471731], [-4.2257, 42.8588843], [-4.2309103, 42.9030718], [-4.2225653, 42.9109776], [-4.2367027, 42.9171115], [-4.2402491, 42.9565335], [-4.3484849, 42.9725812], [-4.3981161, 43.034868], [-4.4475511, 43.0585396], [-4.4627522, 43.0605346], [-4.4757132, 43.0387023], [-4.5209199, 43.0473767], [-4.5584487, 43.0195147], [-4.6060841, 43.0357674], [-4.6381314, 43.0166729], [-4.6903562, 43.0263771], [-4.7371817, 43.0210155], [-4.7432966, 43.0267926], [-4.7323649, 43.0470303], [-4.7661589, 43.0556238], [-4.7664974, 43.0745466], [-4.8169033, 43.0926584], [-4.8513916, 43.1259163], [-4.8345665, 43.1574627], [-4.8517354, 43.1728722], [-4.7789942, 43.1920817], [-4.7368691, 43.1870119], [-4.7307831, 43.2232059], [-4.7210105, 43.2295085], [-4.7309447, 43.2573358], [-4.7233313, 43.2582251]]], [[[-4.4649235, 43.3936562], [-4.4648096, 43.3938436], [-4.4646255, 43.3938217], [-4.4646522, 43.3936392], [-4.4649235, 43.3936562]]], [[[-4.4650407, 43.3938606], [-4.464967, 43.3938071], [-4.4650239, 43.3937243], [-4.4650741, 43.3938314], [-4.4650407, 43.3938606]]], [[[-4.4643605, 43.3937318], [-4.4643784, 43.3938458], [-4.4642304, 43.3939725], [-4.4641276, 43.3937416], [-4.4643605, 43.3937318]]], [[[-4.4528653, 43.394709], [-4.4529807, 43.3947431], [-4.4529923, 43.3948295], [-4.4528479, 43.3947821], [-4.4528653, 43.394709]]], [[[-4.4758987, 43.3960947], [-4.4753125, 43.395953], [-4.4753202, 43.3957794], [-4.4755631, 43.3955687], [-4.4757512, 43.3956075], [-4.4756922, 43.3956874], [-4.4759363, 43.3958169], [-4.4758987, 43.3960947]]], [[[-4.4754563, 43.3961669], [-4.4754686, 43.3962036], [-4.4752981, 43.3961825], [-4.4753858, 43.3961366], [-4.4754563, 43.3961669]]], [[[-4.437888, 43.3962978], [-4.437401, 43.3962369], [-4.4373193, 43.3961711], [-4.4375312, 43.3960561], [-4.437888, 43.3962978]]], [[[-3.7971507, 43.416394], [-3.7972632, 43.4164678], [-3.7972025, 43.4165482], [-3.7969911, 43.4163936], [-3.7971507, 43.416394]]], [[[-3.7942826, 43.4174205], [-3.794548, 43.4172623], [-3.7948485, 43.4175151], [-3.7943777, 43.4177007], [-3.7942826, 43.4174205]]], [[[-3.7932809, 43.4181208], [-3.7936515, 43.4180608], [-3.7936691, 43.4183173], [-3.7933536, 43.4183409], [-3.7932809, 43.4181208]]], [[[-3.7948501, 43.4181018], [-3.7954285, 43.4182824], [-3.7940006, 43.4182753], [-3.7942422, 43.4181088], [-3.7948501, 43.4181018]]], [[[-3.7918807, 43.4299034], [-3.7924029, 43.4301714], [-3.7924185, 43.4302409], [-3.7913846, 43.4299641], [-3.7918807, 43.4299034]]], [[[-3.7966853, 43.4337501], [-3.7968344, 43.4335136], [-3.7970055, 43.4335873], [-3.7969429, 43.4337247], [-3.7966853, 43.4337501]]], [[[-4.0217889, 43.4511995], [-4.0212658, 43.4511453], [-4.0207606, 43.450571], [-4.0227361, 43.4508407], [-4.0217889, 43.4511995]]], [[[-4.0156629, 43.4523871], [-4.0157765, 43.4521004], [-4.0163464, 43.4521764], [-4.016079, 43.4524272], [-4.0156629, 43.4523871]]], [[[-4.0132325, 43.4522609], [-4.0138412, 43.4524972], [-4.0139592, 43.4526995], [-4.012993, 43.4529479], [-4.0132325, 43.4522609]]], [[[-4.0247334, 43.4531503], [-4.0210997, 43.4529607], [-4.0209593, 43.4526969], [-4.0264144, 43.4530767], [-4.0247334, 43.4531503]]], [[[-4.0158633, 43.4530472], [-4.0154474, 43.4529001], [-4.0154065, 43.4526875], [-4.0162732, 43.4526805], [-4.0158633, 43.4530472]]], [[[-3.9432256, 43.4708452], [-3.9424746, 43.4708764], [-3.941977, 43.470475], [-3.9425926, 43.4703338], [-3.9432256, 43.4708452]]], [[[-3.7316975, 43.4719079], [-3.7317333, 43.471916], [-3.7316364, 43.4719362], [-3.7316603, 43.4719236], [-3.7316975, 43.4719079]]], [[[-3.7318192, 43.4722254], [-3.7318487, 43.4722605], [-3.7317791, 43.4722665], [-3.7318192, 43.4722254]]], [[[-3.9328722, 43.4730876], [-3.9335696, 43.4726749], [-3.9339988, 43.47329], [-3.933565, 43.473366], [-3.9328722, 43.4730876]]], [[[-3.9320523, 43.4734031], [-3.9322083, 43.472929], [-3.9326902, 43.4731282], [-3.9323602, 43.4733891], [-3.9320523, 43.4734031]]], [[[-3.8919962, 43.4739471], [-3.8922451, 43.4740918], [-3.8917368, 43.4742038], [-3.8917339, 43.4741214], [-3.8919962, 43.4739471]]], [[[-3.9262079, 43.4738538], [-3.9265671, 43.4740975], [-3.9256395, 43.4740693], [-3.9259125, 43.4739784], [-3.9262079, 43.4738538]]], [[[-3.8915469, 43.4742117], [-3.891652, 43.4742942], [-3.8914393, 43.4743746], [-3.891465, 43.4742589], [-3.8915469, 43.4742117]]], [[[-3.9096382, 43.4752738], [-3.9090005, 43.4773074], [-3.9062603, 43.4777441], [-3.9085657, 43.4756191], [-3.9096382, 43.4752738]]], [[[-3.8765348, 43.4777236], [-3.8793551, 43.4775746], [-3.8799439, 43.4797993], [-3.8752231, 43.4804118], [-3.8765348, 43.4777236]]], [[[-3.2873157, 43.2617393], [-3.2673825, 43.2674466], [-3.2491749, 43.259649], [-3.2697736, 43.2320499], [-3.2658028, 43.2061647], [-3.2848167, 43.1971702], [-3.2973063, 43.2065027], [-3.2925886, 43.2408275], [-3.3057485, 43.2533586], [-3.2873157, 43.2617393]]], [[[-3.1683203, 43.3560032], [-3.1684033, 43.3560578], [-3.1681483, 43.3560808], [-3.1681819, 43.356055], [-3.1683203, 43.3560032]]], [[[-3.4086834, 43.4170195], [-3.4088721, 43.4169056], [-3.409177, 43.4174251], [-3.4086806, 43.4172009], [-3.4086834, 43.4170195]]], [[[-3.4104055, 43.4183821], [-3.4101815, 43.4185487], [-3.410089, 43.4180315], [-3.4105092, 43.4181937], [-3.4104055, 43.4183821]]], [[[-3.7311289, 43.4702465], [-3.7311882, 43.470281], [-3.7310413, 43.4703782], [-3.731121, 43.4701748], [-3.7311289, 43.4702465]]], [[[-3.7283027, 43.4714547], [-3.7283752, 43.4714021], [-3.7284288, 43.4714002], [-3.7284205, 43.4714098], [-3.7283027, 43.4714547]]], [[[-3.7315799, 43.4714608], [-3.7316131, 43.4714986], [-3.7316105, 43.4715057], [-3.7315486, 43.4714732], [-3.7315799, 43.4714608]]], [[[-3.7315846, 43.4715398], [-3.731605, 43.4715726], [-3.7315299, 43.4716044], [-3.7314905, 43.4715909], [-3.7315846, 43.4715398]]], [[[-3.7282339, 43.4716871], [-3.728457, 43.4715665], [-3.7285059, 43.4715819], [-3.7284033, 43.4717355], [-3.7282339, 43.4716871]]], [[[-3.7306295, 43.4699823], [-3.7318469, 43.4727519], [-3.7290683, 43.4767199], [-3.727384, 43.4713143], [-3.7306295, 43.4699823]]], [[[-3.7315959, 43.4742749], [-3.7315971, 43.4742069], [-3.7316253, 43.4742034], [-3.7316289, 43.4743132], [-3.7315959, 43.4742749]]], [[[-3.7274987, 43.4743625], [-3.7276578, 43.4744715], [-3.727481, 43.4746991], [-3.7273794, 43.4743048], [-3.7274987, 43.4743625]]], [[[-3.728341, 43.4762062], [-3.7284262, 43.4761495], [-3.7284408, 43.4761653], [-3.7283766, 43.4762341], [-3.728341, 43.4762062]]], [[[-3.7285842, 43.4764142], [-3.7284814, 43.476392], [-3.7287615, 43.4762779], [-3.7287572, 43.4763877], [-3.7285842, 43.4764142]]], [[[-3.7285802, 43.4764493], [-3.7286285, 43.4764259], [-3.7286596, 43.4764531], [-3.728598, 43.4764888], [-3.7285802, 43.4764493]]], [[[-3.7298151, 43.4765334], [-3.7297849, 43.4764915], [-3.7298749, 43.4764953], [-3.7298151, 43.4765334]]], [[[-3.5140492, 43.4864897], [-3.5139929, 43.4866395], [-3.5138031, 43.4866939], [-3.5138753, 43.4864755], [-3.5140492, 43.4864897]]], [[[-3.5311878, 43.4930538], [-3.5309572, 43.4931491], [-3.5308043, 43.492793], [-3.5309464, 43.492756], [-3.5311878, 43.4930538]]], [[[-3.5249415, 43.4940566], [-3.524801, 43.4942151], [-3.524659, 43.4941122], [-3.5247271, 43.4939683], [-3.5249415, 43.4940566]]], [[[-3.522932, 43.4942698], [-3.5230842, 43.494228], [-3.5232083, 43.4943648], [-3.5231479, 43.4943779], [-3.522932, 43.4942698]]], [[[-3.5397186, 43.4945078], [-3.5401458, 43.4940511], [-3.5406757, 43.4942519], [-3.5400086, 43.494814], [-3.5397186, 43.4945078]]], [[[-3.5404625, 43.4946547], [-3.5406836, 43.494696], [-3.5408277, 43.4950703], [-3.5402179, 43.4950241], [-3.5404625, 43.4946547]]], [[[-3.5235898, 43.49495], [-3.5234293, 43.4955675], [-3.5226887, 43.4953413], [-3.5232272, 43.4946275], [-3.5235898, 43.49495]]], [[[-3.5264884, 43.4958192], [-3.5256734, 43.495922], [-3.5248307, 43.4951019], [-3.5259836, 43.4951372], [-3.5264884, 43.4958192]]], [[[-3.5292579, 43.4962701], [-3.5281572, 43.4968651], [-3.5267576, 43.4961511], [-3.5277187, 43.4952328], [-3.5292579, 43.4962701]]], [[[-3.525102, 43.4966269], [-3.5249578, 43.4969337], [-3.5247325, 43.4966286], [-3.5249566, 43.496524], [-3.525102, 43.4966269]]], [[[-3.5247948, 43.4981536], [-3.5245775, 43.4980757], [-3.5247653, 43.4979084], [-3.5248122, 43.4979522], [-3.5247948, 43.4981536]]]]}}, {"type": "Feature", "properties": {"name": "Navarra / Nafarroa", "admin_level": "4", "iso": "ES-NC"}, "geometry": {"type": "MultiPolygon", "coordinates": [[[[-1.1450386, 42.4412639], [-1.1592831, 42.4094608], [-1.188637, 42.4024989], [-1.1824682, 42.4250863], [-1.1450386, 42.4412639]]], [[[-1.0861543, 42.4784158], [-1.0543639, 42.4486216], [-1.0571171, 42.4338633], [-1.1294148, 42.4466204], [-1.1027852, 42.4848431], [-1.0861543, 42.4784158]]], [[[-0.7306533, 42.9333069], [-0.7254759, 42.9196105], [-0.7832127, 42.9217253], [-0.819095, 42.9006685], [-0.8185335, 42.8693666], [-0.856833, 42.8468853], [-0.8514406, 42.8075866], [-0.860007, 42.7985622], [-0.8475329, 42.7859197], [-0.8648378, 42.7633536], [-0.9005353, 42.7604661], [-0.9004993, 42.743086], [-0.9241096, 42.744126], [-0.9483751, 42.7115689], [-1.0273842, 42.7007445], [-1.0390979, 42.6913124], [-1.0317652, 42.6742503], [-1.0400053, 42.6483293], [-1.0530192, 42.642569], [-1.1550319, 42.6476715], [-1.1568989, 42.6104905], [-1.1719183, 42.6170631], [-1.1800384, 42.6078619], [-1.1580347, 42.5991541], [-1.2019205, 42.5782389], [-1.2027905, 42.5496603], [-1.2261663, 42.542244], [-1.2647694, 42.556803], [-1.2707119, 42.5489411], [-1.2934757, 42.5109553], [-1.2751123, 42.4957579], [-1.2727803, 42.4818992], [-1.2813612, 42.4644494], [-1.3152066, 42.4492197], [-1.341508, 42.4239376], [-1.3599048, 42.3780391], [-1.3362206, 42.372006], [-1.3290828, 42.3553855], [-1.399082, 42.2912998], [-1.3913707, 42.2721174], [-1.4175303, 42.2123676], [-1.3919061, 42.1814183], [-1.3988815, 42.1262194], [-1.3667595, 42.1069611], [-1.3522772, 42.0730705], [-1.3105928, 42.0723126], [-1.3048225, 42.0429494], [-1.3395203, 42.0180139], [-1.3743535, 41.9619998], [-1.3859854, 41.9572466], [-1.3822347, 41.9433423], [-1.4035523, 41.9350757], [-1.4182446, 41.9135827], [-1.4776017, 41.924905], [-1.501761, 41.9242772], [-1.5233068, 41.9098937], [-1.5592557, 41.9139442], [-1.5962518, 41.9270926], [-1.6148243, 41.9505279], [-1.6541458, 41.9653515], [-1.6754648, 41.9667521], [-1.686818, 41.9528504], [-1.715221, 41.9569635], [-1.7413595, 41.9683669], [-1.7668965, 41.9957893], [-1.833703, 41.9950648], [-1.9015767, 42.02968], [-1.9084787, 42.0586765], [-1.9023008, 42.0738631], [-1.8402755, 42.1281278], [-1.8324167, 42.1482311], [-1.8216189, 42.1535695], [-1.7790049, 42.1377049], [-1.7647091, 42.1504128], [-1.7397421, 42.1497359], [-1.7198949, 42.1334397], [-1.679659, 42.1516893], [-1.7008973, 42.1731236], [-1.6795278, 42.1911437], [-1.7042399, 42.1920293], [-1.7092392, 42.2099898], [-1.8023258, 42.2234288], [-1.819552, 42.232082], [-1.8192187, 42.2486408], [-1.8297267, 42.2441374], [-1.8497905, 42.2592545], [-1.8557595, 42.2496507], [-1.8722764, 42.2526694], [-1.8706581, 42.288966], [-1.9138175, 42.3001095], [-1.907061, 42.3084749], [-1.9189658, 42.3161439], [-1.9185134, 42.3269648], [-1.93152, 42.3221876], [-1.9422851, 42.335184], [-1.9645207, 42.33382], [-1.9695926, 42.352499], [-1.9955203, 42.3636084], [-2.0160153, 42.3692979], [-2.0702987, 42.3428118], [-2.089961, 42.3469713], [-2.0784706, 42.368308], [-2.0928115, 42.3758218], [-2.0891201, 42.3849875], [-2.1155142, 42.3990815], [-2.10508, 42.4159404], [-2.1119025, 42.4199561], [-2.1517761, 42.4186285], [-2.1750366, 42.4077664], [-2.186111, 42.4187698], [-2.2165055, 42.4159981], [-2.2120751, 42.4213533], [-2.2349657, 42.4261464], [-2.240964, 42.4418295], [-2.2763885, 42.4466697], [-2.2880124, 42.46736], [-2.2968835, 42.4681444], [-2.298719, 42.4574117], [-2.3299876, 42.4688024], [-2.3318368, 42.4540078], [-2.3442339, 42.4515362], [-2.3526075, 42.4656441], [-2.4000087, 42.4714323], [-2.4205823, 42.4892343], [-2.4241498, 42.5094923], [-2.3923583, 42.5162191], [-2.4010534, 42.5385049], [-2.3896719, 42.5489366], [-2.3963776, 42.5986263], [-2.4210697, 42.6069248], [-2.453242, 42.5668107], [-2.4622308, 42.5873607], [-2.4903448, 42.5850211], [-2.4999443, 42.616265], [-2.4826393, 42.6119606], [-2.4501969, 42.6469705], [-2.4158593, 42.6626537], [-2.3768131, 42.650716], [-2.3818966, 42.6473517], [-2.3719302, 42.6431816], [-2.3823073, 42.6338488], [-2.3447007, 42.6341542], [-2.3317778, 42.6459206], [-2.2890303, 42.6548233], [-2.2936621, 42.6773975], [-2.3049865, 42.669875], [-2.316885, 42.6825178], [-2.3127122, 42.7085253], [-2.3240256, 42.7229381], [-2.3170506, 42.7392094], [-2.262201, 42.7478667], [-2.2811418, 42.7850383], [-2.2688591, 42.7945531], [-2.2679082, 42.813242], [-2.2333739, 42.841726], [-2.2414573, 42.8857725], [-2.2531062, 42.8926143], [-2.2385115, 42.8955797], [-2.2329896, 42.932144], [-2.1991351, 42.9511762], [-2.1809603, 42.9351265], [-2.1176322, 42.9422465], [-2.103729, 42.9492613], [-2.0952354, 42.9725533], [-2.0383383, 42.9809944], [-2.0285028, 42.9986596], [-2.0412373, 43.0286594], [-2.0195536, 43.0492626], [-2.024404, 43.0666217], [-1.9475253, 43.0975267], [-1.901952, 43.1358544], [-1.9206885, 43.1506295], [-1.914152, 43.2251714], [-1.9032573, 43.2113084], [-1.8901705, 43.2072832], [-1.8872428, 43.2146205], [-1.8819075, 43.2067885], [-1.8738668, 43.2203066], [-1.8809267, 43.228777], [-1.8676943, 43.2305016], [-1.860575, 43.2120888], [-1.8493576, 43.2279324], [-1.8336643, 43.2243518], [-1.7950639, 43.246278], [-1.7941941, 43.276468], [-1.783243, 43.2868198], [-1.7295517, 43.2940813], [-1.6953808, 43.3118689], [-1.6240223, 43.3060004], [-1.6306801, 43.2850235], [-1.6087888, 43.2518507], [-1.5751906, 43.249933], [-1.557016, 43.2794061], [-1.5650433, 43.2880369], [-1.5353209, 43.2946667], [-1.5059426, 43.2934816], [-1.4924131, 43.280554], [-1.4384663, 43.2665676], [-1.4132586, 43.2734978], [-1.3789242, 43.2500788], [-1.3812836, 43.1896809], [-1.4019851, 43.1776565], [-1.4020823, 43.1565854], [-1.4163837, 43.1494056], [-1.4142966, 43.1285072], [-1.4730981, 43.0867742], [-1.4412466, 43.0462726], [-1.3538887, 43.0282948], [-1.3428186, 43.054059], [-1.3460563, 43.0907342], [-1.3323197, 43.1078372], [-1.2699696, 43.1183245], [-1.2997747, 43.0923714], [-1.3098527, 43.0693647], [-1.2710864, 43.0552088], [-1.263581, 43.044018], [-1.247621, 43.0426151], [-1.2292925, 43.0554486], [-1.145425, 43.0258791], [-1.1416609, 43.0076101], [-1.1115121, 43.023998], [-1.0724683, 42.9978373], [-1.016704, 42.9951161], [-0.9969425, 42.9753594], [-0.9448544, 42.9534378], [-0.90827, 42.9644981], [-0.8655758, 42.9510452], [-0.8105224, 42.951292], [-0.7932533, 42.9630318], [-0.7554296, 42.9680905], [-0.7306533, 42.9333069]]]]}}, {"type": "Feature", "properties": {"name": "Asturias / Asturies", "admin_level": "4", "iso": "ES-AS"}, "geometry": {"type": "MultiPolygon", "coordinates": [[[[-6.9874246, 43.5589367], [-6.9880793, 43.5577733], [-6.9895229, 43.5584522], [-6.9886921, 43.5591107], [-6.9874246, 43.5589367]]], [[[-6.9865428, 43.5611248], [-6.9847183, 43.561598], [-6.986109, 43.5598135], [-6.9874629, 43.5594104], [-6.9865428, 43.5611248]]], [[[-6.985869, 43.5616506], [-6.9857643, 43.5619658], [-6.9855313, 43.5619391], [-6.985869, 43.5616506]]], [[[-6.9883105, 43.561978], [-6.9883481, 43.5618381], [-6.9885331, 43.5618303], [-6.9884446, 43.561943], [-6.9883105, 43.561978]]], [[[-6.9888255, 43.5624095], [-6.9888309, 43.5622326], [-6.9889542, 43.5622482], [-6.9889033, 43.56239], [-6.9888255, 43.5624095]]], [[[-6.8763766, 43.5638633], [-6.8769184, 43.5641334], [-6.876722, 43.564468], [-6.8759501, 43.564079], [-6.8763766, 43.5638633]]], [[[-6.8259903, 43.5643773], [-6.8263265, 43.5642439], [-6.827137, 43.564562], [-6.8261464, 43.5653795], [-6.8259903, 43.5643773]]], [[[-6.3149334, 43.5648898], [-6.3151154, 43.5651865], [-6.3147035, 43.565582], [-6.3143371, 43.565267], [-6.3149334, 43.5648898]]], [[[-6.3098525, 43.5654695], [-6.3095906, 43.5657282], [-6.309416, 43.5657148], [-6.3094848, 43.5656267], [-6.3098525, 43.5654695]]], [[[-6.87255, 43.56621], [-6.873105, 43.56545], [-6.873811, 43.565463], [-6.87306, 43.566732], [-6.87255, 43.56621]]], [[[-6.7522869, 43.5657213], [-6.7534643, 43.5662635], [-6.7521501, 43.5675365], [-6.7517906, 43.5667183], [-6.7522869, 43.5657213]]], [[[-6.8744151, 43.5670886], [-6.8733611, 43.5669406], [-6.8735651, 43.5661746], [-6.8744551, 43.5659346], [-6.8744151, 43.5670886]]], [[[-6.3095398, 43.5671103], [-6.3099694, 43.5670208], [-6.3092593, 43.5675577], [-6.3092876, 43.5673247], [-6.3095398, 43.5671103]]], [[[-6.8712506, 43.5682137], [-6.8709499, 43.5689124], [-6.8703835, 43.5690763], [-6.8705374, 43.5683465], [-6.8712506, 43.5682137]]], [[[-6.8562188, 43.5687723], [-6.8563788, 43.5686392], [-6.8569123, 43.5686778], [-6.8564381, 43.5690558], [-6.8562188, 43.5687723]]], [[[-6.894836, 43.5690425], [-6.8947328, 43.5692888], [-6.8943623, 43.5694097], [-6.894702, 43.569053], [-6.894836, 43.5690425]]], [[[-6.462484, 43.5696837], [-6.4624295, 43.5698051], [-6.4621894, 43.5697495], [-6.4623751, 43.569615], [-6.462484, 43.5696837]]], [[[-6.2979033, 43.5694504], [-6.2987828, 43.5692785], [-6.2963229, 43.5705213], [-6.2968358, 43.5693999], [-6.2979033, 43.5694504]]], [[[-6.4620446, 43.5703996], [-6.4615172, 43.5705189], [-6.4613986, 43.5699644], [-6.4621843, 43.569886], [-6.4620446, 43.5703996]]], [[[-6.2931867, 43.5700919], [-6.2933151, 43.5700454], [-6.2939267, 43.5703214], [-6.2937929, 43.5704183], [-6.2931867, 43.5700919]]], [[[-6.2977263, 43.5704143], [-6.2982466, 43.570325], [-6.2972167, 43.5708069], [-6.297324, 43.5706281], [-6.2977263, 43.5704143]]], [[[-6.8910445, 43.5707121], [-6.8899566, 43.5716272], [-6.8897259, 43.571534], [-6.8903866, 43.5707207], [-6.8910445, 43.5707121]]], [[[-6.2888229, 43.5711573], [-6.2889808, 43.5710715], [-6.2891633, 43.5713647], [-6.2886748, 43.5714612], [-6.2888229, 43.5711573]]], [[[-6.2926692, 43.5718448], [-6.2928227, 43.5716047], [-6.2932832, 43.5715845], [-6.2930774, 43.5717993], [-6.2926692, 43.5718448]]], [[[-6.2936217, 43.571726], [-6.293688, 43.5718347], [-6.2931821, 43.5719788], [-6.2933321, 43.5717336], [-6.2936217, 43.571726]]], [[[-6.2832677, 43.5717984], [-6.283311, 43.571946], [-6.2830964, 43.5719883], [-6.2830654, 43.5717784], [-6.2832677, 43.5717984]]], [[[-6.2929693, 43.5723397], [-6.2943903, 43.571968], [-6.2946074, 43.5721252], [-6.2930581, 43.5726901], [-6.2929693, 43.5723397]]], [[[-6.2876756, 43.572744], [-6.2877545, 43.572458], [-6.2878335, 43.572365], [-6.2880407, 43.5728012], [-6.2876756, 43.572744]]], [[[-6.294777, 43.5728237], [-6.2949235, 43.5724294], [-6.2953283, 43.5725507], [-6.2951957, 43.5728692], [-6.294777, 43.5728237]]], [[[-6.9415807, 43.5730899], [-6.9411914, 43.5729528], [-6.9419339, 43.5724903], [-6.9420511, 43.5727546], [-6.9415807, 43.5730899]]], [[[-6.2810287, 43.5731763], [-6.2818661, 43.5730534], [-6.2818636, 43.5740579], [-6.2811762, 43.574089], [-6.2810287, 43.5731763]]], [[[-6.9463689, 43.5737912], [-6.9468293, 43.5737397], [-6.9476646, 43.5733023], [-6.9478948, 43.5733137], [-6.9451515, 43.5747679], [-6.9463689, 43.5737912]]], [[[-6.9471888, 43.5740713], [-6.9476345, 43.5742182], [-6.9469491, 43.5747504], [-6.9467385, 43.5740835], [-6.9471888, 43.5740713]]], [[[-6.9495063, 43.57557], [-6.9499944, 43.5757546], [-6.9489403, 43.5760538], [-6.9494097, 43.5755661], [-6.9495063, 43.57557]]], [[[-6.249034, 43.5833339], [-6.2493349, 43.5833256], [-6.2486959, 43.5837168], [-6.2487614, 43.5835783], [-6.249034, 43.5833339]]], [[[-6.2471433, 43.5874037], [-6.2470334, 43.5875654], [-6.2469625, 43.5875372], [-6.246959, 43.587473], [-6.2471433, 43.5874037]]], [[[-6.2459561, 43.5875038], [-6.2461333, 43.5872292], [-6.2466401, 43.587355], [-6.246229, 43.5878298], [-6.2459561, 43.5875038]]], [[[-6.2465125, 43.5880326], [-6.2467145, 43.5881096], [-6.2462892, 43.5885049], [-6.2462999, 43.5882123], [-6.2465125, 43.5880326]]], [[[-6.2459703, 43.5889669], [-6.2459739, 43.5887641], [-6.2461121, 43.5886666], [-6.2461758, 43.588723], [-6.2459703, 43.5889669]]], [[[-6.1071142, 43.5632646], [-6.1068949, 43.5634495], [-6.1069492, 43.5630271], [-6.1070541, 43.5630408], [-6.1071142, 43.5632646]]], [[[-6.1379947, 43.5651551], [-6.1376963, 43.5650639], [-6.1377388, 43.5648541], [-6.1381242, 43.5647897], [-6.1379947, 43.5651551]]], [[[-6.1551516, 43.5692041], [-6.1547689, 43.5698917], [-6.154302, 43.5695688], [-6.1548092, 43.569101], [-6.1551516, 43.5692041]]], [[[-6.1501711, 43.5703442], [-6.1502757, 43.5703869], [-6.149935, 43.5705424], [-6.1499619, 43.5703694], [-6.1501711, 43.5703442]]], [[[-6.1502099, 43.570631], [-6.150177, 43.5709759], [-6.1497532, 43.5708302], [-6.149839, 43.5706981], [-6.1502099, 43.570631]]], [[[-6.1496304, 43.5715547], [-6.149529, 43.5715992], [-6.1494583, 43.5714344], [-6.1496273, 43.57141], [-6.1496304, 43.5715547]]], [[[-6.0510987, 43.5747934], [-6.0510386, 43.574917], [-6.0509106, 43.5746866], [-6.0510463, 43.5746852], [-6.0510987, 43.5747934]]], [[[-6.1912438, 43.5795015], [-6.1909543, 43.5795125], [-6.1912547, 43.5792016], [-6.1912652, 43.5797541], [-6.1912438, 43.5795015]]], [[[-6.1917319, 43.5800416], [-6.1918556, 43.5799594], [-6.192274, 43.5800138], [-6.1920055, 43.5803311], [-6.1917319, 43.5800416]]], [[[-5.9666663, 43.581139], [-5.9664508, 43.5812462], [-5.9665318, 43.5807347], [-5.9667601, 43.5807682], [-5.9666663, 43.581139]]], [[[-6.1936734, 43.5811603], [-6.1918826, 43.5820916], [-6.1915122, 43.5811121], [-6.1922313, 43.5804773], [-6.1936734, 43.5811603]]], [[[-6.191474, 43.5822826], [-6.1909633, 43.5825199], [-6.1907414, 43.5822392], [-6.191231, 43.5821551], [-6.191474, 43.5822826]]], [[[-6.2227758, 43.5825442], [-6.2226038, 43.5827601], [-6.2220999, 43.5828939], [-6.2221836, 43.582761], [-6.2227758, 43.5825442]]], [[[-6.2088515, 43.5854488], [-6.2086302, 43.5856443], [-6.2086387, 43.5849893], [-6.2089126, 43.5851735], [-6.2088515, 43.5854488]]], [[[-6.2257318, 43.586189], [-6.2257215, 43.586463], [-6.2256262, 43.5864642], [-6.2256073, 43.5862094], [-6.2257318, 43.586189]]], [[[-6.225346, 43.586631], [-6.2254067, 43.5865586], [-6.2256419, 43.5865898], [-6.2254274, 43.5867394], [-6.225346, 43.586631]]], [[[-6.020494, 43.5878927], [-6.0207301, 43.5876012], [-6.0209983, 43.5875041], [-6.0209447, 43.5876362], [-6.020494, 43.5878927]]], [[[-6.0202732, 43.5881432], [-6.0200568, 43.588269], [-6.0199746, 43.5882006], [-6.0202427, 43.58796], [-6.0202732, 43.5881432]]], [[[-6.2459136, 43.5881045], [-6.2460057, 43.5879556], [-6.2459597, 43.5883894], [-6.2458853, 43.5883817], [-6.2459136, 43.5881045]]], [[[-6.2454033, 43.5886024], [-6.2453502, 43.5884946], [-6.2454246, 43.5884356], [-6.2454742, 43.5884689], [-6.2454033, 43.5886024]]], [[[-6.0343079, 43.5891044], [-6.0334952, 43.5912637], [-6.0305941, 43.5919243], [-6.0323528, 43.5888647], [-6.0343079, 43.5891044]]], [[[-6.2266064, 43.5904577], [-6.2271403, 43.5906333], [-6.2271081, 43.591356], [-6.2266843, 43.5909172], [-6.2266064, 43.5904577]]], [[[-6.2328074, 43.5910493], [-6.2328532, 43.591303], [-6.2327015, 43.5913835], [-6.2326562, 43.5912275], [-6.2328074, 43.5910493]]], [[[-6.2341913, 43.5911858], [-6.2341012, 43.5915931], [-6.233822, 43.5914539], [-6.2339928, 43.5911158], [-6.2341913, 43.5911858]]], [[[-6.2457691, 43.5914697], [-6.2461392, 43.5917721], [-6.2460951, 43.5919298], [-6.2457111, 43.5919421], [-6.2457691, 43.5914697]]], [[[-6.2324037, 43.5916677], [-6.2321185, 43.5924516], [-6.231434, 43.5922348], [-6.2318631, 43.5914189], [-6.2324037, 43.5916677]]], [[[-6.0327222, 43.592419], [-6.0322684, 43.5926251], [-6.0325299, 43.5917838], [-6.0331838, 43.5916501], [-6.0327222, 43.592419]]], [[[-6.2450295, 43.5936326], [-6.2448837, 43.5933798], [-6.2449986, 43.5933225], [-6.2450917, 43.5934404], [-6.2450295, 43.5936326]]], [[[-6.2371169, 43.593291], [-6.2367784, 43.5937706], [-6.2364728, 43.5936127], [-6.236855, 43.5932278], [-6.2371169, 43.593291]]], [[[-6.2381858, 43.5933879], [-6.2375169, 43.5938452], [-6.2373393, 43.5932595], [-6.2381424, 43.5931684], [-6.2381858, 43.5933879]]], [[[-6.244074, 43.5953829], [-6.2444388, 43.5961736], [-6.2427795, 43.595919], [-6.2430266, 43.5952195], [-6.244074, 43.5953829]]], [[[-6.2438523, 43.596575], [-6.2437713, 43.5967769], [-6.2437362, 43.5963805], [-6.2439389, 43.5963386], [-6.2438523, 43.596575]]], [[[-5.9008429, 43.6281952], [-5.9005549, 43.6281952], [-5.9005952, 43.6279733], [-5.9008429, 43.6280652], [-5.9008429, 43.6281952]]], [[[-5.8901534, 43.629004], [-5.8901871, 43.6287957], [-5.8903689, 43.6287667], [-5.890331, 43.6289262], [-5.8901534, 43.629004]]], [[[-5.8779908, 43.628785], [-5.8779247, 43.6289674], [-5.8777414, 43.6290282], [-5.8777083, 43.6287684], [-5.8779908, 43.628785]]], [[[-5.8774411, 43.6291432], [-5.8772709, 43.6296521], [-5.8769358, 43.6294321], [-5.8770129, 43.6289669], [-5.8774411, 43.6291432]]], [[[-5.8801437, 43.6306699], [-5.8803771, 43.6305343], [-5.8801898, 43.6309786], [-5.8798699, 43.6308827], [-5.8801437, 43.6306699]]], [[[-5.8808325, 43.6312352], [-5.8807604, 43.6313457], [-5.8805472, 43.6312852], [-5.8808959, 43.6311455], [-5.8808325, 43.6312352]]], [[[-5.8672021, 43.6623202], [-5.8672461, 43.6623801], [-5.8671545, 43.6625189], [-5.8670735, 43.6624106], [-5.8672021, 43.6623202]]], [[[-5.820544, 42.9666207], [-5.8431315, 42.9642785], [-5.8639107, 42.9813818], [-5.8891502, 42.9790271], [-5.8871864, 42.994087], [-5.9134143, 42.9924413], [-5.9567714, 43.0183292], [-5.9696569, 43.040835], [-5.962159, 43.0529438], [-5.9738401, 43.0653075], [-6.0209282, 43.0537855], [-6.0812883, 43.0758955], [-6.0921826, 43.0668073], [-6.0959636, 43.0312778], [-6.1366674, 43.0209929], [-6.1784013, 43.0477984], [-6.2155598, 43.0472004], [-6.229842, 43.0230311], [-6.2268082, 43.0089126], [-6.2637014, 43.0160771], [-6.2851906, 43.0363693], [-6.2951665, 43.0269069], [-6.3264927, 43.0313299], [-6.3331562, 43.0464878], [-6.3590877, 43.0595769], [-6.3735461, 43.0411068], [-6.3970473, 43.0383217], [-6.3943519, 43.0166118], [-6.4111068, 43.0169323], [-6.4075767, 42.9994886], [-6.4241643, 42.9876779], [-6.4371976, 42.9930311], [-6.4464392, 42.9821701], [-6.4781355, 42.9912046], [-6.4730114, 42.9677518], [-6.4336383, 42.96416], [-6.441611, 42.9473076], [-6.4331016, 42.9397568], [-6.4785868, 42.9335648], [-6.4897696, 42.920249], [-6.5105764, 42.9287333], [-6.5465669, 42.9121534], [-6.6058031, 42.917366], [-6.6118628, 42.9250103], [-6.7226599, 42.917485], [-6.7566694, 42.8830575], [-6.7737111, 42.8828295], [-6.7706706, 42.8986238], [-6.835764, 42.9163433], [-6.8418288, 42.9284464], [-6.8357808, 42.9577052], [-6.8710979, 42.9885765], [-6.910002, 42.9898964], [-6.9408245, 43.0115239], [-6.9468571, 43.0325578], [-6.9567751, 43.0365567], [-6.9647548, 43.0266623], [-6.9560743, 42.9961443], [-6.9622308, 42.9906007], [-6.9971718, 43.0194833], [-6.9821742, 43.041413], [-6.9725435, 43.0303826], [-6.9650738, 43.0347731], [-6.9685864, 43.0572147], [-6.9386889, 43.0865119], [-6.9155493, 43.0732589], [-6.8939904, 43.0917987], [-6.8713481, 43.0912086], [-6.8288241, 43.123033], [-6.8214559, 43.1437059], [-6.8389121, 43.1661431], [-6.8698975, 43.1799758], [-6.8674252, 43.1900932], [-6.8858785, 43.156827], [-6.9413731, 43.1317171], [-6.9570779, 43.1348963], [-6.9807729, 43.1665455], [-6.9649013, 43.1875447], [-6.9705113, 43.2036374], [-7.001449, 43.2072816], [-7.009583, 43.2228817], [-7.0200533, 43.21324], [-7.06387, 43.2454833], [-7.0723159, 43.2684979], [-7.0597847, 43.3053346], [-7.0974957, 43.3014666], [-7.1152302, 43.3261725], [-7.1307505, 43.3302485], [-7.1275329, 43.3725994], [-7.138281, 43.3836162], [-7.159772, 43.3746504], [-7.1831688, 43.3926979], [-7.1688207, 43.4045468], [-7.1745507, 43.4241938], [-7.1621331, 43.4321447], [-7.127717, 43.4233101], [-7.1022001, 43.4272519], [-7.1003599, 43.4409043], [-7.086247, 43.4435809], [-7.0902249, 43.4552717], [-7.0476578, 43.4778991], [-7.044779, 43.5161927], [-7.0322788, 43.5440947], [-7.0213973, 43.548848], [-7.02925, 43.556679], [-6.9757045, 43.554462], [-6.9473885, 43.5647986], [-6.9438347, 43.5744376], [-6.876664, 43.5614867], [-6.8537187, 43.5705893], [-6.8518411, 43.5625691], [-6.8308842, 43.5666842], [-6.8110342, 43.5543371], [-6.7844931, 43.5560467], [-6.7825471, 43.5649678], [-6.7669188, 43.5687818], [-6.7233646, 43.5552975], [-6.6249189, 43.571946], [-6.6141306, 43.5616129], [-6.6026479, 43.5651681], [-6.5969107, 43.5530921], [-6.5423451, 43.5548035], [-6.5330572, 43.5452101], [-6.4739564, 43.5500509], [-6.4755151, 43.5633945], [-6.4698139, 43.5711497], [-6.4289609, 43.5525534], [-6.3962503, 43.5596635], [-6.348656, 43.551639], [-6.2562308, 43.5775854], [-6.2445692, 43.5951596], [-6.2193557, 43.5779196], [-6.20916, 43.585139], [-6.2032606, 43.5727181], [-6.1882257, 43.5796911], [-6.1860392, 43.5629173], [-6.1510893, 43.5696815], [-6.1136472, 43.5547655], [-6.0773154, 43.5703621], [-6.0641935, 43.565256], [-6.028197, 43.5861077], [-6.0166664, 43.5876579], [-5.9959795, 43.5721189], [-5.9915785, 43.5794728], [-5.9519873, 43.5807176], [-5.9389467, 43.5948248], [-5.9479876, 43.5971774], [-5.9134307, 43.6084394], [-5.9137581, 43.6244256], [-5.8798032, 43.6241188], [-5.8587442, 43.6364765], [-5.857866, 43.6558891], [-5.8419386, 43.6592512], [-5.8301658, 43.639776], [-5.821487, 43.6445238], [-5.8112162, 43.6423584], [-5.8107802, 43.632175], [-5.7833743, 43.6314807], [-5.7808535, 43.6198037], [-5.7909848, 43.6136765], [-5.7756602, 43.605787], [-5.7709953, 43.608121], [-5.7560255, 43.5817276], [-5.7115861, 43.5684187], [-5.6959499, 43.5725934], [-5.6942967, 43.5822354], [-5.6756334, 43.5867678], [-5.6746287, 43.579652], [-5.6930104, 43.5784869], [-5.6873783, 43.5692894], [-5.6760638, 43.5710128], [-5.6802869, 43.5650624], [-5.7014223, 43.5675818], [-5.6955947, 43.5501306], [-5.6862547, 43.5605598], [-5.6803181, 43.5561192], [-5.694045, 43.5449552], [-5.6791794, 43.541235], [-5.6645727, 43.5497673], [-5.6478128, 43.5418101], [-5.6193303, 43.5574904], [-5.5972861, 43.5476364], [-5.5293508, 43.5448572], [-5.5177802, 43.5516545], [-5.4943104, 43.543924], [-5.4131781, 43.5548553], [-5.3854594, 43.5339579], [-5.2956376, 43.5350492], [-5.2654682, 43.5185148], [-5.270902, 43.5088448], [-5.2623908, 43.5012564], [-5.2158971, 43.4744064], [-5.1230517, 43.4846762], [-5.0364727, 43.4604604], [-4.9731251, 43.46227], [-4.9365563, 43.4568533], [-4.9262364, 43.4623839], [-4.9248821, 43.457536], [-4.8745384, 43.4416227], [-4.8390042, 43.4464529], [-4.8369613, 43.43335], [-4.8129255, 43.4395574], [-4.8080957, 43.4315338], [-4.7659887, 43.4292654], [-4.7402535, 43.415119], [-4.6982196, 43.4124932], [-4.698521, 43.4065704], [-4.5670834, 43.3918018], [-4.5448003, 43.3997187], [-4.5124017, 43.3933405], [-4.5112886, 43.3792364], [-4.5209117, 43.3661515], [-4.5348085, 43.3677787], [-4.5308102, 43.3587889], [-4.5388087, 43.3559262], [-4.5394565, 43.3439596], [-4.5223495, 43.3357784], [-4.5224255, 43.27904], [-4.5477735, 43.2686868], [-4.5516968, 43.2866931], [-4.6075646, 43.2986331], [-4.6365859, 43.2757617], [-4.6318833, 43.2676528], [-4.7060409, 43.2668676], [-4.7309447, 43.2573358], [-4.7210105, 43.2295085], [-4.7307831, 43.2232059], [-4.7336179, 43.1910221], [-4.7429697, 43.1845329], [-4.7789942, 43.1920817], [-4.8410223, 43.1807792], [-4.8395525, 43.1896611], [-4.8608237, 43.2053162], [-4.8710096, 43.2280161], [-4.9085517, 43.2379671], [-4.9803465, 43.2002869], [-4.9964135, 43.1853247], [-4.9976207, 43.1702612], [-5.0214603, 43.1835133], [-5.0594707, 43.174333], [-5.0766263, 43.1789492], [-5.1017354, 43.1018464], [-5.1406787, 43.1029163], [-5.1478028, 43.1151191], [-5.2140814, 43.085443], [-5.268217, 43.0875838], [-5.2821211, 43.0774279], [-5.3263812, 43.0788595], [-5.3438858, 43.0940523], [-5.3697809, 43.0948099], [-5.3831036, 43.0872369], [-5.3904507, 43.0493368], [-5.4785232, 43.054909], [-5.4938019, 43.0212425], [-5.5062924, 43.0285739], [-5.5401868, 43.0183531], [-5.5697814, 43.0220762], [-5.574772, 43.0321003], [-5.6367043, 43.0350051], [-5.6933491, 43.0564809], [-5.7282629, 43.0424911], [-5.7665113, 42.9860846], [-5.7615534, 42.9713069], [-5.820544, 42.9666207]]], [[[-4.9136014, 43.4544392], [-4.9136665, 43.4545991], [-4.9133866, 43.4547297], [-4.9133964, 43.4544392], [-4.9136014, 43.4544392]]], [[[-5.0127078, 43.4597672], [-5.0129397, 43.4596204], [-5.0132046, 43.4596721], [-5.0130636, 43.459869], [-5.0127078, 43.4597672]]], [[[-5.0131184, 43.4601793], [-5.0131506, 43.4600664], [-5.0132954, 43.4601637], [-5.0132069, 43.4601987], [-5.0131184, 43.4601793]]], [[[-5.0130701, 43.4604032], [-5.0130326, 43.4606602], [-5.0127053, 43.4604849], [-5.0127161, 43.460411], [-5.0130701, 43.4604032]]], [[[-4.9495153, 43.4614955], [-4.9497043, 43.4619575], [-4.9488704, 43.4619633], [-4.9490291, 43.4618684], [-4.9495153, 43.4614955]]], [[[-5.6716883, 43.5472028], [-5.6715954, 43.5472246], [-5.6715626, 43.5471533], [-5.671661, 43.5471325], [-5.6716883, 43.5472028]]], [[[-5.6054072, 43.5500556], [-5.6051451, 43.5499894], [-5.6054833, 43.5497818], [-5.6055595, 43.5499386], [-5.6054072, 43.5500556]]], [[[-5.6089291, 43.5562367], [-5.6087701, 43.5561552], [-5.6088089, 43.5560484], [-5.6089795, 43.5560512], [-5.6089291, 43.5562367]]], [[[-5.6086809, 43.5562704], [-5.6084366, 43.5562507], [-5.6085374, 43.5560624], [-5.6085917, 43.55604], [-5.6086809, 43.5562704]]], [[[-5.6173555, 43.5586915], [-5.6165992, 43.5584071], [-5.6162721, 43.5575537], [-5.617656, 43.5581774], [-5.6173555, 43.5586915]]], [[[-5.6981334, 43.5752127], [-5.6983096, 43.5754005], [-5.697826, 43.5754278], [-5.698003, 43.5752667], [-5.6981334, 43.5752127]]], [[[-5.7433102, 43.5811474], [-5.743661, 43.5809915], [-5.7439201, 43.5812392], [-5.7430897, 43.5816828], [-5.7433102, 43.5811474]]], [[[-5.7522821, 43.5827793], [-5.7524586, 43.5832491], [-5.752421, 43.5833851], [-5.7521104, 43.5832456], [-5.7522821, 43.5827793]]], [[[-5.7528397, 43.5833785], [-5.7529516, 43.5831209], [-5.7535154, 43.5834049], [-5.7532311, 43.5835098], [-5.7528397, 43.5833785]]], [[[-5.7658904, 43.6057121], [-5.765208, 43.6050801], [-5.767328, 43.6065745], [-5.7671082, 43.6066215], [-5.7658904, 43.6057121]]], [[[-5.7810956, 43.6110892], [-5.7816724, 43.6109944], [-5.7819621, 43.6120762], [-5.7808858, 43.6118963], [-5.7810956, 43.6110892]]], [[[-5.7819902, 43.6128688], [-5.7812917, 43.6123955], [-5.7807673, 43.6122597], [-5.781589, 43.6121638], [-5.7819902, 43.6128688]]], [[[-5.7891813, 43.61344], [-5.7892164, 43.6135938], [-5.7890863, 43.6135847], [-5.7890727, 43.61348], [-5.7891813, 43.61344]]], [[[-5.8609246, 43.6434013], [-5.860787, 43.6435127], [-5.8605976, 43.6432586], [-5.8607585, 43.6432435], [-5.8609246, 43.6434013]]], [[[-5.8599142, 43.6436043], [-5.8598442, 43.6435645], [-5.8604298, 43.6433411], [-5.8603245, 43.6436235], [-5.8599142, 43.6436043]]], [[[-5.8621796, 43.6491768], [-5.8623023, 43.6491317], [-5.8624351, 43.6491423], [-5.8620241, 43.6493453], [-5.8621796, 43.6491768]]], [[[-5.8350597, 43.6531915], [-5.8342666, 43.6542662], [-5.8340488, 43.6544325], [-5.8354412, 43.6519843], [-5.8359611, 43.6521644], [-5.8350597, 43.6531915]]], [[[-5.8555993, 43.6569839], [-5.8563683, 43.6578688], [-5.8557645, 43.6582856], [-5.8554223, 43.6573433], [-5.8555993, 43.6569839]]], [[[-5.841481, 43.6603484], [-5.8407695, 43.6605854], [-5.8401972, 43.6603186], [-5.841491, 43.6592055], [-5.841481, 43.6603484]]], [[[-5.8392726, 43.6623056], [-5.8394566, 43.6620848], [-5.8395522, 43.6621417], [-5.8391024, 43.6624806], [-5.8392726, 43.6623056]]], [[[-5.8670654, 43.6629599], [-5.8669554, 43.6630905], [-5.866909, 43.6630336], [-5.8669665, 43.6629351], [-5.8670654, 43.6629599]]], [[[-5.8643058, 43.6619916], [-5.8651659, 43.6631762], [-5.8637241, 43.6638472], [-5.8633441, 43.6645113], [-5.8643058, 43.6619916]]], [[[-5.865634, 43.6629284], [-5.8660203, 43.6632195], [-5.8657896, 43.6637123], [-5.8651727, 43.6635493], [-5.865634, 43.6629284]]], [[[-5.8669575, 43.6636181], [-5.8668919, 43.6636808], [-5.8668344, 43.6636202], [-5.8669393, 43.6635429], [-5.8669575, 43.6636181]]], [[[-5.8644985, 43.6636872], [-5.8646548, 43.6636519], [-5.8643455, 43.6640618], [-5.8642901, 43.663831], [-5.8644985, 43.6636872]]], [[[-5.8648338, 43.6637558], [-5.8647496, 43.6639689], [-5.8646655, 43.6640934], [-5.8647094, 43.663742], [-5.8648338, 43.6637558]]], [[[-5.8652257, 43.6638956], [-5.8652235, 43.663988], [-5.8650914, 43.6639338], [-5.8651288, 43.6638717], [-5.8652257, 43.6638956]]], [[[-5.8655673, 43.6644816], [-5.8654788, 43.6644332], [-5.86553, 43.6643607], [-5.8656243, 43.6643877], [-5.8655673, 43.6644816]]], [[[-5.8649735, 43.6646859], [-5.864774, 43.664637], [-5.8651322, 43.6641505], [-5.8652789, 43.6642754], [-5.8649735, 43.6646859]]], [[[-5.8381939, 43.6642827], [-5.8381731, 43.6645639], [-5.837847, 43.6647488], [-5.837847, 43.6643695], [-5.8381939, 43.6642827]]], [[[-5.8373676, 43.6646448], [-5.8373136, 43.6645755], [-5.8375231, 43.6644701], [-5.8375764, 43.6645403], [-5.8373676, 43.6646448]]], [[[-5.8666691, 43.6649889], [-5.8665683, 43.6647588], [-5.8668902, 43.6648205], [-5.8668165, 43.6649019], [-5.8666691, 43.6649889]]], [[[-5.8613423, 43.6664704], [-5.8610898, 43.6661411], [-5.8616262, 43.6660558], [-5.8615254, 43.6663669], [-5.8613423, 43.6664704]]], [[[-4.6175789, 43.3962377], [-4.6177811, 43.3963602], [-4.6177017, 43.3964802], [-4.6174502, 43.3963812], [-4.6175789, 43.3962377]]], [[[-4.5755279, 43.3988035], [-4.5747582, 43.4000291], [-4.5738364, 43.3978881], [-4.5756068, 43.3974959], [-4.5755279, 43.3988035]]], [[[-4.5760158, 43.398746], [-4.5762821, 43.3988556], [-4.5762393, 43.3989912], [-4.5760206, 43.3988913], [-4.5760158, 43.398746]]], [[[-4.7098419, 43.4152097], [-4.7088529, 43.4156068], [-4.7080009, 43.415701], [-4.7087654, 43.414875], [-4.7098419, 43.4152097]]], [[[-4.7296524, 43.4166817], [-4.7290913, 43.4170902], [-4.7282326, 43.416964], [-4.7286397, 43.4166211], [-4.7296524, 43.4166817]]], [[[-4.737269, 43.4170163], [-4.7380457, 43.4170043], [-4.7384158, 43.4178126], [-4.7377072, 43.4178513], [-4.737269, 43.4170163]]], [[[-4.7299823, 43.4175742], [-4.729112, 43.4177718], [-4.7288299, 43.4174665], [-4.7302589, 43.4174734], [-4.7299823, 43.4175742]]], [[[-4.7308262, 43.4171451], [-4.7316849, 43.418451], [-4.7295848, 43.4182462], [-4.7305807, 43.4175689], [-4.7304359, 43.417189], [-4.7308262, 43.4171451]]], [[[-4.7476604, 43.4188518], [-4.7477675, 43.418864], [-4.7478089, 43.4189042], [-4.7477115, 43.4189188], [-4.7476604, 43.4188518]]], [[[-4.7477018, 43.4196339], [-4.7477172, 43.4195171], [-4.7480926, 43.4195183], [-4.7480378, 43.4195823], [-4.7477018, 43.4196339]]], [[[-4.7625471, 43.4258659], [-4.7634372, 43.4257774], [-4.7638856, 43.4259453], [-4.7634721, 43.4259922], [-4.7625471, 43.4258659]]], [[[-4.7770787, 43.4327098], [-4.777449, 43.4328026], [-4.7773979, 43.4329231], [-4.7768872, 43.432988], [-4.7770787, 43.4327098]]], [[[-4.7781462, 43.4330622], [-4.7779521, 43.4330399], [-4.7778704, 43.4329509], [-4.7782892, 43.432899], [-4.7781462, 43.4330622]]], [[[-4.7825801, 43.4330351], [-4.7827972, 43.4329424], [-4.7837548, 43.4332762], [-4.7823375, 43.4332947], [-4.7825801, 43.4330351]]], [[[-4.7751762, 43.432784], [-4.7762871, 43.4326542], [-4.7760955, 43.4337854], [-4.7748697, 43.4336092], [-4.7751762, 43.432784]]], [[[-4.7967916, 43.4344445], [-4.7961915, 43.4333689], [-4.7980557, 43.4344816], [-4.7974173, 43.4343332], [-4.7967916, 43.4344445]]], [[[-4.7903259, 43.4329385], [-4.7913564, 43.4353674], [-4.7875939, 43.435013], [-4.7892491, 43.4329634], [-4.7903259, 43.4329385]]], [[[-4.7758785, 43.4341656], [-4.7758146, 43.4344994], [-4.7755975, 43.4344067], [-4.7757125, 43.4341099], [-4.7758785, 43.4341656]]], [[[-4.8030993, 43.435928], [-4.8030993, 43.4352512], [-4.804108, 43.4358167], [-4.8038144, 43.4361876], [-4.8030993, 43.435928]]], [[[-4.8116323, 43.4369638], [-4.8116182, 43.4367986], [-4.8119581, 43.436813], [-4.8119406, 43.4369144], [-4.8116323, 43.4369638]]], [[[-4.8113389, 43.4373577], [-4.8111783, 43.4387957], [-4.8081179, 43.4380524], [-4.8091857, 43.4370068], [-4.8113389, 43.4373577]]], [[[-4.8231516, 43.4385236], [-4.8219274, 43.4381715], [-4.8231273, 43.4371066], [-4.8237333, 43.4383916], [-4.8231516, 43.4385236]]], [[[-4.8269089, 43.4376435], [-4.8264605, 43.4389372], [-4.8249939, 43.4384532], [-4.8249818, 43.4383124], [-4.8269089, 43.4376435]]], [[[-4.8190245, 43.439937], [-4.8188824, 43.4392601], [-4.8192043, 43.4391868], [-4.8195331, 43.4397953], [-4.8190245, 43.439937]]], [[[-4.8246666, 43.4400109], [-4.8249818, 43.4399933], [-4.8251274, 43.4402286], [-4.8243879, 43.4401781], [-4.8246666, 43.4400109]]], [[[-4.8306932, 43.4402781], [-4.8307612, 43.4406235], [-4.8300798, 43.4403781], [-4.8304428, 43.4401509], [-4.8306932, 43.4402781]]], [[[-4.8254509, 43.4403155], [-4.8253533, 43.4407899], [-4.824602, 43.4405535], [-4.8251514, 43.4403013], [-4.8254509, 43.4403155]]], [[[-4.876287, 43.4440498], [-4.8761166, 43.4439817], [-4.8764215, 43.4438635], [-4.8764112, 43.4439364], [-4.876287, 43.4440498]]], [[[-4.8611594, 43.4457838], [-4.8614534, 43.445768], [-4.8615376, 43.4458995], [-4.8612716, 43.4460772], [-4.8611594, 43.4457838]]], [[[-4.8460536, 43.4460039], [-4.8463818, 43.4457231], [-4.8468893, 43.4458588], [-4.8466727, 43.4461507], [-4.8460536, 43.4460039]]], [[[-4.8481631, 43.4459646], [-4.8476951, 43.4459298], [-4.8485801, 43.4456947], [-4.8487554, 43.4460309], [-4.8481631, 43.4459646]]], [[[-4.8588442, 43.4460037], [-4.8596578, 43.4458037], [-4.8601084, 43.4462309], [-4.8596703, 43.446558], [-4.8588442, 43.4460037]]], [[[-4.8932698, 43.4496548], [-4.8931725, 43.4493202], [-4.8939226, 43.4491798], [-4.893421, 43.4494388], [-4.8932698, 43.4496548]]], [[[-4.8961817, 43.4512095], [-4.8960965, 43.4510012], [-4.8965877, 43.4509209], [-4.8963843, 43.4512303], [-4.8961817, 43.4512095]]], [[[-4.8992145, 43.4519232], [-4.8999117, 43.4517914], [-4.9002686, 43.4518702], [-4.8992233, 43.4519699], [-4.8992145, 43.4519232]]], [[[-4.9004233, 43.4518279], [-4.9007749, 43.4518275], [-4.9008895, 43.4518944], [-4.9003657, 43.4519205], [-4.9004233, 43.4518279]]], [[[-4.9132232, 43.4543704], [-4.9131645, 43.454413], [-4.9130619, 43.4543066], [-4.9132329, 43.4543066], [-4.9132232, 43.4543704]]]]}}, {"type": "Feature", "properties": {"name": "Galicia", "admin_level": "4", "iso": "ES-GA"}, "geometry": {"type": "MultiPolygon", "coordinates": [[[[-9.1700715, 42.863873], [-9.170408, 42.8640433], [-9.1703593, 42.8644179], [-9.1696674, 42.8640751], [-9.1700715, 42.863873]]], [[[-9.1700187, 42.8649776], [-9.1687188, 42.8659589], [-9.1682661, 42.8646576], [-9.169121, 42.8643062], [-9.1700187, 42.8649776]]], [[[-9.1699266, 42.8664353], [-9.1700303, 42.8659896], [-9.1703793, 42.866146], [-9.1703692, 42.8666896], [-9.1699266, 42.8664353]]], [[[-9.1693195, 42.8672529], [-9.1690158, 42.8668735], [-9.1697701, 42.8665892], [-9.1697931, 42.8671529], [-9.1693195, 42.8672529]]], [[[-9.2815403, 42.8921504], [-9.2815852, 42.8919604], [-9.2819536, 42.8920476], [-9.2818261, 42.8923156], [-9.2815403, 42.8921504]]], [[[-9.2799358, 42.9136137], [-9.2798372, 42.91326], [-9.2803499, 42.913421], [-9.2803593, 42.9136096], [-9.2799358, 42.9136137]]], [[[-9.2978561, 42.9215783], [-9.297568, 42.9212392], [-9.2987311, 42.922273], [-9.2983167, 42.9220893], [-9.2978561, 42.9215783]]], [[[-9.2967026, 42.9263651], [-9.2965345, 42.9258522], [-9.2969548, 42.9258112], [-9.2970482, 42.9263651], [-9.2967026, 42.9263651]]], [[[-9.2907897, 42.9369291], [-9.2906304, 42.937056], [-9.2903402, 42.9366803], [-9.2907083, 42.9365948], [-9.2907897, 42.9369291]]], [[[-9.2925467, 42.9400798], [-9.2925221, 42.9399355], [-9.2927686, 42.9400618], [-9.292731, 42.9400942], [-9.2925467, 42.9400798]]], [[[-9.2822366, 42.9474441], [-9.2822905, 42.9475062], [-9.2822289, 42.9475569], [-9.2821549, 42.947487], [-9.2822366, 42.9474441]]], [[[-9.2846008, 42.9528971], [-9.2846917, 42.9527877], [-9.2848719, 42.9529219], [-9.2846562, 42.9531012], [-9.2846008, 42.9528971]]], [[[-9.2844876, 42.9530143], [-9.2846075, 42.9531214], [-9.2845913, 42.9531854], [-9.2843209, 42.9530604], [-9.2844876, 42.9530143]]], [[[-9.2841868, 42.9532029], [-9.2845478, 42.9532806], [-9.2845088, 42.9534723], [-9.284077, 42.9533221], [-9.2841868, 42.9532029]]], [[[-9.2833962, 42.9554349], [-9.2834281, 42.9554996], [-9.2831131, 42.9554582], [-9.2832617, 42.9553494], [-9.2833962, 42.9554349]]], [[[-9.2796421, 42.9568803], [-9.2797007, 42.9568397], [-9.2797561, 42.9568915], [-9.2796637, 42.9569389], [-9.2796421, 42.9568803]]], [[[-9.2783102, 42.9580509], [-9.2782086, 42.958161], [-9.2781151, 42.9581431], [-9.278237, 42.9578962], [-9.2784891, 42.9579765], [-9.2783102, 42.9580509]]], [[[-9.2783215, 42.9600296], [-9.2782748, 42.9600757], [-9.2781673, 42.9600433], [-9.2782561, 42.9599407], [-9.2783215, 42.9600296]]], [[[-9.2772376, 42.9611585], [-9.2772193, 42.9611473], [-9.2772142, 42.9611131], [-9.2772732, 42.9611421], [-9.2772376, 42.9611585]]], [[[-9.277387, 42.9615401], [-9.2773658, 42.9615077], [-9.2774348, 42.9614922], [-9.2774189, 42.9615466], [-9.277387, 42.9615401]]], [[[-9.2740254, 42.9619563], [-9.2740545, 42.9619339], [-9.2741076, 42.9619482], [-9.2740563, 42.9619793], [-9.2740254, 42.9619563]]], [[[-9.2772676, 42.9620412], [-9.2773785, 42.9620525], [-9.2774216, 42.9622486], [-9.2771628, 42.9622058], [-9.2772676, 42.9620412]]], [[[-9.2746445, 42.9622066], [-9.2746136, 42.9622145], [-9.2745895, 42.9621988], [-9.2745989, 42.962186], [-9.2746445, 42.9622066]]], [[[-9.275328, 42.9625327], [-9.275307, 42.9624797], [-9.2753771, 42.9624985], [-9.2753549, 42.9625575], [-9.275328, 42.9625327]]], [[[-9.2750672, 42.9632843], [-9.2751485, 42.9634048], [-9.2750083, 42.963439], [-9.2750184, 42.9632962], [-9.2750672, 42.9632843]]], [[[-9.2744839, 42.9646236], [-9.2743848, 42.9645809], [-9.2744149, 42.9645278], [-9.2745105, 42.9646081], [-9.2744839, 42.9646236]]], [[[-9.2611655, 42.9789855], [-9.261207, 42.9790147], [-9.2611771, 42.9790742], [-9.2611406, 42.9790183], [-9.2611655, 42.9789855]]], [[[-9.2614689, 42.9791545], [-9.2615383, 42.9791333], [-9.2615354, 42.979237], [-9.2614515, 42.9791947], [-9.2614689, 42.9791545]]], [[[-9.2624835, 42.97965], [-9.2625637, 42.9800522], [-9.2626247, 42.9801471], [-9.2623308, 42.9798567], [-9.2624835, 42.97965]]], [[[-9.2626019, 42.9808574], [-9.2626425, 42.9807499], [-9.2627228, 42.9808766], [-9.2626425, 42.9808896], [-9.2626019, 42.9808574]]], [[[-9.262866, 42.9818268], [-9.2628923, 42.9820322], [-9.2626993, 42.9816151], [-9.2628967, 42.9816728], [-9.262866, 42.9818268]]], [[[-9.2625352, 42.9840187], [-9.2625321, 42.9839623], [-9.2626461, 42.9840142], [-9.2625906, 42.9840694], [-9.2625352, 42.9840187]]], [[[-9.2622163, 42.9842339], [-9.2621269, 42.9841438], [-9.2621346, 42.9841347], [-9.2622332, 42.98411], [-9.2622163, 42.9842339]]], [[[-9.2618527, 42.9845269], [-9.2617865, 42.9844469], [-9.2618358, 42.9844154], [-9.2619128, 42.984448], [-9.2618527, 42.9845269]]], [[[-9.2617338, 42.9847372], [-9.2617548, 42.984768], [-9.2617315, 42.9848295], [-9.2616708, 42.9847458], [-9.2617338, 42.9847372]]], [[[-9.2610329, 42.9866147], [-9.2611002, 42.9866458], [-9.2610524, 42.9867002], [-9.2609993, 42.9866393], [-9.2610329, 42.9866147]]], [[[-9.262618, 42.98879], [-9.2624763, 42.9887043], [-9.2624824, 42.9885781], [-9.2627536, 42.988799], [-9.262618, 42.98879]]], [[[-9.2606789, 42.9917425], [-9.2607225, 42.9917216], [-9.2607387, 42.9917543], [-9.2607124, 42.991765], [-9.2606789, 42.9917425]]], [[[-9.2599434, 42.9919132], [-9.2599765, 42.9919221], [-9.2600085, 42.9919667], [-9.2599292, 42.9919816], [-9.2599434, 42.9919132]]], [[[-9.2600896, 42.9923466], [-9.2601031, 42.9923648], [-9.260101, 42.9923737], [-9.2600776, 42.9923648], [-9.2600896, 42.9923466]]], [[[-9.2602009, 42.9926191], [-9.2602497, 42.9926385], [-9.2602212, 42.9926875], [-9.2601927, 42.9926608], [-9.2602009, 42.9926191]]], [[[-9.2594612, 42.9930719], [-9.2595383, 42.99309], [-9.2595846, 42.9931405], [-9.2593593, 42.9930836], [-9.2594612, 42.9930719]]], [[[-9.260064, 42.9940173], [-9.2606058, 42.9942567], [-9.260691, 42.9952817], [-9.2601766, 42.9949904], [-9.260064, 42.9940173]]], [[[-9.2753147, 43.0087545], [-9.2756258, 43.0087506], [-9.2756258, 43.0088683], [-9.2754112, 43.0090684], [-9.2753147, 43.0087545]]], [[[-9.2679581, 43.0105126], [-9.2682497, 43.0108233], [-9.2677659, 43.0109125], [-9.2675667, 43.0105052], [-9.2679581, 43.0105126]]], [[[-9.2854438, 43.0382318], [-9.2854018, 43.0382676], [-9.2853574, 43.0381976], [-9.2854532, 43.0381772], [-9.2854438, 43.0382318]]], [[[-9.2858422, 43.038918], [-9.2857423, 43.0389313], [-9.2857361, 43.0388248], [-9.285821, 43.0388481], [-9.2858422, 43.038918]]], [[[-9.3015367, 43.0485871], [-9.3005735, 43.0493958], [-9.2995624, 43.047575], [-9.3008523, 43.0470204], [-9.3015367, 43.0485871]]], [[[-9.2660641, 43.051275], [-9.2659461, 43.0512724], [-9.2660051, 43.0511388], [-9.266083, 43.0511905], [-9.2660641, 43.051275]]], [[[-9.2666833, 43.0529942], [-9.2668254, 43.0525895], [-9.2674374, 43.0530561], [-9.2670119, 43.0533897], [-9.2666833, 43.0529942]]], [[[-9.257269, 43.0888345], [-9.2572243, 43.0888613], [-9.2571247, 43.0887811], [-9.2571775, 43.0887574], [-9.257269, 43.0888345]]], [[[-9.2574813, 43.0890636], [-9.2575584, 43.0891491], [-9.257543, 43.0892728], [-9.2574136, 43.0892188], [-9.2574813, 43.0890636]]], [[[-9.2582057, 43.0893396], [-9.258222, 43.0893077], [-9.2582952, 43.0893396], [-9.2581529, 43.0893671], [-9.2582057, 43.0893396]]], [[[-9.2250702, 43.099823], [-9.2260754, 43.0994818], [-9.2261037, 43.1012287], [-9.225141, 43.1002984], [-9.2250702, 43.099823]]], [[[-9.2138541, 43.1096472], [-9.2141295, 43.1097186], [-9.2142122, 43.1099494], [-9.2135427, 43.1099273], [-9.2138541, 43.1096472]]], [[[-9.2141599, 43.1101072], [-9.2141657, 43.1102336], [-9.2141312, 43.1102984], [-9.2140062, 43.1101055], [-9.2141599, 43.1101072]]], [[[-9.215043, 43.1103919], [-9.215127, 43.1105078], [-9.2152111, 43.1107465], [-9.2149552, 43.1106812], [-9.215043, 43.1103919]]], [[[-9.2187542, 43.1146547], [-9.2186363, 43.1146978], [-9.2185439, 43.1146283], [-9.2185921, 43.1146117], [-9.2187542, 43.1146547]]], [[[-9.2190304, 43.1149876], [-9.219097, 43.115121], [-9.2189174, 43.1151776], [-9.2188524, 43.1149951], [-9.2190304, 43.1149876]]], [[[-9.2049012, 43.1373965], [-9.2048732, 43.1375157], [-9.2047564, 43.1374749], [-9.2047985, 43.1373658], [-9.2049012, 43.1373965]]], [[[-9.2135514, 43.1489732], [-9.213859, 43.1492658], [-9.2136901, 43.1494779], [-9.2133258, 43.1492596], [-9.2135514, 43.1489732]]], [[[-9.2158753, 43.1513652], [-9.2158852, 43.1511976], [-9.2161456, 43.1513095], [-9.2159376, 43.1514182], [-9.2158753, 43.1513652]]], [[[-9.209077, 43.1600393], [-9.2092143, 43.1598801], [-9.2095039, 43.159968], [-9.209344, 43.1601216], [-9.209077, 43.1600393]]], [[[-9.1983221, 43.1610227], [-9.1982669, 43.1606136], [-9.1990761, 43.1611316], [-9.1982857, 43.1611627], [-9.1983221, 43.1610227]]], [[[-9.1978894, 43.1613374], [-9.1979629, 43.161273], [-9.1980911, 43.1614125], [-9.1979356, 43.161457], [-9.1978894, 43.1613374]]], [[[-9.1913596, 43.1615167], [-9.1912478, 43.1612768], [-9.1917203, 43.161592], [-9.1915939, 43.161649], [-9.1913596, 43.1615167]]], [[[-9.1991609, 43.1614188], [-9.1991752, 43.161538], [-9.1989194, 43.1614473], [-9.1991019, 43.1613885], [-9.1991609, 43.1614188]]], [[[-9.1964632, 43.1612515], [-9.1966526, 43.161529], [-9.1963916, 43.1617115], [-9.1963251, 43.1615715], [-9.1964632, 43.1612515]]], [[[-9.2141004, 43.1632569], [-9.2131725, 43.1640642], [-9.212318, 43.1624962], [-9.2129383, 43.1623186], [-9.2141004, 43.1632569]]], [[[-9.1861864, 43.1687696], [-9.1869619, 43.1689602], [-9.1870226, 43.1701944], [-9.1863644, 43.1695399], [-9.1861864, 43.1687696]]], [[[-9.1523564, 43.1949423], [-9.15238, 43.1949827], [-9.1522773, 43.1950206], [-9.1523104, 43.1949518], [-9.1523564, 43.1949423]]], [[[-9.1528781, 43.1949682], [-9.1529972, 43.1950404], [-9.1531088, 43.1952174], [-9.152805, 43.1951757], [-9.1528781, 43.1949682]]], [[[-9.1515578, 43.1960152], [-9.1511595, 43.1959752], [-9.1518391, 43.1955718], [-9.1518813, 43.1958802], [-9.1515578, 43.1960152]]], [[[-9.1534356, 43.1973675], [-9.1531142, 43.1983759], [-9.152191, 43.1954613], [-9.1535763, 43.1961059], [-9.1534356, 43.1973675]]], [[[-9.0486185, 42.5100917], [-9.0485379, 42.5070321], [-9.0492045, 42.5069902], [-9.0507873, 42.5086546], [-9.0486185, 42.5100917]]], [[[-9.0486001, 42.5115051], [-9.0468567, 42.5106431], [-9.0473716, 42.509785], [-9.0492266, 42.5110945], [-9.0486001, 42.5115051]]], [[[-9.0468016, 42.5113746], [-9.0458089, 42.5119038], [-9.0454388, 42.5110852], [-9.0457856, 42.5107098], [-9.0468016, 42.5113746]]], [[[-9.0406716, 42.5142866], [-9.0414088, 42.514132], [-9.0416006, 42.5144015], [-9.0412129, 42.5149553], [-9.0406716, 42.5142866]]], [[[-9.039139, 42.5181433], [-9.0387178, 42.5173741], [-9.0389512, 42.5172804], [-9.0396423, 42.5177293], [-9.039139, 42.5181433]]], [[[-9.0483475, 42.5180114], [-9.0483271, 42.5176905], [-9.0487693, 42.5178961], [-9.0486786, 42.5180037], [-9.0483475, 42.5180114]]], [[[-9.0454741, 42.5178455], [-9.0461838, 42.5175249], [-9.0464255, 42.5180421], [-9.0453759, 42.5186005], [-9.0454741, 42.5178455]]], [[[-9.0483969, 42.5186314], [-9.0480364, 42.518175], [-9.0485942, 42.5184258], [-9.0483969, 42.5186314]]], [[[-9.0464647, 42.5707965], [-9.0461858, 42.5707736], [-9.0461638, 42.5705528], [-9.0465055, 42.5706235], [-9.0464647, 42.5707965]]], [[[-9.0437312, 42.6615166], [-9.0428198, 42.6625788], [-9.0417624, 42.6609936], [-9.0424496, 42.6606413], [-9.0437312, 42.6615166]]], [[[-9.0909585, 42.737417], [-9.0913732, 42.7374051], [-9.0914626, 42.7375126], [-9.090991, 42.7377932], [-9.0909585, 42.737417]]], [[[-9.0869139, 42.7379223], [-9.0869077, 42.7377954], [-9.0871077, 42.7378389], [-9.0870034, 42.7379612], [-9.0869139, 42.7379223]]], [[[-9.091317, 42.7425244], [-9.0916166, 42.742595], [-9.0915075, 42.7430662], [-9.0909585, 42.7429408], [-9.091317, 42.7425244]]], [[[-9.0909041, 42.7438903], [-9.0905087, 42.743832], [-9.0904544, 42.7434245], [-9.0906955, 42.7434513], [-9.0909041, 42.7438903]]], [[[-9.150744, 42.8039042], [-9.1504361, 42.8037342], [-9.1509401, 42.8035677], [-9.1509401, 42.8038247], [-9.150744, 42.8039042]]], [[[-9.1509022, 42.8055184], [-9.1502414, 42.8055895], [-9.1503814, 42.8043741], [-9.1509002, 42.8047484], [-9.1509022, 42.8055184]]], [[[-9.146884, 42.812004], [-9.1473721, 42.811369], [-9.148105, 42.8123753], [-9.147235, 42.812903], [-9.146884, 42.812004]]], [[[-9.1463114, 42.8131498], [-9.1463633, 42.8127745], [-9.1468393, 42.8130842], [-9.1465794, 42.8133347], [-9.1463114, 42.8131498]]], [[[-9.1362909, 42.8480505], [-9.135166, 42.8470179], [-9.1353752, 42.8463528], [-9.136123, 42.8470044], [-9.1362909, 42.8480505]]], [[[-9.1478822, 42.8789161], [-9.1479742, 42.8785865], [-9.1485082, 42.8786643], [-9.1483679, 42.8789228], [-9.1478822, 42.8789161]]], [[[-9.0886652, 43.1840968], [-9.088693, 43.184178], [-9.0886193, 43.1841907], [-9.0886024, 43.1840868], [-9.0886652, 43.1840968]]], [[[-9.0811906, 43.1843961], [-9.0814263, 43.1843212], [-9.0814406, 43.184602], [-9.0813552, 43.1846215], [-9.0811906, 43.1843961]]], [[[-9.0810548, 43.1846517], [-9.0811416, 43.1848691], [-9.080819, 43.1847723], [-9.0809031, 43.1846754], [-9.0810548, 43.1846517]]], [[[-9.0823083, 43.1850033], [-9.0824037, 43.1849625], [-9.0825434, 43.1850413], [-9.0824037, 43.1850935], [-9.0823083, 43.1850033]]], [[[-9.08346, 43.1859892], [-9.083485, 43.1857911], [-9.0835923, 43.1862474], [-9.0834672, 43.1862018], [-9.08346, 43.1859892]]], [[[-9.0858929, 43.185989], [-9.0861124, 43.1859752], [-9.0860745, 43.1861945], [-9.0856866, 43.1861576], [-9.0858929, 43.185989]]], [[[-9.0865907, 43.1861953], [-9.0865553, 43.1862184], [-9.0864427, 43.186163], [-9.0865464, 43.186128], [-9.0865907, 43.1861953]]], [[[-9.0829131, 43.1862305], [-9.0832025, 43.186192], [-9.0833042, 43.1862675], [-9.0831418, 43.186339], [-9.0829131, 43.1862305]]], [[[-9.0862939, 43.1863147], [-9.0864185, 43.1863077], [-9.0864234, 43.1864659], [-9.0862525, 43.1864366], [-9.0862939, 43.1863147]]], [[[-9.0890712, 43.1872013], [-9.0892185, 43.1872072], [-9.0892682, 43.1873457], [-9.0889805, 43.1873158], [-9.0890712, 43.1872013]]], [[[-9.0578332, 43.1876776], [-9.059115, 43.1873538], [-9.0565624, 43.1882261], [-9.0577258, 43.187488], [-9.0578332, 43.1876776]]], [[[-9.1121839, 43.1879052], [-9.1122849, 43.1879251], [-9.1122985, 43.1880175], [-9.112124, 43.1879526], [-9.1121839, 43.1879052]]], [[[-9.1118805, 43.1879719], [-9.1118449, 43.1879954], [-9.1118027, 43.1879863], [-9.1118476, 43.1879685], [-9.1118805, 43.1879719]]], [[[-9.0877834, 43.1880266], [-9.0877606, 43.1880595], [-9.0877305, 43.1880604], [-9.0877494, 43.1880213], [-9.0877834, 43.1880266]]], [[[-9.1115685, 43.1880263], [-9.111677, 43.1879763], [-9.1117695, 43.1879893], [-9.1116994, 43.1881009], [-9.1115685, 43.1880263]]], [[[-9.1004465, 43.1882326], [-9.1005496, 43.1883729], [-9.1002401, 43.1885335], [-9.1001899, 43.1881696], [-9.1004465, 43.1882326]]], [[[-9.0877102, 43.1883998], [-9.0879025, 43.1882713], [-9.0879917, 43.1884398], [-9.0877535, 43.1884534], [-9.0877102, 43.1883998]]], [[[-9.0882786, 43.1889995], [-9.0883858, 43.1891723], [-9.0881074, 43.1892299], [-9.088066, 43.1890613], [-9.0882786, 43.1889995]]], [[[-9.1005303, 43.1891521], [-9.1006566, 43.1891534], [-9.1006424, 43.1892429], [-9.1004573, 43.189274], [-9.1005303, 43.1891521]]], [[[-9.0869401, 43.1893494], [-9.0868184, 43.1893954], [-9.0867613, 43.1893549], [-9.0868199, 43.1892925], [-9.0869401, 43.1893494]]], [[[-9.1006162, 43.1893723], [-9.1007403, 43.1893053], [-9.100869, 43.1893835], [-9.1006315, 43.189484], [-9.1006162, 43.1893723]]], [[[-9.0883263, 43.1894582], [-9.0884025, 43.1895658], [-9.0883177, 43.1896354], [-9.0882533, 43.1895196], [-9.0883263, 43.1894582]]], [[[-9.0926633, 43.1893303], [-9.0928776, 43.1897222], [-9.0928587, 43.1898744], [-9.0925768, 43.189657], [-9.0926633, 43.1893303]]], [[[-9.0891376, 43.189675], [-9.0890807, 43.1896997], [-9.089006, 43.1896374], [-9.0890291, 43.1896076], [-9.0891376, 43.189675]]], [[[-9.0930098, 43.1896925], [-9.093152, 43.1895476], [-9.0933558, 43.1896219], [-9.0931699, 43.1898904], [-9.0930098, 43.1896925]]], [[[-9.1011856, 43.1897325], [-9.1011665, 43.1897789], [-9.1011319, 43.1897676], [-9.1011486, 43.1896948], [-9.1011856, 43.1897325]]], [[[-9.100949, 43.1897465], [-9.1010471, 43.1896526], [-9.1011022, 43.1896672], [-9.1009766, 43.1898693], [-9.100949, 43.1897465]]], [[[-9.0891227, 43.1900604], [-9.089318, 43.1900648], [-9.0894241, 43.1902712], [-9.0892748, 43.1902278], [-9.0891227, 43.1900604]]], [[[-9.1018077, 43.1904014], [-9.1010446, 43.1901944], [-9.1008909, 43.1904421], [-9.100964, 43.190093], [-9.1013709, 43.1898046], [-9.1018077, 43.1904014]]], [[[-9.0908607, 43.1904012], [-9.0908202, 43.1903975], [-9.0907778, 43.1903468], [-9.0908642, 43.1903634], [-9.0908607, 43.1904012]]], [[[-9.0891466, 43.1904516], [-9.0891213, 43.1903966], [-9.089146, 43.1903311], [-9.0892235, 43.1904377], [-9.0891466, 43.1904516]]], [[[-9.0890459, 43.1904883], [-9.0890596, 43.1905497], [-9.0889918, 43.1905545], [-9.0890173, 43.1904142], [-9.0890459, 43.1904883]]], [[[-9.0901281, 43.1908364], [-9.0900008, 43.1909335], [-9.089969, 43.1909074], [-9.0900227, 43.1907248], [-9.0901281, 43.1908364]]], [[[-9.1011038, 43.1919995], [-9.1012244, 43.1918826], [-9.1013497, 43.1919045], [-9.101154, 43.1921474], [-9.1011038, 43.1919995]]], [[[-9.1116942, 43.1920952], [-9.1117066, 43.1922704], [-9.1114847, 43.1925265], [-9.1113122, 43.1922165], [-9.1116942, 43.1920952]]], [[[-9.1010957, 43.1923674], [-9.1012651, 43.1922333], [-9.1013502, 43.1923707], [-9.1010825, 43.1925374], [-9.1010957, 43.1923674]]], [[[-9.0979724, 43.193744], [-9.0976161, 43.1940283], [-9.0978567, 43.1930919], [-9.0983888, 43.1934213], [-9.0979724, 43.193744]]], [[[-9.0958944, 43.1939215], [-9.0960044, 43.1937792], [-9.0962088, 43.1938505], [-9.0959971, 43.1940209], [-9.0958944, 43.1939215]]], [[[-9.0971916, 43.1943468], [-9.0971811, 43.1940939], [-9.0974164, 43.1939271], [-9.0972745, 43.194373], [-9.0971916, 43.1943468]]], [[[-9.1167152, 43.1946358], [-9.1169534, 43.1944486], [-9.1173457, 43.1946699], [-9.1167946, 43.1948163], [-9.1167152, 43.1946358]]], [[[-9.1147658, 43.1949792], [-9.1145319, 43.1949733], [-9.1143591, 43.1945659], [-9.1147658, 43.1946109], [-9.1147658, 43.1949792]]], [[[-9.1159218, 43.1953132], [-9.1159785, 43.195321], [-9.1160315, 43.1948462], [-9.1161766, 43.1954448], [-9.1157307, 43.1956667], [-9.1159218, 43.1953132]]], [[[-9.1194323, 43.1963085], [-9.119397, 43.1962588], [-9.1194574, 43.1962489], [-9.1194824, 43.1962878], [-9.1194323, 43.1963085]]], [[[-9.1153109, 43.197455], [-9.114251, 43.1965891], [-9.115038, 43.1957828], [-9.1157074, 43.197079], [-9.1153109, 43.197455]]], [[[-9.1160145, 43.1968153], [-9.1163967, 43.1969872], [-9.11623, 43.197331], [-9.1160145, 43.1973458], [-9.1160145, 43.1968153]]], [[[-9.1312156, 43.1974343], [-9.1312102, 43.1975074], [-9.1311316, 43.1975311], [-9.131259, 43.1973493], [-9.1312156, 43.1974343]]], [[[-9.1330238, 43.197394], [-9.1331241, 43.1973663], [-9.1331268, 43.1976113], [-9.1329316, 43.1975066], [-9.1330238, 43.197394]]], [[[-9.1361939, 43.1975402], [-9.1373725, 43.1974754], [-9.1376099, 43.1979936], [-9.1366393, 43.1981633], [-9.1361939, 43.1975402]]], [[[-9.1245227, 43.1976197], [-9.1247418, 43.1975249], [-9.1253888, 43.1979017], [-9.1248925, 43.1979841], [-9.1245227, 43.1976197]]], [[[-9.1236185, 43.1983527], [-9.1239642, 43.1984725], [-9.1240669, 43.1987346], [-9.1237246, 43.1987196], [-9.1236185, 43.1983527]]], [[[-9.1176162, 43.199867], [-9.1171903, 43.1994683], [-9.1176152, 43.1986536], [-9.1178962, 43.199482], [-9.1176162, 43.199867]]], [[[-9.036734, 43.206487], [-9.0361549, 43.2061058], [-9.0374251, 43.2057245], [-9.0368087, 43.2061738], [-9.036734, 43.206487]]], [[[-9.0403401, 43.2114693], [-9.0403394, 43.210804], [-9.0415127, 43.2119479], [-9.040845, 43.2120247], [-9.0403401, 43.2114693]]], [[[-9.0388985, 43.2138561], [-9.0392495, 43.2142706], [-9.0391463, 43.2144874], [-9.0385844, 43.2133838], [-9.0388985, 43.2138561]]], [[[-9.0149405, 42.484934], [-8.9994898, 42.4689084], [-9.0100522, 42.4629462], [-9.0196176, 42.473998], [-9.0188966, 42.4748093], [-9.0184399, 42.4771019], [-9.0190801, 42.4784342], [-9.018227, 42.4787018], [-9.0190044, 42.4790569], [-9.0180356, 42.4795684], [-9.0186267, 42.4817221], [-9.0149405, 42.484934]]], [[[-9.019436, 42.4746435], [-9.0197229, 42.4741717], [-9.019925, 42.4743282], [-9.0197269, 42.4748113], [-9.019436, 42.4746435]]], [[[-9.0196637, 42.4757629], [-9.0197684, 42.4759166], [-9.019794, 42.4765058], [-9.0194216, 42.4761524], [-9.0196637, 42.4757629]]], [[[-9.0199963, 42.4822499], [-9.0200376, 42.4825161], [-9.0197991, 42.4826467], [-9.019791, 42.4819133], [-9.0199963, 42.4822499]]], [[[-8.9924121, 42.4853068], [-8.9926598, 42.4852598], [-8.9936124, 42.4859105], [-8.9928778, 42.4860273], [-8.9924121, 42.4853068]]], [[[-8.995139, 42.4871502], [-8.9947524, 42.4874994], [-8.9944857, 42.487201], [-8.995139, 42.4869425], [-8.995139, 42.4871502]]], [[[-9.0153237, 42.4886328], [-9.0150149, 42.4887224], [-9.0148324, 42.4885956], [-9.015252, 42.4883496], [-9.0153237, 42.4886328]]], [[[-8.9982206, 42.4883952], [-8.9969815, 42.4895306], [-8.9957321, 42.4880211], [-8.997786, 42.4876382], [-8.9982206, 42.4883952]]], [[[-9.001673, 42.4913261], [-9.0026332, 42.490643], [-9.002652, 42.492135], [-9.001732, 42.491959], [-9.001673, 42.4913261]]], [[[-9.0053254, 42.4924018], [-9.0053129, 42.4930329], [-9.0045113, 42.492805], [-9.0047781, 42.4923244], [-9.0053254, 42.4924018]]], [[[-9.0049912, 42.4938116], [-9.0047095, 42.4936923], [-9.0050272, 42.4931023], [-9.0055277, 42.4938779], [-9.0049912, 42.4938116]]], [[[-9.0005376, 42.4950874], [-9.000235, 42.495336], [-8.9995369, 42.4950074], [-9.0001313, 42.4948583], [-9.0005376, 42.4950874]]], [[[-9.0069527, 42.4971584], [-9.0068535, 42.4974906], [-9.0063063, 42.4973364], [-9.006427, 42.4969883], [-9.0069527, 42.4971584]]], [[[-9.005485, 42.4966957], [-9.0066968, 42.4989656], [-9.0060638, 42.5001759], [-9.003188, 42.4974951], [-9.005485, 42.4966957]]], [[[-9.0147074, 42.4978446], [-9.0152551, 42.4980797], [-9.0145706, 42.4988119], [-9.0143501, 42.4983935], [-9.0147074, 42.4978446]]], [[[-9.0074897, 42.4988114], [-9.0075702, 42.4986849], [-9.0077418, 42.4988727], [-9.0074066, 42.4988905], [-9.0074897, 42.4988114]]], [[[-9.0092343, 42.4989708], [-9.0096166, 42.4986433], [-9.0100565, 42.4990038], [-9.0096614, 42.4991896], [-9.0092343, 42.4989708]]], [[[-9.0065467, 42.5140053], [-9.0071914, 42.5138595], [-9.0063874, 42.5147713], [-9.0060182, 42.5143035], [-9.0065467, 42.5140053]]], [[[-9.0071097, 42.5151539], [-9.0077807, 42.5151564], [-9.0084331, 42.5147521], [-9.00741, 42.515785], [-9.0071097, 42.5151539]]], [[[-9.0095772, 42.5170656], [-9.0089982, 42.5181808], [-9.008477, 42.515832], [-9.0090348, 42.5159388], [-9.0095772, 42.5170656]]], [[[-8.9977195, 42.5279124], [-8.9971673, 42.5273578], [-8.9973014, 42.5271769], [-8.9977691, 42.5273346], [-8.9977195, 42.5279124]]], [[[-8.9798375, 42.5394526], [-8.9800543, 42.5388897], [-8.9806855, 42.5391449], [-8.9801126, 42.5397101], [-8.9798375, 42.5394526]]], [[[-8.9695054, 42.5661334], [-8.9692989, 42.5653333], [-8.9704308, 42.5652049], [-8.9698514, 42.5662796], [-8.9695054, 42.5661334]]], [[[-8.9653185, 42.5671922], [-8.9654633, 42.5670381], [-8.9652273, 42.5675814], [-8.9651147, 42.5673325], [-8.9653185, 42.5671922]]], [[[-8.9614239, 42.5710659], [-8.9610645, 42.571214], [-8.9607963, 42.5707913], [-8.9612711, 42.5707439], [-8.9614239, 42.5710659]]], [[[-8.9573396, 42.5733081], [-8.9570579, 42.573798], [-8.9566905, 42.5734938], [-8.9567173, 42.573395], [-8.9573396, 42.5733081]]], [[[-8.9644904, 42.7735624], [-8.9664406, 42.7753415], [-8.9662116, 42.7762799], [-8.9655, 42.7768292], [-8.9644904, 42.7735624]]], [[[-8.9607406, 42.7751027], [-8.960858, 42.7751043], [-8.9609023, 42.7753986], [-8.9606055, 42.7752311], [-8.9607406, 42.7751027]]], [[[-9.0339683, 43.2131999], [-9.0340058, 43.2131815], [-9.0340233, 43.2132067], [-9.0339791, 43.2132109], [-9.0339683, 43.2131999]]], [[[-9.0340754, 43.2135598], [-9.0341661, 43.213114], [-9.0345061, 43.2132817], [-9.0342785, 43.2136157], [-9.0340754, 43.2135598]]], [[[-9.0335557, 43.2134563], [-9.0335254, 43.2134596], [-9.0335278, 43.2134313], [-9.0335506, 43.213431], [-9.0335557, 43.2134563]]], [[[-9.0347931, 43.2142813], [-9.0347533, 43.2142666], [-9.0347793, 43.2142113], [-9.0348298, 43.2142337], [-9.0347931, 43.2142813]]], [[[-9.0330897, 43.2142972], [-9.0331686, 43.2142306], [-9.0331974, 43.2142724], [-9.0331413, 43.2143074], [-9.0330897, 43.2142972]]], [[[-9.0348901, 43.2144145], [-9.0348691, 43.2144155], [-9.0348498, 43.2143962], [-9.0349121, 43.2143856], [-9.0348901, 43.2144145]]], [[[-9.0350609, 43.2144219], [-9.0350938, 43.214434], [-9.035065, 43.2144705], [-9.0350428, 43.2144449], [-9.0350609, 43.2144219]]], [[[-9.0349735, 43.2146234], [-9.0350218, 43.2146166], [-9.035036, 43.214654], [-9.03498, 43.2146483], [-9.0349735, 43.2146234]]], [[[-9.0350297, 43.2147168], [-9.0350115, 43.2146851], [-9.0350925, 43.214704], [-9.0350623, 43.2147225], [-9.0350297, 43.2147168]]], [[[-9.0342338, 43.214799], [-9.0341891, 43.2147281], [-9.0343612, 43.2147084], [-9.0343604, 43.2147679], [-9.0342338, 43.214799]]], [[[-9.0303051, 43.2164818], [-9.0301675, 43.2164932], [-9.0301321, 43.2164216], [-9.0302736, 43.2163814], [-9.0303051, 43.2164818]]], [[[-9.032785, 43.2164187], [-9.0334088, 43.2167228], [-9.0331053, 43.217073], [-9.0323251, 43.2164416], [-9.032785, 43.2164187]]], [[[-8.9851452, 43.2221112], [-8.985144, 43.2220682], [-8.9852385, 43.2220871], [-8.9852326, 43.2221051], [-8.9851452, 43.2221112]]], [[[-8.9854934, 43.2221151], [-8.9854934, 43.2220965], [-8.9855297, 43.2221039], [-8.9855166, 43.2221151], [-8.9854934, 43.2221151]]], [[[-9.0185211, 43.2229273], [-9.0185651, 43.2230909], [-9.018368, 43.2230819], [-9.0184076, 43.2229413], [-9.0185211, 43.2229273]]], [[[-9.0207333, 43.2228958], [-9.0212471, 43.2231433], [-9.0212482, 43.2232234], [-9.0206951, 43.2232469], [-9.0207333, 43.2228958]]], [[[-9.0198021, 43.2231608], [-9.0197571, 43.2232556], [-9.0196053, 43.2232353], [-9.0197409, 43.2231371], [-9.0198021, 43.2231608]]], [[[-9.0183993, 43.2235756], [-9.0183505, 43.2233504], [-9.0187001, 43.2234097], [-9.01857, 43.2235815], [-9.0183993, 43.2235756]]], [[[-9.0172581, 43.2236348], [-9.0171991, 43.2237045], [-9.0170619, 43.2236122], [-9.0171282, 43.2235595], [-9.0172581, 43.2236348]]], [[[-8.9866945, 43.2235623], [-8.9868065, 43.2235189], [-8.9869178, 43.2236669], [-8.9867355, 43.2237418], [-8.9866945, 43.2235623]]], [[[-8.973229, 43.2252212], [-8.9732707, 43.2252402], [-8.9732714, 43.2252683], [-8.9731749, 43.2252478], [-8.973229, 43.2252212]]], [[[-8.9734993, 43.2253258], [-8.9734106, 43.2253556], [-8.973296, 43.2252438], [-8.9733747, 43.2252285], [-8.9734993, 43.2253258]]], [[[-8.9691611, 43.2253823], [-8.9690655, 43.225488], [-8.9688248, 43.2253694], [-8.9690478, 43.2253152], [-8.9691611, 43.2253823]]], [[[-8.9751397, 43.2256043], [-8.9752064, 43.2256944], [-8.9750767, 43.2257154], [-8.9750308, 43.2256543], [-8.9751397, 43.2256043]]], [[[-8.984052, 43.2266508], [-8.9841502, 43.2269555], [-8.9839987, 43.2272018], [-8.9839383, 43.226766], [-8.984052, 43.2266508]]], [[[-8.9825635, 43.2282162], [-8.9825524, 43.2282357], [-8.982497, 43.2282594], [-8.9825022, 43.2282133], [-8.9825635, 43.2282162]]], [[[-8.9545679, 43.2284713], [-8.9547836, 43.2283588], [-8.9549495, 43.2284371], [-8.9546426, 43.2285863], [-8.9545679, 43.2284713]]], [[[-8.9545674, 43.2286703], [-8.9545965, 43.2286604], [-8.9546123, 43.2286796], [-8.9545976, 43.228689], [-8.9545674, 43.2286703]]], [[[-8.9658962, 43.2287432], [-8.965891, 43.2287176], [-8.9659573, 43.2287271], [-8.9659092, 43.2287565], [-8.9658962, 43.2287432]]], [[[-8.9613469, 43.2286824], [-8.9614865, 43.2286529], [-8.9615595, 43.2288173], [-8.9612673, 43.2288126], [-8.9613469, 43.2286824]]], [[[-8.9584965, 43.2287379], [-8.9584075, 43.2288013], [-8.9583564, 43.2287497], [-8.9584577, 43.2287047], [-8.9584965, 43.2287379]]], [[[-8.9643282, 43.2288139], [-8.96435, 43.228811], [-8.9643699, 43.2288312], [-8.9643461, 43.2288544], [-8.9643282, 43.2288139]]], [[[-8.9662287, 43.2289658], [-8.9661984, 43.2289588], [-8.9662075, 43.2289077], [-8.9662426, 43.2289276], [-8.9662287, 43.2289658]]], [[[-8.9664467, 43.2294559], [-8.966186, 43.229312], [-8.9664613, 43.2290202], [-8.9666565, 43.2292682], [-8.9664467, 43.2294559]]], [[[-8.9808529, 43.2294737], [-8.9808885, 43.2295247], [-8.9807748, 43.2295958], [-8.9807484, 43.2295205], [-8.9808529, 43.2294737]]], [[[-8.9666799, 43.2296832], [-8.9666087, 43.2297392], [-8.9665511, 43.2296989], [-8.9666403, 43.2296569], [-8.9666799, 43.2296832]]], [[[-8.9664503, 43.2297888], [-8.9664761, 43.2297974], [-8.9664059, 43.2298297], [-8.9663986, 43.2297909], [-8.9664503, 43.2297888]]], [[[-8.9545579, 43.2298021], [-8.9545855, 43.2298624], [-8.9544992, 43.2299136], [-8.9544903, 43.2298372], [-8.9545579, 43.2298021]]], [[[-8.9668411, 43.2298792], [-8.9668671, 43.2298744], [-8.9668801, 43.2298868], [-8.9668216, 43.2298886], [-8.9668411, 43.2298792]]], [[[-9.0123579, 43.2339863], [-9.0123097, 43.2340593], [-9.0121676, 43.2339216], [-9.0122602, 43.233917], [-9.0123579, 43.2339863]]], [[[-9.0141033, 43.2351257], [-9.0139465, 43.2351827], [-9.0137355, 43.2350156], [-9.0138468, 43.235004], [-9.0141033, 43.2351257]]], [[[-8.9905111, 43.2732277], [-8.990406, 43.2732992], [-8.9903763, 43.2733092], [-8.9903992, 43.2732177], [-8.9905111, 43.2732277]]], [[[-8.9869377, 43.2774805], [-8.9868928, 43.2774426], [-8.9870335, 43.2774649], [-8.9870156, 43.2774891], [-8.9869377, 43.2774805]]], [[[-8.9837814, 43.2830139], [-8.983936, 43.2830302], [-8.9840054, 43.2830204], [-8.9837814, 43.2831753], [-8.9837814, 43.2830139]]], [[[-8.9795404, 43.2839634], [-8.9796785, 43.2838013], [-8.9797937, 43.2838963], [-8.9797094, 43.2839543], [-8.9795404, 43.2839634]]], [[[-8.9621519, 43.2893476], [-8.9625442, 43.2903062], [-8.9620398, 43.2905237], [-8.9618997, 43.2900954], [-8.9621519, 43.2893476]]], [[[-8.9368079, 42.3413092], [-8.9370056, 42.3412885], [-8.9368573, 42.3416221], [-8.9367993, 42.3414871], [-8.9368079, 42.3413092]]], [[[-8.937749, 42.3420064], [-8.9381207, 42.3415347], [-8.9384301, 42.3417285], [-8.9382453, 42.3421319], [-8.937749, 42.3420064]]], [[[-8.9372728, 42.3489172], [-8.9330662, 42.3488541], [-8.9321073, 42.3470149], [-8.9367858, 42.3422123], [-8.9372728, 42.3489172]]], [[[-8.9448716, 42.3549128], [-8.9449444, 42.3549817], [-8.9447959, 42.3549623], [-8.9448861, 42.3547988], [-8.9448716, 42.3549128]]], [[[-8.9458401, 42.3550184], [-8.9459075, 42.3552696], [-8.945575, 42.3552399], [-8.9457586, 42.354925], [-8.9458401, 42.3550184]]], [[[-8.9453694, 42.3553066], [-8.9453461, 42.355227], [-8.9454801, 42.3550247], [-8.9454975, 42.3551969], [-8.9456053, 42.3553023], [-8.9453694, 42.3553066]]], [[[-8.9448388, 42.3555372], [-8.9447185, 42.3556319], [-8.9446308, 42.3549807], [-8.9449538, 42.355218], [-8.9448388, 42.3555372]]], [[[-8.9379384, 42.3553041], [-8.9380833, 42.3553494], [-8.9380801, 42.3554612], [-8.9379674, 42.3555041], [-8.9379384, 42.3553041]]], [[[-8.9460474, 42.3568262], [-8.9460626, 42.3571124], [-8.9451584, 42.3575432], [-8.9457559, 42.3566001], [-8.946378, 42.3564361], [-8.9460474, 42.3568262]]], [[[-8.9448782, 42.3586509], [-8.9447871, 42.3583229], [-8.945081, 42.3581597], [-8.9450807, 42.3583545], [-8.9448782, 42.3586509]]], [[[-8.9477332, 42.3669784], [-8.948899, 42.3663577], [-8.9496301, 42.3674179], [-8.9488634, 42.3677465], [-8.9477332, 42.3669784]]], [[[-8.9440088, 42.3779211], [-8.9323065, 42.3980937], [-8.9204797, 42.3992977], [-8.9389063, 42.3551679], [-8.9484546, 42.3612584], [-8.9383348, 42.3706819], [-8.9440088, 42.3779211]]], [[[-8.9343451, 42.389957], [-8.9347843, 42.3902991], [-8.9347023, 42.3907827], [-8.9341119, 42.3903884], [-8.9343451, 42.389957]]], [[[-8.9341876, 42.452412], [-8.9340749, 42.452321], [-8.9335814, 42.4525743], [-8.9339355, 42.4522339], [-8.9342037, 42.4522735], [-8.9341876, 42.452412]]], [[[-8.9347562, 42.4536034], [-8.9349118, 42.4535242], [-8.9349386, 42.4535955], [-8.9347562, 42.4536034]]], [[[-8.9352696, 42.4537938], [-8.9353554, 42.4538056], [-8.9352803, 42.4538729], [-8.9352696, 42.4537938]]], [[[-8.934724, 42.4539913], [-8.9346382, 42.4539279], [-8.9347079, 42.4538646], [-8.9347723, 42.4539121], [-8.934724, 42.4539913]]], [[[-8.9379856, 42.4582736], [-8.9379963, 42.4581312], [-8.9381396, 42.4581751], [-8.9380983, 42.4582697], [-8.9379856, 42.4582736]]], [[[-8.9381181, 42.4586421], [-8.9381787, 42.4588435], [-8.9380768, 42.4588831], [-8.9380232, 42.4587644], [-8.9381181, 42.4586421]]], [[[-8.9407805, 42.4619027], [-8.9405122, 42.4617722], [-8.9404747, 42.4616336], [-8.940877, 42.4616811], [-8.9407805, 42.4619027]]], [[[-8.9420787, 42.4617365], [-8.9420357, 42.4620492], [-8.9419177, 42.4621442], [-8.9418104, 42.4619107], [-8.9420787, 42.4617365]]], [[[-8.941392, 42.462247], [-8.9414725, 42.46216], [-8.9415959, 42.4622193], [-8.9415315, 42.4623183], [-8.941392, 42.462247]]], [[[-8.9430979, 42.4631216], [-8.9427438, 42.4630821], [-8.9425883, 42.4628327], [-8.9430051, 42.4627105], [-8.9430979, 42.4631216]]], [[[-8.9441477, 42.4633793], [-8.944321, 42.4635292], [-8.9440849, 42.4636757], [-8.9439439, 42.4633793], [-8.9441477, 42.4633793]]], [[[-8.942658, 42.4640477], [-8.9421645, 42.4641506], [-8.9421377, 42.4633749], [-8.9427653, 42.4635649], [-8.942658, 42.4640477]]], [[[-8.9428189, 42.4638894], [-8.9434251, 42.463557], [-8.9437684, 42.4643286], [-8.9428029, 42.4642416], [-8.9428189, 42.4638894]]], [[[-8.9434251, 42.4658205], [-8.9433822, 42.4658997], [-8.9432588, 42.4657414], [-8.9433608, 42.4657453], [-8.9434251, 42.4658205]]], [[[-8.9432159, 42.4660342], [-8.9432856, 42.4659669], [-8.9433715, 42.4660144], [-8.9433071, 42.4660817], [-8.9432159, 42.4660342]]], [[[-8.943173, 42.466331], [-8.9431194, 42.4663904], [-8.9429799, 42.4663231], [-8.9430121, 42.4662796], [-8.943173, 42.466331]]], [[[-8.9392677, 42.466422], [-8.9393857, 42.466327], [-8.9396057, 42.4665605], [-8.9394715, 42.4665566], [-8.9392677, 42.466422]]], [[[-8.9402011, 42.4676448], [-8.9402601, 42.4676369], [-8.9402655, 42.4677081], [-8.9402011, 42.4676448]]], [[[-8.9393895, 42.4683377], [-8.939427, 42.4682823], [-8.9395129, 42.4683139], [-8.9394646, 42.4683614], [-8.9393895, 42.4683377]]], [[[-8.9402263, 42.4689985], [-8.9404194, 42.4689629], [-8.9405267, 42.4690578], [-8.9403497, 42.4691291], [-8.9402263, 42.4689985]]], [[[-8.943953, 42.477271], [-8.9442329, 42.4767495], [-8.945002, 42.4764654], [-8.9443644, 42.4779757], [-8.943953, 42.477271]]], [[[-8.9401912, 42.5518327], [-8.938509, 42.549392], [-8.938683, 42.548365], [-8.940764, 42.550419], [-8.9401912, 42.5518327]]], [[[-8.9341555, 42.5823094], [-8.9345045, 42.5812824], [-8.9355455, 42.5820534], [-8.9345035, 42.5825664], [-8.9341555, 42.5823094]]], [[[-8.9544727, 43.2286157], [-8.9544669, 43.228632], [-8.9544275, 43.2286258], [-8.9544332, 43.2286095], [-8.9544727, 43.2286157]]], [[[-8.9544939, 43.2286654], [-8.9544824, 43.2287436], [-8.9543971, 43.2287221], [-8.9544283, 43.2286474], [-8.9544939, 43.2286654]]], [[[-8.9544487, 43.2287763], [-8.9544358, 43.2287609], [-8.9544575, 43.2287521], [-8.9544633, 43.2287584], [-8.9544487, 43.2287763]]], [[[-8.9542204, 43.2288687], [-8.9541897, 43.2288724], [-8.9541923, 43.2288285], [-8.9542048, 43.228832], [-8.9542204, 43.2288687]]], [[[-8.9540722, 43.2289664], [-8.9540612, 43.2289487], [-8.9540731, 43.2289304], [-8.9541008, 43.2289471], [-8.9540722, 43.2289664]]], [[[-8.9540023, 43.2289385], [-8.9540379, 43.228918], [-8.9540443, 43.2289795], [-8.9540025, 43.2289947], [-8.9540023, 43.2289385]]], [[[-8.9539609, 43.2289776], [-8.9539528, 43.2289724], [-8.9539735, 43.2289643], [-8.9539681, 43.2289754], [-8.9539609, 43.2289776]]], [[[-8.9542943, 43.2294915], [-8.9542442, 43.2294731], [-8.9543039, 43.2293999], [-8.9543271, 43.2294149], [-8.9542943, 43.2294915]]], [[[-8.9541986, 43.2295085], [-8.9542119, 43.2294932], [-8.9542232, 43.229501], [-8.9542137, 43.2295149], [-8.9541986, 43.2295085]]], [[[-8.9538857, 43.2301966], [-8.9539721, 43.2297244], [-8.9543895, 43.2296253], [-8.9541738, 43.2301219], [-8.9538857, 43.2301966]]], [[[-8.9538428, 43.2299442], [-8.9538496, 43.2299338], [-8.953863, 43.2299344], [-8.9538516, 43.2299466], [-8.9538428, 43.2299442]]], [[[-8.9537912, 43.2300274], [-8.9538057, 43.2300245], [-8.9538175, 43.230043], [-8.9538003, 43.2300458], [-8.9537912, 43.2300274]]], [[[-8.9516282, 43.2300502], [-8.9516467, 43.2300248], [-8.9516686, 43.2300576], [-8.9516526, 43.2300701], [-8.9516282, 43.2300502]]], [[[-8.9537183, 43.2301433], [-8.9537602, 43.230111], [-8.9537836, 43.2300467], [-8.9537972, 43.230123], [-8.9537054, 43.2302037], [-8.9537183, 43.2301433]]], [[[-8.9537835, 43.2302309], [-8.9537614, 43.2302309], [-8.9537688, 43.2301773], [-8.9537894, 43.2301998], [-8.9537835, 43.2302309]]], [[[-8.9536269, 43.2302557], [-8.9536196, 43.2302704], [-8.9535989, 43.2302506], [-8.9536226, 43.2302438], [-8.9536269, 43.2302557]]], [[[-8.9536681, 43.2302936], [-8.9536788, 43.2302618], [-8.9537104, 43.2302703], [-8.95371, 43.2302911], [-8.9536681, 43.2302936]]], [[[-8.9534589, 43.2303386], [-8.9534542, 43.2302934], [-8.9534704, 43.2302723], [-8.9534902, 43.2303231], [-8.9534589, 43.2303386]]], [[[-8.9540485, 43.2303035], [-8.9542105, 43.2305396], [-8.9539657, 43.2307178], [-8.9536992, 43.2303825], [-8.9540485, 43.2303035]]], [[[-8.9525239, 43.2305884], [-8.9525165, 43.2305649], [-8.952543, 43.2305601], [-8.9525381, 43.2305822], [-8.9525239, 43.2305884]]], [[[-8.9525515, 43.2306043], [-8.9525569, 43.2305875], [-8.9525858, 43.2306009], [-8.9525696, 43.2306227], [-8.9525515, 43.2306043]]], [[[-8.9527576, 43.230699], [-8.9527561, 43.2306235], [-8.9527878, 43.2306212], [-8.9527871, 43.2306724], [-8.9527576, 43.230699]]], [[[-8.9435482, 43.2332905], [-8.9428806, 43.233713], [-8.9421173, 43.232334], [-8.943633, 43.232516], [-8.9435482, 43.2332905]]], [[[-8.9502199, 43.2452294], [-8.9502076, 43.2451936], [-8.9502392, 43.24517], [-8.9502418, 43.2451968], [-8.9502199, 43.2452294]]], [[[-8.9510094, 43.2454425], [-8.9511396, 43.2452911], [-8.951245, 43.2458677], [-8.9509668, 43.2457222], [-8.9510094, 43.2454425]]], [[[-8.9508344, 43.2461331], [-8.9510118, 43.2459258], [-8.9511341, 43.2460287], [-8.9510037, 43.2463064], [-8.9508344, 43.2461331]]], [[[-8.951231, 43.2466501], [-8.9512781, 43.2467114], [-8.9512179, 43.2467874], [-8.9511377, 43.246699], [-8.951231, 43.2466501]]], [[[-8.9511657, 43.2468065], [-8.9511642, 43.2468934], [-8.9510864, 43.2469675], [-8.9511226, 43.2467795], [-8.9511657, 43.2468065]]], [[[-8.9513194, 43.2468526], [-8.9513915, 43.2469405], [-8.9512053, 43.2470159], [-8.9511738, 43.2469261], [-8.9513194, 43.2468526]]], [[[-8.9511403, 43.2470407], [-8.9511242, 43.247073], [-8.9510388, 43.2471257], [-8.9511413, 43.2469543], [-8.9511403, 43.2470407]]], [[[-8.9515575, 43.2475125], [-8.9515937, 43.2474872], [-8.9516191, 43.2475158], [-8.9515783, 43.2475293], [-8.9515575, 43.2475125]]], [[[-8.9517365, 43.2474965], [-8.9517881, 43.2474404], [-8.9518706, 43.2475173], [-8.9517696, 43.2475795], [-8.9517365, 43.2474965]]], [[[-8.9520506, 43.247543], [-8.9522062, 43.2475593], [-8.9519851, 43.2477489], [-8.9519204, 43.2475957], [-8.9520506, 43.247543]]], [[[-8.9527678, 43.2482255], [-8.9527409, 43.24835], [-8.952642, 43.2481328], [-8.9527469, 43.248124], [-8.9527678, 43.2482255]]], [[[-8.9525131, 43.2484087], [-8.9525464, 43.2483669], [-8.9525831, 43.2483987], [-8.9525533, 43.2484213], [-8.9525131, 43.2484087]]], [[[-8.9526709, 43.2485423], [-8.9527194, 43.2486355], [-8.9525407, 43.2485513], [-8.9526286, 43.2485272], [-8.9526709, 43.2485423]]], [[[-8.9545468, 43.2575787], [-8.9547771, 43.2577053], [-8.9543686, 43.2582369], [-8.9541861, 43.2578065], [-8.9545468, 43.2575787]]], [[[-8.9520333, 43.293769], [-8.9526448, 43.2937361], [-8.9528277, 43.2939036], [-8.9519173, 43.2940424], [-8.9520333, 43.293769]]], [[[-8.898408, 42.1154991], [-8.8990411, 42.1135413], [-8.9013799, 42.1154593], [-8.901043, 42.1158881], [-8.898408, 42.1154991]]], [[[-8.8629451, 42.1453422], [-8.8655669, 42.1450351], [-8.866566, 42.1469737], [-8.8633829, 42.147464], [-8.8629451, 42.1453422]]], [[[-8.8577714, 42.1466241], [-8.8556905, 42.1485799], [-8.852923, 42.145008], [-8.8557088, 42.1444617], [-8.8577714, 42.1466241]]], [[[-8.9102847, 42.1794522], [-8.9089504, 42.1790089], [-8.9094384, 42.1782856], [-8.9108446, 42.1783452], [-8.9102847, 42.1794522]]], [[[-8.9073826, 42.1918308], [-8.9088431, 42.2074186], [-8.8891964, 42.1923442], [-8.8984103, 42.1946072], [-8.9073826, 42.1918308]]], [[[-8.8982279, 42.2138561], [-8.8985927, 42.2142252], [-8.8988553, 42.2153654], [-8.8977078, 42.2149175], [-8.8982279, 42.2138561]]], [[[-8.9021654, 42.2161483], [-8.9169342, 42.2128201], [-8.9054508, 42.2248695], [-8.918155, 42.250933], [-8.9015566, 42.2416863], [-8.895469, 42.2274485], [-8.9021654, 42.2161483]]], [[[-8.9026886, 42.243316], [-8.9030708, 42.2434616], [-8.9032761, 42.2437316], [-8.9027467, 42.2436031], [-8.9026886, 42.243316]]], [[[-8.8625129, 42.3056794], [-8.8624006, 42.3058106], [-8.8620299, 42.3056352], [-8.8623413, 42.3054255], [-8.8625129, 42.3056794]]], [[[-8.8636489, 42.3063082], [-8.8634682, 42.3061916], [-8.8634938, 42.3061295], [-8.8637612, 42.306177], [-8.8636489, 42.3063082]]], [[[-8.8628708, 42.3066554], [-8.862735, 42.3064011], [-8.8630108, 42.3063183], [-8.8630063, 42.3065876], [-8.8628708, 42.3066554]]], [[[-8.8645287, 42.3066421], [-8.8641578, 42.3069367], [-8.8636028, 42.306832], [-8.8643572, 42.3065391], [-8.8645287, 42.3066421]]], [[[-8.8636765, 42.3075178], [-8.8638707, 42.3074137], [-8.8639792, 42.3074638], [-8.8638437, 42.3075316], [-8.8636765, 42.3075178]]], [[[-8.9213672, 42.4005078], [-8.9211523, 42.4011099], [-8.920348, 42.4004405], [-8.9209756, 42.3999116], [-8.9213672, 42.4005078]]], [[[-8.8788258, 42.4304494], [-8.8790022, 42.4295103], [-8.8804312, 42.4294369], [-8.8802013, 42.4301187], [-8.8788258, 42.4304494]]], [[[-8.9292309, 42.4498709], [-8.9290753, 42.4494394], [-8.9296265, 42.4493292], [-8.9297445, 42.4495706], [-8.9292309, 42.4498709]]], [[[-8.9235612, 42.4519757], [-8.9229109, 42.4522562], [-8.9229365, 42.4513746], [-8.9231875, 42.4514313], [-8.9235612, 42.4519757]]], [[[-8.858515, 42.463594], [-8.860766, 42.464623], [-8.860415, 42.46642], [-8.8558012, 42.4620428], [-8.858515, 42.463594]]], [[[-8.8758585, 42.5003618], [-8.8770392, 42.5011212], [-8.8755044, 42.5018568], [-8.8755474, 42.5007969], [-8.8758585, 42.5003618]]], [[[-8.8652182, 42.5193308], [-8.8649058, 42.5193739], [-8.866131, 42.5185548], [-8.8661172, 42.5191856], [-8.8652182, 42.5193308]]], [[[-8.8686039, 42.5201381], [-8.8687289, 42.5203027], [-8.8685153, 42.5206198], [-8.8683025, 42.5202976], [-8.8686039, 42.5201381]]], [[[-8.8695967, 42.5215094], [-8.8702409, 42.5212422], [-8.8705521, 42.5213162], [-8.8702134, 42.5218557], [-8.8695967, 42.5215094]]], [[[-8.8776731, 42.5279293], [-8.877282, 42.527782], [-8.8776302, 42.5272624], [-8.8780676, 42.527629], [-8.8776731, 42.5279293]]], [[[-8.9095243, 42.533736], [-8.9080028, 42.5345079], [-8.9070555, 42.5345299], [-8.9086842, 42.5324472], [-8.9095243, 42.533736]]], [[[-8.8714615, 42.5352546], [-8.871612, 42.5350689], [-8.87186, 42.5353564], [-8.8716079, 42.5355871], [-8.8714615, 42.5352546]]], [[[-8.875013, 42.5352953], [-8.87519, 42.536074], [-8.8739937, 42.5360148], [-8.8745248, 42.5352953], [-8.875013, 42.5352953]]], [[[-8.9022175, 42.5360133], [-8.9024093, 42.5361114], [-8.9023355, 42.5362322], [-8.9020952, 42.5361366], [-8.9022175, 42.5360133]]], [[[-8.9025832, 42.5365345], [-8.9028031, 42.536028], [-8.9030859, 42.5360584], [-8.9031164, 42.5363809], [-8.9025832, 42.5365345]]], [[[-8.8773163, 42.536379], [-8.8772405, 42.5365675], [-8.8769752, 42.5365396], [-8.877051, 42.5363301], [-8.8773163, 42.536379]]], [[[-8.8787281, 42.5369794], [-8.8787755, 42.5368189], [-8.8786239, 42.5367211], [-8.8789745, 42.5368817], [-8.8787281, 42.5369794]]], [[[-8.90121, 42.5375867], [-8.9015884, 42.5377003], [-8.9019925, 42.5379616], [-8.901037, 42.538072], [-8.90121, 42.5375867]]], [[[-8.9068987, 42.5416224], [-8.9057824, 42.5421752], [-8.9056942, 42.5399563], [-8.9062749, 42.5403044], [-8.9068987, 42.5416224]]], [[[-8.89964, 42.543461], [-8.8981468, 42.5409116], [-8.9031719, 42.5393859], [-8.90051, 42.541152], [-8.89964, 42.543461]]], [[[-8.9065133, 42.5426955], [-8.9068376, 42.5427778], [-8.9066534, 42.5431473], [-8.9065091, 42.5430378], [-8.9065133, 42.5426955]]], [[[-8.9147176, 42.5438461], [-8.9150812, 42.5437013], [-8.9154724, 42.5441041], [-8.9147547, 42.5443663], [-8.9147176, 42.5438461]]], [[[-8.8881648, 42.5445973], [-8.8881451, 42.5445173], [-8.8882955, 42.5441765], [-8.8885733, 42.5445402], [-8.8881648, 42.5445973]]], [[[-8.9129413, 42.5447573], [-8.9118025, 42.5453294], [-8.911869, 42.5439756], [-8.9128188, 42.5441065], [-8.9129413, 42.5447573]]], [[[-8.8875759, 42.5451948], [-8.8872091, 42.5451777], [-8.8875374, 42.5442696], [-8.8879374, 42.54451], [-8.8875759, 42.5451948]]], [[[-8.9078096, 42.545203], [-8.9077813, 42.5468337], [-8.9059279, 42.543842], [-8.9071533, 42.5436706], [-8.9078096, 42.545203]]], [[[-8.8876785, 42.5453785], [-8.8881569, 42.5454169], [-8.8882022, 42.5456396], [-8.887965, 42.5457058], [-8.8876785, 42.5453785]]], [[[-8.8731453, 42.5456417], [-8.8734529, 42.5454076], [-8.8737109, 42.5455566], [-8.8736897, 42.5457145], [-8.8731453, 42.5456417]]], [[[-8.9149204, 42.5445738], [-8.9170524, 42.5454895], [-8.916636, 42.5475185], [-8.9133541, 42.5456451], [-8.9149204, 42.5445738]]], [[[-8.8736118, 42.5477559], [-8.8719721, 42.5629704], [-8.8806935, 42.5576119], [-8.8918005, 42.5680415], [-8.8845079, 42.5732784], [-8.8687251, 42.5634372], [-8.8567968, 42.5676569], [-8.861071, 42.5492386], [-8.8473864, 42.5454208], [-8.8676308, 42.543702], [-8.8637643, 42.5263992], [-8.8711432, 42.5250771], [-8.8816967, 42.5302234], [-8.870181, 42.5324758], [-8.8727946, 42.5384512], [-8.8799689, 42.5400824], [-8.8736118, 42.5477559]]], [[[-8.8775507, 42.554569], [-8.8779007, 42.554407], [-8.877926, 42.5550628], [-8.8774267, 42.5546744], [-8.8775507, 42.554569]]], [[[-8.8747919, 42.5552762], [-8.8744692, 42.5556144], [-8.8732946, 42.5539601], [-8.8746645, 42.5544444], [-8.8747919, 42.5552762]]], [[[-8.8895997, 42.5643056], [-8.8899538, 42.564756], [-8.8897768, 42.5648627], [-8.8895068, 42.5647232], [-8.8895997, 42.5643056]]], [[[-8.8903307, 42.5659124], [-8.8905094, 42.5659465], [-8.8904909, 42.5660213], [-8.8903831, 42.5660418], [-8.8903307, 42.5659124]]], [[[-8.8912967, 42.5669317], [-8.891095, 42.5668326], [-8.8911374, 42.5667127], [-8.891417, 42.5668587], [-8.8912967, 42.5669317]]], [[[-8.9182327, 42.5859516], [-8.9182204, 42.5862569], [-8.917847, 42.5863391], [-8.917806, 42.586082], [-8.9182327, 42.5859516]]], [[[-8.87783, 42.602472], [-8.8763922, 42.6027678], [-8.8771609, 42.6003807], [-8.8777971, 42.6010442], [-8.87783, 42.602472]]], [[[-8.8696366, 42.6046648], [-8.8700154, 42.6054918], [-8.8686386, 42.6049766], [-8.8689852, 42.6041302], [-8.8696366, 42.6046648]]], [[[-8.8684037, 42.6067469], [-8.867708, 42.6069136], [-8.8675013, 42.6063049], [-8.8684792, 42.6060441], [-8.8684037, 42.6067469]]], [[[-8.9145633, 43.2932174], [-8.9146608, 43.2932093], [-8.9147056, 43.2932914], [-8.9144179, 43.2932729], [-8.9145633, 43.2932174]]], [[[-8.9151771, 43.2932773], [-8.9150806, 43.2933439], [-8.9149843, 43.2932754], [-8.9151263, 43.2931922], [-8.9151771, 43.2932773]]], [[[-8.9288059, 43.2934699], [-8.9288791, 43.293532], [-8.9287694, 43.2935705], [-8.9287287, 43.2935439], [-8.9288059, 43.2934699]]], [[[-8.9254358, 43.2939197], [-8.9255479, 43.2936648], [-8.925786, 43.2937294], [-8.9256553, 43.2938619], [-8.9254358, 43.2939197]]], [[[-8.9087445, 43.2978177], [-8.9088235, 43.2977081], [-8.909034, 43.2977641], [-8.9086227, 43.297953], [-8.9087445, 43.2978177]]], [[[-8.9090265, 43.2978309], [-8.9091707, 43.2978729], [-8.9089154, 43.2979903], [-8.9089485, 43.2978745], [-8.9090265, 43.2978309]]], [[[-8.9094818, 43.3049044], [-8.9101729, 43.3044547], [-8.9104616, 43.3044252], [-8.9093232, 43.3054429], [-8.9094818, 43.3049044]]], [[[-8.9092567, 43.3055753], [-8.9093012, 43.3061002], [-8.9080495, 43.3060077], [-8.9088467, 43.3051508], [-8.9092567, 43.3055753]]], [[[-8.914164, 43.3066086], [-8.9139362, 43.3066632], [-8.9138257, 43.3064496], [-8.9140876, 43.306496], [-8.914164, 43.3066086]]], [[[-8.9157081, 43.3067109], [-8.915698, 43.3066636], [-8.915826, 43.306631], [-8.9158382, 43.306705], [-8.9157081, 43.3067109]]], [[[-8.9152304, 43.3066887], [-8.9152996, 43.3066162], [-8.9154195, 43.3066887], [-8.9153382, 43.3067686], [-8.9152304, 43.3066887]]], [[[-8.9154845, 43.3067952], [-8.9155496, 43.3067006], [-8.9156492, 43.3067834], [-8.9156085, 43.3067952], [-8.9154845, 43.3067952]]], [[[-8.9134018, 43.3164175], [-8.9133063, 43.316413], [-8.9133972, 43.3163155], [-8.9134419, 43.3163435], [-8.9134018, 43.3164175]]], [[[-8.9128179, 43.3165094], [-8.9128816, 43.3164914], [-8.9130763, 43.3165223], [-8.9127684, 43.3166716], [-8.9128179, 43.3165094]]], [[[-8.9133894, 43.318997], [-8.9136042, 43.3193435], [-8.9126235, 43.3190173], [-8.913212, 43.3187931], [-8.9133894, 43.318997]]], [[[-8.8754497, 43.3192476], [-8.8766206, 43.3198451], [-8.8767995, 43.3205076], [-8.8748074, 43.3192417], [-8.8754497, 43.3192476]]], [[[-8.8781355, 43.3205516], [-8.8781414, 43.3203274], [-8.8782916, 43.3202728], [-8.8783989, 43.3205538], [-8.8781355, 43.3205516]]], [[[-8.8765992, 43.3206012], [-8.876704, 43.3206819], [-8.8766855, 43.3209598], [-8.876285, 43.3207088], [-8.8765992, 43.3206012]]], [[[-8.8784176, 43.3214436], [-8.8779376, 43.3216543], [-8.8777337, 43.3208348], [-8.8780448, 43.320827], [-8.8784176, 43.3214436]]], [[[-8.903702, 43.3217784], [-8.9038211, 43.3218481], [-8.903744, 43.3219347], [-8.9035992, 43.3218073], [-8.903702, 43.3217784]]], [[[-8.8558468, 43.3218728], [-8.8558915, 43.3218964], [-8.8557492, 43.321929], [-8.8558021, 43.3218225], [-8.8558468, 43.3218728]]], [[[-8.9031397, 43.3223984], [-8.903263, 43.3222504], [-8.9034663, 43.3223177], [-8.9034601, 43.3224208], [-8.9031397, 43.3223984]]], [[[-8.8542013, 42.4557388], [-8.854895, 42.454863], [-8.855238, 42.456403], [-8.854198, 42.456658], [-8.8542013, 42.4557388]]], [[[-8.8523774, 42.4571557], [-8.8536863, 42.4561742], [-8.854094, 42.4573378], [-8.852809, 42.457683], [-8.8523774, 42.4571557]]], [[[-8.854197, 42.456915], [-8.8552527, 42.4564987], [-8.855236, 42.45743], [-8.85437, 42.457172], [-8.854197, 42.456915]]], [[[-8.8524415, 42.4573389], [-8.8524395, 42.4578529], [-8.8507065, 42.4581069], [-8.8521842, 42.4568153], [-8.8524415, 42.4573389]]], [[[-8.850486, 42.464184], [-8.850365, 42.464867], [-8.849324, 42.465379], [-8.851404, 42.465125], [-8.850486, 42.464184]]], [[[-8.851055, 42.466408], [-8.851057, 42.465381], [-8.851404, 42.465381], [-8.851401, 42.466408], [-8.851055, 42.466408]]], [[[-8.851399, 42.467306], [-8.848972, 42.467432], [-8.847764, 42.465633], [-8.84932, 42.467047], [-8.851399, 42.467306]]], [[[-8.830417, 42.470486], [-8.833018, 42.469976], [-8.83371, 42.470491], [-8.830589, 42.470743], [-8.830417, 42.470486]]], [[[-8.8518099, 42.472025], [-8.8515866, 42.4711011], [-8.8527077, 42.4713888], [-8.8521567, 42.4721435], [-8.8518099, 42.472025]]], [[[-8.836335, 42.482469], [-8.836284, 42.481018], [-8.8369142, 42.4808031], [-8.8378369, 42.4827792], [-8.836335, 42.482469]]], [[[-8.8446808, 42.4829062], [-8.8446593, 42.4837132], [-8.8443482, 42.4837611], [-8.8439512, 42.4833335], [-8.8446808, 42.4829062]]], [[[-8.8531841, 42.4847825], [-8.8457521, 42.5002912], [-8.8417562, 42.5006587], [-8.8440549, 42.4854827], [-8.8531841, 42.4847825]]], [[[-8.8361569, 42.4902417], [-8.8358183, 42.4950068], [-8.83364, 42.497184], [-8.83366, 42.489484], [-8.8361569, 42.4902417]]], [[[-8.8375311, 42.4931326], [-8.837812, 42.49334], [-8.8378213, 42.494397], [-8.836771, 42.493595], [-8.8375311, 42.4931326]]], [[[-8.8491736, 42.494679], [-8.8496, 42.494896], [-8.8497169, 42.4951723], [-8.8489246, 42.495268], [-8.8491736, 42.494679]]], [[[-8.8410116, 42.4987404], [-8.8408936, 42.498341], [-8.8415671, 42.497648], [-8.8413259, 42.4985561], [-8.8410116, 42.4987404]]], [[[-8.8320746, 42.5416668], [-8.8324445, 42.5417677], [-8.8321658, 42.5424572], [-8.8312861, 42.5416628], [-8.8320746, 42.5416668]]], [[[-8.8332012, 42.5443899], [-8.8330831, 42.5441251], [-8.8336035, 42.5439354], [-8.8336357, 42.5444255], [-8.8332012, 42.5443899]]], [[[-8.8345315, 42.5448247], [-8.8342311, 42.5447891], [-8.8340863, 42.5442674], [-8.8345101, 42.5444176], [-8.8345315, 42.5448247]]], [[[-8.8364198, 42.5500414], [-8.8365858, 42.5502728], [-8.8362213, 42.5503773], [-8.8362803, 42.5500098], [-8.8364198, 42.5500414]]], [[[-8.8379859, 42.5505296], [-8.8378947, 42.5509248], [-8.8377394, 42.5508989], [-8.8378897, 42.5502904], [-8.8379859, 42.5505296]]], [[[-8.8391503, 42.5509227], [-8.838587, 42.5511242], [-8.8386782, 42.5504524], [-8.8391235, 42.5507685], [-8.8391503, 42.5509227]]], [[[-8.8324446, 42.57009], [-8.8321388, 42.5699043], [-8.833024, 42.5698016], [-8.8329488, 42.5698727], [-8.8324446, 42.57009]]], [[[-8.834585, 42.5709394], [-8.834247, 42.5709236], [-8.8343114, 42.5706589], [-8.834644, 42.5707893], [-8.834585, 42.5709394]]], [[[-8.8410296, 42.5787271], [-8.8408951, 42.5786437], [-8.8409942, 42.5785134], [-8.8411004, 42.578602], [-8.8410296, 42.5787271]]], [[[-8.8404987, 42.5788574], [-8.8402793, 42.5789043], [-8.8402297, 42.578847], [-8.8403288, 42.5787427], [-8.8404987, 42.5788574]]], [[[-8.8401235, 42.5789773], [-8.8401589, 42.5791388], [-8.8399041, 42.5791076], [-8.8400032, 42.5789251], [-8.8401235, 42.5789773]]], [[[-8.8415076, 42.5813272], [-8.8416242, 42.5812862], [-8.8416808, 42.5813957], [-8.8415251, 42.5814113], [-8.8415076, 42.5813272]]], [[[-8.854845, 42.626058], [-8.855541, 42.626059], [-8.855539, 42.626829], [-8.855191, 42.626829], [-8.854845, 42.626058]]], [[[-8.8505156, 43.3254816], [-8.8504424, 43.3255304], [-8.8505156, 43.3253071], [-8.8505908, 43.325418], [-8.8505156, 43.3254816]]], [[[-8.8515448, 43.3255571], [-8.8513654, 43.3254938], [-8.8516232, 43.3253549], [-8.8516569, 43.3253883], [-8.8515448, 43.3255571]]], [[[-8.8495007, 43.3286567], [-8.8494092, 43.3286553], [-8.849395, 43.3285902], [-8.8495291, 43.3285976], [-8.8495007, 43.3286567]]], [[[-8.8493366, 43.3287407], [-8.8494117, 43.3286841], [-8.849582, 43.3287456], [-8.8493962, 43.3287885], [-8.8493366, 43.3287407]]], [[[-8.8493465, 43.3288788], [-8.8493488, 43.3288508], [-8.8494364, 43.328861], [-8.8493734, 43.3289094], [-8.8493465, 43.3288788]]], [[[-8.8495459, 43.328903], [-8.8495066, 43.3290202], [-8.8494533, 43.3290359], [-8.8494241, 43.3289501], [-8.8495459, 43.328903]]], [[[-8.8491717, 43.3299448], [-8.8491395, 43.3300266], [-8.8490957, 43.3300224], [-8.8490738, 43.3299437], [-8.8491717, 43.3299448]]], [[[-8.8502284, 43.3360613], [-8.8496738, 43.3358641], [-8.8496738, 43.3356937], [-8.8502653, 43.3357386], [-8.8502284, 43.3360613]]], [[[-8.8363194, 43.3444491], [-8.8364707, 43.3449026], [-8.8358653, 43.3447174], [-8.8359083, 43.3443818], [-8.8363194, 43.3444491]]], [[[-8.8344327, 43.3452061], [-8.8343898, 43.3450111], [-8.8346084, 43.3449799], [-8.8345615, 43.3451632], [-8.8344327, 43.3452061]]], [[[-8.8328288, 43.3452412], [-8.8328931, 43.3450735], [-8.8331292, 43.3450579], [-8.8330648, 43.3452061], [-8.8328288, 43.3452412]]], [[[-8.8425643, 43.3452794], [-8.8424442, 43.3454771], [-8.8422486, 43.3453184], [-8.8423677, 43.3451683], [-8.8425643, 43.3452794]]], [[[-8.8331445, 43.345379], [-8.8332665, 43.3453908], [-8.8333397, 43.3454707], [-8.8330832, 43.3455293], [-8.8331445, 43.345379]]], [[[-8.8395819, 43.3455846], [-8.8400099, 43.346044], [-8.8396166, 43.3465252], [-8.8392499, 43.3461993], [-8.8395819, 43.3455846]]], [[[-8.8343927, 43.3503496], [-8.8346329, 43.3501468], [-8.8350204, 43.3502273], [-8.8339471, 43.3505019], [-8.8343927, 43.3503496]]], [[[-8.8326503, 43.3524516], [-8.8324956, 43.3525041], [-8.8322981, 43.3524098], [-8.8326769, 43.3522898], [-8.8326503, 43.3524516]]], [[[-8.8355087, 43.3524601], [-8.8355362, 43.3525662], [-8.8354176, 43.3525571], [-8.8354167, 43.3525021], [-8.8355087, 43.3524601]]], [[[-8.8338552, 43.3526631], [-8.8338175, 43.3526287], [-8.8338693, 43.3526023], [-8.8338933, 43.3526366], [-8.8338552, 43.3526631]]], [[[-8.8345288, 43.3527746], [-8.8345122, 43.3528095], [-8.8344818, 43.3528088], [-8.8344936, 43.3527725], [-8.8345288, 43.3527746]]], [[[-8.8339977, 43.3529701], [-8.833825, 43.3530435], [-8.8337334, 43.3529724], [-8.8338559, 43.3528283], [-8.8339977, 43.3529701]]], [[[-8.8323311, 43.3529451], [-8.8323799, 43.3529472], [-8.8323922, 43.3529781], [-8.8323253, 43.3530058], [-8.8323311, 43.3529451]]], [[[-8.8316278, 43.3532892], [-8.8315799, 43.3531184], [-8.831755, 43.3530603], [-8.8317778, 43.3532706], [-8.8316278, 43.3532892]]], [[[-8.8315113, 43.3532734], [-8.8314726, 43.3532502], [-8.8314565, 43.353226], [-8.8315507, 43.3532384], [-8.8315113, 43.3532734]]], [[[-8.8319722, 43.3544996], [-8.8317436, 43.3542288], [-8.8316971, 43.3538936], [-8.8321325, 43.3538774], [-8.8316068, 43.3535242], [-8.8328258, 43.3529682], [-8.8351653, 43.3533843], [-8.8358586, 43.3560117], [-8.8319722, 43.3544996]]], [[[-8.8323288, 43.3552373], [-8.8322289, 43.3551702], [-8.8321838, 43.35516], [-8.8322396, 43.3551538], [-8.8323288, 43.3552373]]], [[[-8.8322572, 43.3553183], [-8.8324104, 43.355342], [-8.8322745, 43.3553854], [-8.8320892, 43.3551477], [-8.8322572, 43.3553183]]], [[[-8.832449, 43.3553404], [-8.8324415, 43.3553051], [-8.8324717, 43.3552907], [-8.8324866, 43.3553342], [-8.832449, 43.3553404]]], [[[-8.8323559, 43.3555842], [-8.8323329, 43.355566], [-8.8323554, 43.355545], [-8.8323724, 43.3555649], [-8.8323559, 43.3555842]]], [[[-8.8328758, 43.356203], [-8.8326029, 43.3560881], [-8.8332792, 43.3561355], [-8.8331061, 43.3561804], [-8.8328758, 43.356203]]], [[[-8.832667, 43.3564134], [-8.8327722, 43.3564007], [-8.8327816, 43.3564202], [-8.8327353, 43.3564421], [-8.832667, 43.3564134]]], [[[-8.8324446, 43.3565409], [-8.8324098, 43.3565891], [-8.8323273, 43.3565418], [-8.8323447, 43.3565136], [-8.8324446, 43.3565409]]], [[[-8.8322811, 43.3566188], [-8.8322402, 43.3565404], [-8.8322623, 43.3565292], [-8.8323052, 43.356575], [-8.8322811, 43.3566188]]], [[[-8.8471513, 43.3586898], [-8.8469931, 43.3586293], [-8.8469931, 43.3586049], [-8.8471537, 43.3586646], [-8.8471513, 43.3586898]]], [[[-8.8348655, 43.3562726], [-8.8351724, 43.3609191], [-8.8329724, 43.3615376], [-8.8309924, 43.3574782], [-8.8348655, 43.3562726]]], [[[-8.8360781, 43.3576941], [-8.8451827, 43.3551329], [-8.8496729, 43.3613934], [-8.8457425, 43.3606487], [-8.8436914, 43.3622262], [-8.8393929, 43.3629447], [-8.8360781, 43.3576941]]], [[[-8.8320585, 43.3599032], [-8.8317909, 43.3600941], [-8.8316741, 43.3599152], [-8.8319694, 43.35986], [-8.8320585, 43.3599032]]], [[[-8.8445901, 43.3612269], [-8.8444769, 43.3612148], [-8.8443866, 43.3611109], [-8.8445094, 43.3611199], [-8.8445901, 43.3612269]]], [[[-8.8480621, 43.3616474], [-8.8479593, 43.3617124], [-8.8479034, 43.3615476], [-8.8479649, 43.3615545], [-8.8480621, 43.3616474]]], [[[-8.8497262, 43.3617057], [-8.8496549, 43.3616525], [-8.8498105, 43.3616647], [-8.8498016, 43.3616853], [-8.8497262, 43.3617057]]], [[[-8.8424221, 43.3618602], [-8.8425172, 43.3618977], [-8.842443, 43.3620606], [-8.8422706, 43.361927], [-8.8424221, 43.3618602]]], [[[-8.8337635, 43.3619918], [-8.8337541, 43.3619531], [-8.833779, 43.3619514], [-8.8337864, 43.3619721], [-8.8337635, 43.3619918]]], [[[-8.8337327, 43.3620021], [-8.8337324, 43.362047], [-8.8336185, 43.3619988], [-8.8337231, 43.3619794], [-8.8337327, 43.3620021]]], [[[-8.8442829, 43.3621774], [-8.8441697, 43.3621868], [-8.8441145, 43.3621214], [-8.8442277, 43.3621072], [-8.8442829, 43.3621774]]], [[[-8.8442661, 43.3622417], [-8.8442617, 43.3622766], [-8.8442085, 43.3622516], [-8.8442441, 43.3622227], [-8.8442661, 43.3622417]]], [[[-8.8489495, 43.3622085], [-8.8490361, 43.3623302], [-8.8488331, 43.3626045], [-8.8486564, 43.3622762], [-8.8489495, 43.3622085]]], [[[-8.8042076, 42.2006403], [-8.8004337, 42.2028844], [-8.7989059, 42.2026618], [-8.8018929, 42.1992284], [-8.8042076, 42.2006403]]], [[[-8.7089364, 42.2748874], [-8.708963, 42.2749406], [-8.708763, 42.2753732], [-8.7085701, 42.2746572], [-8.7089364, 42.2748874]]], [[[-8.6287272, 42.3059705], [-8.6295796, 42.3070206], [-8.6286226, 42.3085797], [-8.6275585, 42.307556], [-8.6287272, 42.3059705]]], [[[-8.6297648, 42.3091085], [-8.6300854, 42.3097988], [-8.6295197, 42.3100517], [-8.6290201, 42.3089958], [-8.6297648, 42.3091085]]], [[[-8.6470615, 42.3178305], [-8.6477173, 42.3172881], [-8.647956, 42.3176154], [-8.6473606, 42.3178137], [-8.6470615, 42.3178305]]], [[[-8.7682804, 42.3359638], [-8.7685182, 42.3358673], [-8.7685638, 42.3365658], [-8.7681195, 42.3361932], [-8.7682804, 42.3359638]]], [[[-8.7672953, 42.3366968], [-8.7674123, 42.3363956], [-8.7679862, 42.3362314], [-8.7679598, 42.3370955], [-8.7672953, 42.3366968]]], [[[-8.6232418, 42.3402389], [-8.622837, 42.339858], [-8.6228207, 42.3392963], [-8.6234613, 42.3394132], [-8.6232418, 42.3402389]]], [[[-8.6251509, 42.341399], [-8.6245891, 42.3411861], [-8.6249012, 42.3402705], [-8.6252853, 42.3406502], [-8.6251509, 42.341399]]], [[[-8.754783, 42.3497065], [-8.7543039, 42.3505196], [-8.7530806, 42.3504087], [-8.7537266, 42.3491829], [-8.754783, 42.3497065]]], [[[-8.8275998, 42.386153], [-8.8272919, 42.3863976], [-8.8270736, 42.3861482], [-8.8273455, 42.3859576], [-8.8275998, 42.386153]]], [[[-8.7068401, 42.4128386], [-8.7077031, 42.4077615], [-8.712382, 42.4113038], [-8.7103533, 42.4141234], [-8.7068401, 42.4128386]]], [[[-8.8143927, 42.4971381], [-8.8147548, 42.4964574], [-8.816298, 42.496901], [-8.814908, 42.497925], [-8.8143927, 42.4971381]]], [[[-8.8189396, 42.4984041], [-8.819072, 42.497162], [-8.8200849, 42.4969065], [-8.8201509, 42.49796], [-8.8189396, 42.4984041]]], [[[-8.8213391, 42.5065406], [-8.8217457, 42.5071213], [-8.8216178, 42.5075909], [-8.8208993, 42.5069455], [-8.8213391, 42.5065406]]], [[[-8.820199, 42.5075645], [-8.8200964, 42.507527], [-8.8201285, 42.5074073], [-8.8202953, 42.5076512], [-8.8201452, 42.5077051], [-8.820199, 42.5075645]]], [[[-8.8179181, 42.5129637], [-8.8175559, 42.5125841], [-8.8183755, 42.5117367], [-8.8185537, 42.5123315], [-8.8179181, 42.5129637]]], [[[-8.8284184, 42.521182], [-8.8284084, 42.5213361], [-8.8281471, 42.5215056], [-8.8281257, 42.5210898], [-8.8284184, 42.521182]]], [[[-8.8276994, 42.5341599], [-8.827653, 42.5350546], [-8.8272443, 42.5349454], [-8.8274312, 42.5337256], [-8.8276994, 42.5341599]]], [[[-8.829961, 42.536983], [-8.8298484, 42.5372399], [-8.8295694, 42.5371292], [-8.8295748, 42.5369039], [-8.829961, 42.536983]]], [[[-8.8283142, 42.5373268], [-8.8281693, 42.5378802], [-8.8275041, 42.537568], [-8.827885, 42.5369276], [-8.8283142, 42.5373268]]], [[[-8.8283571, 42.5403545], [-8.8285931, 42.5404257], [-8.8285768, 42.5405267], [-8.8283142, 42.5405284], [-8.8283571, 42.5403545]]], [[[-8.8230938, 42.555331], [-8.823768, 42.554277], [-8.824632, 42.555691], [-8.8234795, 42.5556348], [-8.8230938, 42.555331]]], [[[-8.8227328, 42.5577242], [-8.8236748, 42.557486], [-8.8229758, 42.5591653], [-8.8226213, 42.5584435], [-8.8227328, 42.5577242]]], [[[-8.8118399, 42.5772521], [-8.8118774, 42.5770032], [-8.8122422, 42.5768926], [-8.8123227, 42.5771889], [-8.8118399, 42.5772521]]], [[[-8.8136316, 42.5772955], [-8.8132346, 42.5771257], [-8.8131005, 42.5769874], [-8.8136799, 42.5770467], [-8.8136316, 42.5772955]]], [[[-8.8137743, 42.5788934], [-8.8135558, 42.5788174], [-8.8135376, 42.5786967], [-8.8138047, 42.5787057], [-8.8137743, 42.5788934]]], [[[-8.8237708, 42.5796457], [-8.8240819, 42.5793771], [-8.8244145, 42.5797326], [-8.8238351, 42.5797721], [-8.8237708, 42.5796457]]], [[[-8.8261719, 42.581071], [-8.8264402, 42.5806444], [-8.8269659, 42.5812053], [-8.8266333, 42.5813554], [-8.8261719, 42.581071]]], [[[-8.808304, 42.5831644], [-8.8087847, 42.583237], [-8.8082177, 42.583845], [-8.8079466, 42.5836998], [-8.808304, 42.5831644]]], [[[-8.8035744, 42.6106907], [-8.8021108, 42.6099487], [-8.8023059, 42.6087279], [-8.8038183, 42.6094939], [-8.8035744, 42.6106907]]], [[[-8.7969662, 42.6109842], [-8.795762, 42.6101992], [-8.7976248, 42.6094282], [-8.7978577, 42.609913], [-8.7969662, 42.6109842]]], [[[-8.7908651, 42.6111471], [-8.7910601, 42.6109817], [-8.7913857, 42.6112325], [-8.7910782, 42.6114563], [-8.7908651, 42.6111471]]], [[[-8.7934902, 42.6126186], [-8.7928744, 42.6127378], [-8.7921048, 42.611768], [-8.7925746, 42.6115306], [-8.7934902, 42.6126186]]], [[[-8.7975854, 42.6128496], [-8.7977091, 42.6129601], [-8.7971347, 42.6126805], [-8.7967636, 42.6122578], [-8.7975854, 42.6128496]]], [[[-8.8021251, 42.6141467], [-8.8029641, 42.614267], [-8.8029087, 42.6147035], [-8.8025845, 42.6146257], [-8.8021251, 42.6141467]]], [[[-8.7884142, 42.6146165], [-8.7886598, 42.6202881], [-8.7796183, 42.6226656], [-8.7782529, 42.6185271], [-8.7884142, 42.6146165]]], [[[-8.780473, 42.624657], [-8.780562, 42.6244692], [-8.780822, 42.624401], [-8.7808089, 42.6245521], [-8.780473, 42.624657]]], [[[-8.7273829, 43.2980614], [-8.7278335, 43.2984518], [-8.7261147, 43.2978182], [-8.7269859, 43.2974446], [-8.7273829, 43.2980614]]], [[[-8.7260933, 43.2988411], [-8.7250311, 43.2987786], [-8.7254409, 43.2978818], [-8.7259023, 43.298038], [-8.7260933, 43.2988411]]], [[[-8.5302546, 43.3191564], [-8.5303014, 43.319322], [-8.5301332, 43.3194131], [-8.5301079, 43.31931], [-8.5302546, 43.3191564]]], [[[-8.5297514, 43.3194388], [-8.5298304, 43.3194791], [-8.5296168, 43.319642], [-8.529624, 43.3195441], [-8.5297514, 43.3194388]]], [[[-8.5259394, 43.3208983], [-8.5260752, 43.3208872], [-8.5261995, 43.3209748], [-8.5259891, 43.3210527], [-8.5259394, 43.3208983]]], [[[-8.5289553, 43.3212335], [-8.5287984, 43.3211937], [-8.5287114, 43.3211204], [-8.5289378, 43.3210497], [-8.5289553, 43.3212335]]], [[[-8.5288464, 43.3212288], [-8.528853, 43.3212953], [-8.528729, 43.3212628], [-8.528763, 43.3212274], [-8.5288464, 43.3212288]]], [[[-8.5286702, 43.3208138], [-8.5279241, 43.3218182], [-8.5273785, 43.3215545], [-8.5278492, 43.321018], [-8.5286702, 43.3208138]]], [[[-8.5290265, 43.3214629], [-8.5286984, 43.3218498], [-8.5283476, 43.3217818], [-8.5286522, 43.3213248], [-8.5290265, 43.3214629]]], [[[-8.5215188, 43.3255698], [-8.521189, 43.325639], [-8.5219165, 43.3251496], [-8.5219271, 43.3252749], [-8.5215188, 43.3255698]]], [[[-8.5191651, 43.3261397], [-8.5194535, 43.3259], [-8.5196425, 43.3262314], [-8.5193208, 43.3263311], [-8.5191651, 43.3261397]]], [[[-8.5204568, 43.3271939], [-8.5199526, 43.3272176], [-8.5201131, 43.3266462], [-8.5204033, 43.3267211], [-8.5204568, 43.3271939]]], [[[-8.8278602, 43.3366925], [-8.8276778, 43.3366769], [-8.8277904, 43.336474], [-8.8279514, 43.3365364], [-8.8278602, 43.3366925]]], [[[-8.3748517, 43.3426075], [-8.3747068, 43.342666], [-8.3736983, 43.342112], [-8.37387, 43.3420652], [-8.3748517, 43.3426075]]], [[[-8.3726773, 43.3438866], [-8.3724128, 43.3432755], [-8.3737624, 43.343154], [-8.3736615, 43.3439278], [-8.3726773, 43.3438866]]], [[[-8.3504389, 43.3491734], [-8.3502428, 43.3489731], [-8.3485849, 43.3486046], [-8.3502031, 43.347433], [-8.3504389, 43.3491734]]], [[[-8.3516765, 43.3488661], [-8.3517956, 43.349221], [-8.3514103, 43.3492498], [-8.3513566, 43.3489323], [-8.3516765, 43.3488661]]], [[[-8.347548, 43.3622719], [-8.3479704, 43.3619687], [-8.3480831, 43.3624874], [-8.3476057, 43.3626083], [-8.347548, 43.3622719]]], [[[-8.3862862, 43.3690901], [-8.3860058, 43.3689876], [-8.3860995, 43.3688522], [-8.386406, 43.3689643], [-8.3862862, 43.3690901]]], [[[-8.3421044, 43.3761108], [-8.3410047, 43.3760484], [-8.3405809, 43.3751671], [-8.3416694, 43.3751192], [-8.3421044, 43.3761108]]], [[[-8.4527718, 43.3774847], [-8.4509426, 43.3778926], [-8.4500387, 43.3775588], [-8.4525626, 43.3756955], [-8.4527718, 43.3774847]]], [[[-8.4499133, 43.3797101], [-8.4497309, 43.3800059], [-8.4478124, 43.3789254], [-8.4507045, 43.377993], [-8.4499133, 43.3797101]]], [[[-8.4480381, 43.3816979], [-8.4459367, 43.3817302], [-8.4478112, 43.3795078], [-8.4492834, 43.381344], [-8.4480381, 43.3816979]]], [[[-8.3432544, 43.3821559], [-8.3433345, 43.3817142], [-8.343782, 43.3813995], [-8.343822, 43.3819047], [-8.3432544, 43.3821559]]], [[[-8.4370856, 43.3815424], [-8.4372885, 43.3817959], [-8.4369253, 43.3825707], [-8.4366851, 43.3821348], [-8.4370856, 43.3815424]]], [[[-8.4472285, 43.3827824], [-8.4462202, 43.3829537], [-8.445482, 43.3822459], [-8.4466808, 43.3822347], [-8.4472285, 43.3827824]]], [[[-8.3558174, 43.3836742], [-8.3554356, 43.3835598], [-8.3555209, 43.3830626], [-8.3560481, 43.3833735], [-8.3558174, 43.3836742]]], [[[-8.3541262, 43.3904543], [-8.3527686, 43.3903772], [-8.3523495, 43.3894142], [-8.3550584, 43.3902067], [-8.3541262, 43.3904543]]], [[[-8.3272109, 43.4041513], [-8.3275779, 43.404465], [-8.3264337, 43.4048858], [-8.3265668, 43.404499], [-8.3272109, 43.4041513]]], [[[-8.3363474, 43.405966], [-8.3365039, 43.4059745], [-8.3365051, 43.4060704], [-8.3362004, 43.4060281], [-8.3363474, 43.405966]]], [[[-8.3359077, 43.4067791], [-8.3355036, 43.4064558], [-8.3359833, 43.4060876], [-8.3363982, 43.4063686], [-8.3359077, 43.4067791]]], [[[-8.3364489, 43.4067917], [-8.3364436, 43.4069652], [-8.336307, 43.4069639], [-8.3362945, 43.4069377], [-8.3364489, 43.4067917]]], [[[-8.3381924, 43.5113065], [-8.3364726, 43.510948], [-8.3380623, 43.5105675], [-8.3400407, 43.5117377], [-8.3381924, 43.5113065]]], [[[-8.324721, 43.528048], [-8.3262826, 43.5284853], [-8.3262406, 43.5288937], [-8.3250515, 43.5291197], [-8.324721, 43.528048]]], [[[-8.282367, 43.5601198], [-8.281844, 43.5596028], [-8.2824218, 43.5585947], [-8.2837093, 43.5595899], [-8.282367, 43.5601198]]], [[[-8.2832029, 43.5603363], [-8.2839325, 43.5597827], [-8.284765, 43.5602243], [-8.2838638, 43.5606286], [-8.2832029, 43.5603363]]], [[[-9.145051, 42.860854], [-9.1476766, 42.8827915], [-9.1372166, 42.8900467], [-9.1440455, 42.8946625], [-9.125852, 42.9056142], [-9.1608745, 42.9119566], [-9.1726864, 42.9443652], [-9.1813783, 42.9407948], [-9.1887147, 42.9527202], [-9.1830875, 42.9161189], [-9.208938, 42.91675], [-9.2175836, 42.9420167], [-9.2321892, 42.941773], [-9.2334076, 42.9267233], [-9.2631266, 42.9190472], [-9.2623844, 42.9067412], [-9.2556895, 42.9093047], [-9.2702966, 42.8802907], [-9.2818472, 42.8930852], [-9.2758218, 42.9105677], [-9.2979763, 42.9231405], [-9.2814202, 42.9440096], [-9.2844815, 42.9528023], [-9.2836055, 42.9530709], [-9.2837846, 42.9550347], [-9.2786848, 42.9563157], [-9.2764513, 42.9625518], [-9.268436, 42.9631837], [-9.2611016, 42.9728941], [-9.2569432, 42.9970745], [-9.2635573, 43.0099578], [-9.2800203, 43.0137627], [-9.2994689, 43.0562834], [-9.2766687, 43.0442334], [-9.2617234, 43.0486798], [-9.2489614, 43.0713535], [-9.2568432, 43.0917226], [-9.2435183, 43.0841189], [-9.2203838, 43.0885183], [-9.2202805, 43.1138655], [-9.212864, 43.1013222], [-9.198394, 43.1039878], [-9.1907083, 43.0894199], [-9.1822027, 43.0927217], [-9.183776, 43.1033294], [-9.1667052, 43.1051569], [-9.158187, 43.1274667], [-9.1671534, 43.1321363], [-9.1643096, 43.1526275], [-9.1848166, 43.1283844], [-9.1782432, 43.1244373], [-9.1926221, 43.1220837], [-9.2144918, 43.1511962], [-9.2140444, 43.161896], [-9.1992787, 43.1542453], [-9.179923, 43.1670851], [-9.1737821, 43.1903313], [-9.1591042, 43.1829879], [-9.1516638, 43.1947866], [-9.1356923, 43.1907222], [-9.1301279, 43.1983068], [-9.1109379, 43.1855754], [-9.099731, 43.187399], [-9.096976, 43.1925512], [-9.0932232, 43.1890348], [-9.0909512, 43.1900355], [-9.0852608, 43.1893895], [-9.0884207, 43.1885472], [-9.0896369, 43.1876292], [-9.0918197, 43.1802785], [-9.0780071, 43.1813283], [-9.0380854, 43.1966951], [-9.0321627, 43.2156409], [-9.0227884, 43.2137023], [-9.009923, 43.2245988], [-9.0128581, 43.2334471], [-8.9957267, 43.2163462], [-8.9809044, 43.2293385], [-8.9409777, 43.226154], [-8.9380111, 43.2349116], [-8.9486168, 43.2415338], [-8.9490612, 43.2447228], [-8.9506602, 43.2452582], [-8.9509669, 43.2471478], [-8.9517514, 43.2477941], [-8.9524311, 43.2478691], [-8.9528291, 43.2636397], [-8.9767676, 43.2620356], [-8.9913345, 43.2746849], [-8.956375, 43.294251], [-8.9284468, 43.2820587], [-8.9253903, 43.293739], [-8.9074747, 43.2932415], [-8.9121979, 43.3035298], [-8.910882, 43.3216261], [-8.8755849, 43.3122906], [-8.8705446, 43.3234988], [-8.8465956, 43.3192966], [-8.8426713, 43.3450742], [-8.8423573, 43.3442418], [-8.8320354, 43.3442699], [-8.828425, 43.3280161], [-8.806636, 43.326759], [-8.8024959, 43.3134658], [-8.7760448, 43.299998], [-8.710718, 43.289844], [-8.6104602, 43.3151562], [-8.6082251, 43.3222243], [-8.5685651, 43.3116349], [-8.5337808, 43.314991], [-8.5048601, 43.3302594], [-8.5070636, 43.3343168], [-8.5153039, 43.3374204], [-8.5181599, 43.341454], [-8.5054839, 43.3341594], [-8.4994896, 43.3480092], [-8.5182906, 43.3543022], [-8.5338653, 43.3456849], [-8.5235982, 43.3531867], [-8.514712, 43.356389], [-8.497014, 43.3563045], [-8.4862563, 43.360925], [-8.488437, 43.3532036], [-8.4775993, 43.3521217], [-8.4567882, 43.3601368], [-8.4594389, 43.3706561], [-8.4398533, 43.3815257], [-8.4091882, 43.3691956], [-8.4038123, 43.3746434], [-8.4115964, 43.3849508], [-8.4007712, 43.3900162], [-8.3743767, 43.3650613], [-8.39823, 43.3696704], [-8.4021003, 43.3596521], [-8.3947353, 43.3641394], [-8.3865222, 43.3606885], [-8.394453, 43.3605394], [-8.3848638, 43.3536812], [-8.3817605, 43.3545907], [-8.3789575, 43.3519681], [-8.386253, 43.3512755], [-8.3837181, 43.341856], [-8.36112, 43.3415502], [-8.3468918, 43.3485361], [-8.3515931, 43.3565545], [-8.3383629, 43.3685627], [-8.3450921, 43.3714469], [-8.3399814, 43.3817829], [-8.3522656, 43.3793175], [-8.356205, 43.3819694], [-8.3436697, 43.3913112], [-8.3498877, 43.396577], [-8.3068005, 43.4056622], [-8.2968104, 43.3853168], [-8.2672904, 43.3843311], [-8.2598434, 43.3697593], [-8.2419644, 43.3629137], [-8.2504761, 43.3624799], [-8.2441602, 43.3589565], [-8.2504535, 43.3496373], [-8.2098522, 43.3276921], [-8.2138653, 43.33949], [-8.2044623, 43.3389285], [-8.2205679, 43.3536396], [-8.2071536, 43.3647023], [-8.2052543, 43.3521516], [-8.2035851, 43.3598017], [-8.2061834, 43.3653789], [-8.2176109, 43.3674911], [-8.2206349, 43.3916077], [-8.2058083, 43.4091731], [-8.1754223, 43.4119427], [-8.1731641, 43.4196906], [-8.1980204, 43.4267637], [-8.2152653, 43.4188124], [-8.2386935, 43.4304799], [-8.2397483, 43.4194718], [-8.2576225, 43.4196612], [-8.2796274, 43.4367145], [-8.316526, 43.4451639], [-8.302551, 43.4459992], [-8.3125401, 43.4542964], [-8.270596, 43.463518], [-8.2665111, 43.4545597], [-8.2549665, 43.4662132], [-8.2314713, 43.4626553], [-8.2312898, 43.4541994], [-8.2016886, 43.4599029], [-8.1815101, 43.4725004], [-8.1931451, 43.474875], [-8.1832977, 43.4828845], [-8.1699165, 43.4800677], [-8.1627062, 43.4936404], [-8.1701286, 43.4983581], [-8.1567644, 43.5027396], [-8.1595297, 43.5085347], [-8.1538614, 43.5112467], [-8.151231, 43.5151994], [-8.1513629, 43.5175148], [-8.1684862, 43.5157268], [-8.1725918, 43.4976922], [-8.1985397, 43.4875296], [-8.1860636, 43.4850942], [-8.2003803, 43.477034], [-8.2123612, 43.4840244], [-8.2242283, 43.4724411], [-8.2331459, 43.471284], [-8.2317468, 43.481314], [-8.2485893, 43.4761753], [-8.2558473, 43.4832563], [-8.2475703, 43.49334], [-8.2590382, 43.4878499], [-8.2670861, 43.4676975], [-8.297561, 43.4608986], [-8.3171986, 43.4706617], [-8.3343824, 43.4585696], [-8.3302343, 43.4531949], [-8.3481026, 43.4636788], [-8.3203772, 43.4921228], [-8.3316411, 43.5125632], [-8.323688, 43.525732], [-8.306072, 43.524215], [-8.296254, 43.534548], [-8.323541, 43.554729], [-8.321835, 43.565241], [-8.3081679, 43.568643], [-8.2995057, 43.5564093], [-8.2607443, 43.5571311], [-8.2166412, 43.5814979], [-8.2010056, 43.6034542], [-8.1917827, 43.5997678], [-8.197114, 43.611819], [-8.1881972, 43.6211446], [-8.1752882, 43.6116743], [-8.1535961, 43.6152871], [-8.1391184, 43.6342796], [-8.1003665, 43.6473379], [-8.0926961, 43.6664798], [-8.0812, 43.649753], [-8.0882395, 43.6422943], [-8.0872895, 43.6395467], [-8.086046, 43.638274], [-8.0815375, 43.6356016], [-8.0855837, 43.6445163], [-8.0533129, 43.648783], [-8.0559912, 43.6598096], [-8.0758946, 43.660136], [-8.062639, 43.7050275], [-8.0327401, 43.7141508], [-8.0005704, 43.7050469], [-7.9524866, 43.7280346], [-7.9506471, 43.7416298], [-7.9223832, 43.7428341], [-7.9044183, 43.7693421], [-7.8890006, 43.7630275], [-7.8681408, 43.7732806], [-7.859484, 43.763517], [-7.8622086, 43.7340969], [-7.8726055, 43.7347478], [-7.8551584, 43.7246658], [-7.8501301, 43.7100128], [-7.876001, 43.72288], [-7.8693017, 43.7071725], [-7.879419, 43.700845], [-7.8775002, 43.6878086], [-7.891219, 43.68428], [-7.8712981, 43.6804073], [-7.8717871, 43.6718996], [-7.9053945, 43.6712756], [-7.8738389, 43.6619072], [-7.8486816, 43.6773022], [-7.8466242, 43.6684953], [-7.844354, 43.675732], [-7.8682395, 43.6978056], [-7.8611681, 43.7069575], [-7.8279302, 43.7032502], [-7.843064, 43.69689], [-7.836335, 43.688225], [-7.8127627, 43.6974398], [-7.805353, 43.6921491], [-7.808042, 43.6973], [-7.825294, 43.701328], [-7.8277, 43.713927], [-7.810354, 43.714517], [-7.8140139, 43.7243152], [-7.7965008, 43.7234754], [-7.7940761, 43.7355929], [-7.7250145, 43.7484754], [-7.716954, 43.764315], [-7.687481, 43.776298], [-7.6875726, 43.7903502], [-7.662384, 43.774211], [-7.6749967, 43.7705132], [-7.6916586, 43.7510174], [-7.6867448, 43.7429026], [-7.7018752, 43.7355251], [-7.6826034, 43.7296232], [-7.672732, 43.746618], [-7.6331972, 43.7507764], [-7.6302833, 43.7221446], [-7.6065707, 43.7183239], [-7.6146191, 43.6813078], [-7.612095, 43.672921], [-7.6114653, 43.672745], [-7.6111938, 43.6729347], [-7.6081038, 43.6718359], [-7.602379, 43.6720863], [-7.5991507, 43.6762411], [-7.5960826, 43.6733239], [-7.6016875, 43.6582307], [-7.593774, 43.6686145], [-7.5952593, 43.6741139], [-7.6002723, 43.678757], [-7.5940951, 43.6792072], [-7.6033192, 43.6823226], [-7.5771211, 43.6937053], [-7.5849065, 43.7114542], [-7.560681, 43.7103084], [-7.5492122, 43.724819], [-7.5564328, 43.7300471], [-7.5240473, 43.7367317], [-7.5147395, 43.718566], [-7.5098354, 43.7265604], [-7.4683712, 43.7239992], [-7.4592076, 43.7163421], [-7.4733161, 43.7193528], [-7.4778651, 43.7061122], [-7.468885, 43.7027543], [-7.4598087, 43.7127742], [-7.4568853, 43.6987918], [-7.4423761, 43.6964409], [-7.436759, 43.701036], [-7.4390589, 43.6941524], [-7.3566078, 43.6710395], [-7.3374704, 43.6313481], [-7.3096047, 43.6172425], [-7.2956969, 43.5946881], [-7.2455536, 43.575075], [-7.266746, 43.5602443], [-7.2515566, 43.5561662], [-7.2630893, 43.5500907], [-7.265145, 43.543823], [-7.2422504, 43.55143], [-7.2487917, 43.5670273], [-7.2361364, 43.5692394], [-7.1768676, 43.5636946], [-7.1672098, 43.5543129], [-7.124307, 43.5536184], [-7.1111602, 43.5616476], [-7.0340983, 43.5502257], [-7.0301853, 43.5349854], [-7.0471788, 43.5089861], [-7.0482704, 43.4770761], [-7.0902249, 43.4552717], [-7.086247, 43.4435809], [-7.1003599, 43.4409043], [-7.1026864, 43.4270059], [-7.1719288, 43.4306825], [-7.1688207, 43.4045468], [-7.1831688, 43.3926979], [-7.1593258, 43.374499], [-7.1365835, 43.3828749], [-7.1275329, 43.3725994], [-7.1307505, 43.3302485], [-7.1152302, 43.3261725], [-7.1009328, 43.3038101], [-7.0597847, 43.3053346], [-7.0723159, 43.2684979], [-7.0630436, 43.2446936], [-7.0200533, 43.21324], [-7.009583, 43.2228817], [-7.001449, 43.2072816], [-6.9710188, 43.20425], [-6.9649013, 43.1875447], [-6.9807729, 43.1665455], [-6.9570779, 43.1348963], [-6.9413731, 43.1317171], [-6.8858785, 43.156827], [-6.8674252, 43.1900932], [-6.8698975, 43.1799758], [-6.8389121, 43.1661431], [-6.8214559, 43.1437059], [-6.8288241, 43.123033], [-6.8713481, 43.0912086], [-6.8939904, 43.0917987], [-6.9155493, 43.0732589], [-6.9386889, 43.0865119], [-6.9685864, 43.0572147], [-6.9650738, 43.0347731], [-6.9725435, 43.0303826], [-6.9821742, 43.041413], [-6.9971718, 43.0194833], [-6.9622308, 42.9906007], [-6.9560743, 42.9961443], [-6.9647548, 43.0266623], [-6.9567751, 43.0365567], [-6.9468571, 43.0325578], [-6.9408245, 43.0115239], [-6.910002, 42.9898964], [-6.8645583, 42.9837797], [-6.8357808, 42.9577052], [-6.8418288, 42.9284464], [-6.8241894, 42.915061], [-6.8419259, 42.9063107], [-6.8140568, 42.8716833], [-6.8307187, 42.8711682], [-6.8404063, 42.8782278], [-6.8336766, 42.8820408], [-6.8710476, 42.8737637], [-6.8403212, 42.8233648], [-6.8671428, 42.8037502], [-6.8674305, 42.7871737], [-6.935603, 42.740863], [-6.9594828, 42.7550302], [-6.9728844, 42.7250054], [-7.0105927, 42.7236351], [-7.0451918, 42.6947654], [-7.0155132, 42.6645948], [-7.0214799, 42.6519417], [-7.0043512, 42.6428769], [-7.0470048, 42.6327004], [-7.050166, 42.597941], [-7.0335349, 42.5840859], [-7.0695185, 42.5540143], [-7.0639166, 42.5485641], [-7.0708221, 42.5377164], [-7.0594356, 42.5305813], [-7.0770689, 42.5080004], [-7.0421813, 42.5070143], [-7.028685, 42.4978647], [-7.0009565, 42.5056986], [-6.9785416, 42.4932532], [-6.9600885, 42.5177631], [-6.9321956, 42.520544], [-6.8600644, 42.4887576], [-6.8232458, 42.4912816], [-6.8083154, 42.4686118], [-6.8227684, 42.4529126], [-6.8142729, 42.4273539], [-6.8435127, 42.4058458], [-6.8208043, 42.3856442], [-6.7786457, 42.3809931], [-6.7665424, 42.3650491], [-6.7339533, 42.3591114], [-6.736155, 42.3110636], [-6.7669968, 42.2574577], [-6.7902956, 42.2528531], [-6.8031754, 42.2386672], [-6.7871405, 42.215724], [-6.7967084, 42.20905], [-6.8023374, 42.2184621], [-6.8435991, 42.2283041], [-6.8868917, 42.214354], [-6.901078, 42.1896229], [-6.9427936, 42.1733373], [-6.9490099, 42.1357371], [-6.9898157, 42.1213118], [-6.9903378, 42.1011328], [-7.0027036, 42.0966675], [-7.0026903, 42.0841699], [-7.0335847, 42.0742351], [-7.0118319, 42.0524159], [-6.9747916, 42.0551566], [-6.9610983, 42.0279063], [-6.9911077, 41.9883441], [-6.983544, 41.9718481], [-7.0062384, 41.9505655], [-7.0734424, 41.9500022], [-7.0875102, 41.9734771], [-7.1414588, 41.9907578], [-7.1583978, 41.9762129], [-7.1782132, 41.9800907], [-7.1895263, 41.9418614], [-7.1734923, 41.9191024], [-7.1967378, 41.8799794], [-7.3153151, 41.8425454], [-7.3564436, 41.8405299], [-7.365788, 41.8527874], [-7.3904101, 41.8423475], [-7.3975884, 41.8263732], [-7.4275381, 41.8074064], [-7.4258439, 41.8302246], [-7.4437506, 41.8393707], [-7.4524993, 41.8650817], [-7.4852722, 41.861291], [-7.4912922, 41.8712445], [-7.5022254, 41.869384], [-7.5133117, 41.8621168], [-7.5056421, 41.8507795], [-7.521053, 41.8419665], [-7.6114563, 41.829178], [-7.6115476, 41.8467068], [-7.6018521, 41.8665446], [-7.584063, 41.8755446], [-7.5858733, 41.8818712], [-7.6538714, 41.8811985], [-7.7008515, 41.9076656], [-7.7333538, 41.892277], [-7.7635052, 41.8990044], [-7.7869311, 41.8840945], [-7.8451878, 41.8812791], [-7.8415185, 41.8664751], [-7.8663175, 41.8588767], [-7.8728052, 41.8448547], [-7.892212, 41.8595109], [-7.8837189, 41.9183801], [-7.8927057, 41.9269438], [-7.9097496, 41.9224584], [-7.9212523, 41.8777912], [-7.9876925, 41.8692157], [-8.0140579, 41.8289924], [-8.038677, 41.8299592], [-8.0576572, 41.8157174], [-8.0939171, 41.8080354], [-8.1650131, 41.8181132], [-8.1617724, 41.8609751], [-8.1693036, 41.8765277], [-8.2000178, 41.8736997], [-8.216833, 41.9134526], [-8.1749676, 41.9549525], [-8.1630193, 41.9826918], [-8.1407603, 41.9886782], [-8.1278764, 42.0055601], [-8.0860348, 42.0164922], [-8.0844552, 42.0473336], [-8.0966008, 42.0722575], [-8.1187008, 42.0823066], [-8.1821709, 42.065109], [-8.1932943, 42.1261741], [-8.1880053, 42.1435497], [-8.1987535, 42.1543112], [-8.2219238, 42.1340724], [-8.2455204, 42.1397738], [-8.2591195, 42.1213263], [-8.2736563, 42.1240722], [-8.3171159, 42.1045048], [-8.3318908, 42.0838346], [-8.3631484, 42.0904379], [-8.3816433, 42.0763459], [-8.4048398, 42.0804348], [-8.4289422, 42.0722866], [-8.4430155, 42.0823814], [-8.5227935, 42.0779533], [-8.5258265, 42.0630302], [-8.5460492, 42.054185], [-8.5953564, 42.0568724], [-8.6359301, 42.0478741], [-8.6576213, 42.0301016], [-8.6621842, 42.0025487], [-8.7351741, 41.9714116], [-8.7474027, 41.9618444], [-8.7562819, 41.933129], [-8.8176621, 41.9063526], [-8.8709665, 41.8639288], [-8.8823088, 41.8810203], [-8.8745383, 41.8994308], [-8.8820936, 41.9007963], [-8.8762683, 41.9099708], [-8.8879677, 41.9359853], [-8.8874489, 41.9844044], [-8.8768694, 42.0021559], [-8.889613, 42.02599], [-8.882357, 42.039844], [-8.8967653, 42.0669791], [-8.8914224, 42.0819985], [-8.900494, 42.112375], [-8.880413, 42.1103276], [-8.851505, 42.128236], [-8.841366, 42.115004], [-8.8255209, 42.1153063], [-8.8199116, 42.1413232], [-8.8501918, 42.1566048], [-8.8209094, 42.1582817], [-8.815991, 42.186837], [-8.7793901, 42.2035137], [-8.7752117, 42.2221216], [-8.757331, 42.2237928], [-8.7632646, 42.2307389], [-8.7513243, 42.2349054], [-8.7398418, 42.232649], [-8.753081, 42.230653], [-8.7510535, 42.2255104], [-8.741012, 42.2262745], [-8.7336623, 42.2406552], [-8.7114019, 42.241818], [-8.707909, 42.2584713], [-8.6765646, 42.2644927], [-8.66119, 42.284793], [-8.6108092, 42.2874651], [-8.621057, 42.290571], [-8.6141765, 42.2994765], [-8.6234676, 42.309813], [-8.611501, 42.32673], [-8.6119483, 42.3455743], [-8.6339405, 42.3540008], [-8.6451905, 42.3373529], [-8.636074, 42.3264162], [-8.6619765, 42.311749], [-8.6517375, 42.29762], [-8.689385, 42.279996], [-8.7123386, 42.2755806], [-8.7180521, 42.2891359], [-8.719105, 42.2812646], [-8.7314975, 42.286921], [-8.7373716, 42.2711121], [-8.7656358, 42.25788], [-8.7838583, 42.2629222], [-8.792499, 42.246475], [-8.8124692, 42.2592022], [-8.8317205, 42.2511389], [-8.8562296, 42.2613723], [-8.8636518, 42.2459905], [-8.8728426, 42.2498634], [-8.8557706, 42.3098144], [-8.8311828, 42.2777571], [-8.8166076, 42.2784676], [-8.8241212, 42.2974449], [-8.8179273, 42.3136671], [-8.826273, 42.3333675], [-8.8389794, 42.3389053], [-8.8002491, 42.3385415], [-8.7923805, 42.327203], [-8.7546929, 42.3401189], [-8.7367961, 42.3766748], [-8.7065779, 42.3984595], [-8.6953749, 42.3948306], [-8.6964607, 42.4041463], [-8.6848365, 42.4044554], [-8.684986, 42.4075], [-8.6826507, 42.4068379], [-8.6561319, 42.4234771], [-8.6535438, 42.4258662], [-8.6519694, 42.4281859], [-8.6810458, 42.4210002], [-8.694828, 42.4377782], [-8.7746761, 42.3877017], [-8.8135706, 42.4008779], [-8.839131, 42.384257], [-8.8653249, 42.411814], [-8.8808421, 42.4148852], [-8.8709767, 42.4350941], [-8.8843416, 42.4564296], [-8.9123093, 42.4624934], [-8.9285305, 42.451071], [-8.9417288, 42.463465], [-8.937363, 42.479321], [-8.8897806, 42.4813964], [-8.8831864, 42.4882533], [-8.8918533, 42.4887137], [-8.8900423, 42.4956218], [-8.8717265, 42.5012419], [-8.8584807, 42.4980858], [-8.8555209, 42.4728107], [-8.872732, 42.461557], [-8.8695168, 42.4481604], [-8.856985, 42.450502], [-8.8482253, 42.4601556], [-8.819633, 42.4516749], [-8.829852, 42.486912], [-8.791126, 42.505071], [-8.818018, 42.50178], [-8.8154405, 42.5170042], [-8.8297981, 42.5200329], [-8.8253603, 42.538603], [-8.8361051, 42.5624104], [-8.8228485, 42.5530788], [-8.8198932, 42.5624762], [-8.8353182, 42.5634143], [-8.8297579, 42.5673101], [-8.830034, 42.5753176], [-8.7957374, 42.5798168], [-8.7854522, 42.6005483], [-8.7719297, 42.5937157], [-8.7683332, 42.6073333], [-8.7711055, 42.6107915], [-8.7789467, 42.6140787], [-8.778686, 42.6147275], [-8.7416189, 42.6484143], [-8.7238048, 42.67818], [-8.7254886, 42.6894446], [-8.7468192, 42.6506272], [-8.7698003, 42.6527057], [-8.8002107, 42.6363811], [-8.8260296, 42.6460407], [-8.8131392, 42.6655503], [-8.8289115, 42.6663299], [-8.8408318, 42.6859549], [-8.8450128, 42.6872982], [-8.8400535, 42.6608539], [-8.8517629, 42.6652949], [-8.861057, 42.645829], [-8.8376908, 42.6340005], [-8.8588542, 42.6266974], [-8.8574975, 42.6063768], [-8.8767789, 42.6136861], [-8.8876501, 42.6102047], [-8.8929095, 42.6142759], [-8.8737106, 42.6318952], [-8.8990083, 42.6446712], [-8.9310619, 42.6142028], [-8.9302753, 42.6050836], [-8.937138, 42.6072104], [-8.9202154, 42.5869224], [-8.9545152, 42.5843841], [-8.9624029, 42.5691913], [-8.9890111, 42.5651815], [-8.9829834, 42.5456084], [-8.99596, 42.529474], [-9.0109212, 42.5181203], [-9.013657, 42.523355], [-9.0158773, 42.5184728], [-9.034475, 42.521683], [-9.0419765, 42.5173242], [-9.0411964, 42.5361474], [-9.029803, 42.546324], [-9.03884, 42.565571], [-9.0573378, 42.5777215], [-9.0737381, 42.5663867], [-9.091496, 42.5765207], [-9.0779052, 42.5809341], [-9.0792777, 42.5978387], [-9.0632016, 42.6011546], [-9.0609037, 42.6181778], [-9.0405153, 42.6367576], [-9.0418978, 42.6690236], [-9.0281655, 42.6852429], [-9.0338268, 42.6952345], [-9.0112111, 42.7102624], [-9.0086985, 42.727036], [-8.9962149, 42.7276903], [-8.9908274, 42.740487], [-8.9573242, 42.7457945], [-8.9287889, 42.7837205], [-8.9100874, 42.7917806], [-8.8883054, 42.7777863], [-8.9013769, 42.8023706], [-8.8875069, 42.8172163], [-8.9015973, 42.8279367], [-8.907483, 42.8027729], [-8.9234432, 42.7973921], [-8.9312994, 42.8073429], [-8.9633292, 42.7786913], [-8.9746264, 42.7911609], [-8.981695, 42.7779584], [-9.015101, 42.7823532], [-9.0165727, 42.8046172], [-9.042288, 42.787452], [-9.0639358, 42.7881183], [-9.0481884, 42.7691607], [-9.0761313, 42.7573938], [-9.0768717, 42.740887], [-9.0894403, 42.7381803], [-9.0975851, 42.7527098], [-9.1156578, 42.7547895], [-9.134116, 42.79136], [-9.1505724, 42.7979652], [-9.1133846, 42.8101104], [-9.1054153, 42.8232238], [-9.1076025, 42.8411672], [-9.1299608, 42.8438674], [-9.145051, 42.860854]]], [[[-8.2229978, 43.3355927], [-8.2230153, 43.3355809], [-8.2230268, 43.3355955], [-8.2230161, 43.3356012], [-8.2229978, 43.3355927]]], [[[-8.2231754, 43.3356838], [-8.2231517, 43.3356854], [-8.2231238, 43.3356765], [-8.223204, 43.3356755], [-8.2231754, 43.3356838]]], [[[-8.2232993, 43.3357187], [-8.2232871, 43.3357234], [-8.2232785, 43.3357109], [-8.2232971, 43.3357077], [-8.2232993, 43.3357187]]], [[[-8.2233759, 43.3358114], [-8.2232692, 43.3358765], [-8.223237, 43.3357676], [-8.223242, 43.3357567], [-8.2233759, 43.3358114]]], [[[-8.2231926, 43.3359379], [-8.2231761, 43.3359327], [-8.2231754, 43.3359166], [-8.223199, 43.335926], [-8.2231926, 43.3359379]]], [[[-8.2226412, 43.3360525], [-8.2226391, 43.3360088], [-8.2226706, 43.3360025], [-8.2226391, 43.3360926], [-8.2226412, 43.3360525]]], [[[-8.2227078, 43.3361181], [-8.2226806, 43.3361359], [-8.2226906, 43.3359973], [-8.2227322, 43.3360088], [-8.2227078, 43.3361181]]], [[[-8.2225424, 43.3360692], [-8.222556, 43.336052], [-8.2225753, 43.3360364], [-8.2225539, 43.3361077], [-8.2225424, 43.3360692]]], [[[-8.2228811, 43.3361296], [-8.2228811, 43.3360978], [-8.2229047, 43.3360655], [-8.2229355, 43.336128], [-8.2228811, 43.3361296]]], [[[-8.222972, 43.3365525], [-8.2228954, 43.3365889], [-8.2228553, 43.3365858], [-8.2230658, 43.3364791], [-8.222972, 43.3365525]]], [[[-8.2227751, 43.3365488], [-8.2227923, 43.3365332], [-8.2227579, 43.3366072], [-8.2227651, 43.3365832], [-8.2227751, 43.3365488]]], [[[-8.2229334, 43.3366119], [-8.2228961, 43.3366327], [-8.2228811, 43.3366228], [-8.2229355, 43.3365931], [-8.2229334, 43.3366119]]], [[[-8.2641644, 43.3783299], [-8.2641537, 43.3783229], [-8.2641359, 43.3783148], [-8.2641687, 43.3783036], [-8.2641644, 43.3783299]]], [[[-8.2640156, 43.3783773], [-8.264003, 43.3783591], [-8.2640243, 43.3783471], [-8.264033, 43.3783563], [-8.2640156, 43.3783773]]], [[[-8.2650565, 43.3795618], [-8.2650376, 43.3795407], [-8.2650449, 43.3795049], [-8.2650772, 43.379553], [-8.2650565, 43.3795618]]], [[[-8.2646648, 43.3803601], [-8.2646522, 43.3803766], [-8.264601, 43.380364], [-8.2647063, 43.3803401], [-8.2646648, 43.3803601]]], [[[-8.263918, 43.3803612], [-8.2639055, 43.3803889], [-8.2638939, 43.3803812], [-8.2639026, 43.3803464], [-8.263918, 43.3803612]]], [[[-8.264671, 43.3803942], [-8.2647024, 43.3803777], [-8.2647275, 43.3803864], [-8.2647126, 43.3803938], [-8.264671, 43.3803942]]], [[[-8.2646551, 43.3804261], [-8.2646092, 43.380424], [-8.264588, 43.3804124], [-8.2646232, 43.380411], [-8.2646551, 43.3804261]]], [[[-8.2643856, 43.3804802], [-8.2643624, 43.3805223], [-8.2643614, 43.3804373], [-8.2643711, 43.380438], [-8.2643856, 43.3804802]]], [[[-8.2642774, 43.3804795], [-8.2643286, 43.3804043], [-8.2642933, 43.3805946], [-8.2642725, 43.3805785], [-8.2642774, 43.3804795]]], [[[-8.2638919, 43.3807203], [-8.2637808, 43.3805209], [-8.2641315, 43.3805005], [-8.2640736, 43.3807582], [-8.2638919, 43.3807203]]], [[[-8.264346, 43.3808832], [-8.2643054, 43.3809281], [-8.2642745, 43.3809], [-8.2643914, 43.3808558], [-8.264346, 43.3808832]]], [[[-8.2640281, 43.3808944], [-8.26406, 43.3809007], [-8.2640504, 43.3809211], [-8.2640146, 43.3809169], [-8.2640281, 43.3808944]]], [[[-8.2647411, 43.382432], [-8.2646812, 43.382545], [-8.2646261, 43.3825703], [-8.2646783, 43.3822663], [-8.2647411, 43.382432]]], [[[-8.2659698, 43.3824369], [-8.2660317, 43.3825141], [-8.2658916, 43.3826539], [-8.2659196, 43.3824678], [-8.2659698, 43.3824369]]], [[[-8.2658037, 43.3825535], [-8.2657776, 43.3826581], [-8.2656076, 43.3828041], [-8.2656337, 43.382736], [-8.2658037, 43.3825535]]], [[[-8.2652482, 43.3828539], [-8.2652366, 43.3827655], [-8.2652666, 43.3827297], [-8.2652849, 43.3828139], [-8.2652482, 43.3828539]]], [[[-8.2660114, 43.3828462], [-8.2659534, 43.3828055], [-8.2660462, 43.3827493], [-8.2660433, 43.3828188], [-8.2660114, 43.3828462]]], [[[-8.267273, 43.3844178], [-8.2672575, 43.3844164], [-8.2672372, 43.3843279], [-8.2672846, 43.3843687], [-8.267273, 43.3844178]]], [[[-8.2681443, 43.3845621], [-8.2681328, 43.3845337], [-8.2681907, 43.3845719], [-8.2681791, 43.3845782], [-8.2681443, 43.3845621]]], [[[-8.2680274, 43.3845888], [-8.2679985, 43.38464], [-8.267926, 43.3846], [-8.2680178, 43.3845291], [-8.2680274, 43.3845888]]], [[[-8.2681385, 43.3846646], [-8.2681134, 43.3847081], [-8.2680922, 43.384713], [-8.2681018, 43.3846779], [-8.2681385, 43.3846646]]], [[[-8.2678439, 43.3847285], [-8.2678371, 43.3846997], [-8.2678497, 43.3846814], [-8.2678613, 43.3846962], [-8.2678439, 43.3847285]]], [[[-8.2683887, 43.3848036], [-8.2683742, 43.3848324], [-8.2683578, 43.3848289], [-8.2683742, 43.3847938], [-8.2683887, 43.3848036]]], [[[-8.2715046, 43.3859679], [-8.2715346, 43.3859985], [-8.2715085, 43.3861498], [-8.2714399, 43.3860382], [-8.2715046, 43.3859679]]], [[[-8.2763294, 43.3866324], [-8.2763052, 43.3865756], [-8.2763419, 43.3865124], [-8.276397, 43.386598], [-8.2763294, 43.3866324]]], [[[-7.0444114, 43.5558061], [-7.0443296, 43.5561464], [-7.0442368, 43.5561309], [-7.0440689, 43.5556625], [-7.0444114, 43.5558061]]], [[[-7.1453674, 43.5563049], [-7.1455807, 43.5564316], [-7.1451367, 43.5564539], [-7.1452091, 43.5562894], [-7.1453674, 43.5563049]]], [[[-7.0408708, 43.5559586], [-7.0415605, 43.555705], [-7.0429188, 43.5571632], [-7.0411412, 43.5567862], [-7.0408708, 43.5559586]]], [[[-7.048388, 43.5567783], [-7.0484647, 43.5553083], [-7.0499974, 43.557456], [-7.049158, 43.5574493], [-7.048388, 43.5567783]]], [[[-8.2812288, 43.5591483], [-8.2813747, 43.558377], [-8.2821043, 43.5585263], [-8.2815807, 43.5590985], [-8.2812288, 43.5591483]]], [[[-7.2389062, 43.5683256], [-7.2391916, 43.5678724], [-7.239902, 43.5675858], [-7.2396179, 43.5680687], [-7.2389062, 43.5683256]]], [[[-8.2180236, 43.5839605], [-8.2182729, 43.5840333], [-8.2182063, 43.5841791], [-8.2179145, 43.5841467], [-8.2180236, 43.5839605]]], [[[-8.190624, 43.612631], [-8.1915853, 43.6123158], [-8.1915852, 43.6134348], [-8.1912328, 43.6135752], [-8.190624, 43.612631]]], [[[-7.318274, 43.624937], [-7.318952, 43.625974], [-7.318238, 43.62622], [-7.317907, 43.625445], [-7.318274, 43.624937]]], [[[-8.1102574, 43.6482761], [-8.1096133, 43.6490395], [-8.109036, 43.64872], [-8.1092644, 43.6480131], [-8.1102574, 43.6482761]]], [[[-8.092635, 43.6696158], [-8.0925364, 43.6697835], [-8.0923785, 43.669755], [-8.0923539, 43.6696693], [-8.092635, 43.6696158]]], [[[-7.6114049, 43.6730354], [-7.6111537, 43.6732611], [-7.6110733, 43.673296], [-7.6114734, 43.672752], [-7.6114049, 43.6730354]]], [[[-7.88293, 43.673678], [-7.882925, 43.673935], [-7.882571, 43.673932], [-7.882576, 43.673675], [-7.88293, 43.673678]]], [[[-7.6105551, 43.6744377], [-7.6100602, 43.6748868], [-7.6097847, 43.6755623], [-7.6099173, 43.6748073], [-7.6105551, 43.6744377]]], [[[-7.6112423, 43.6781029], [-7.6116526, 43.6779325], [-7.6121762, 43.6783148], [-7.6113247, 43.6786293], [-7.6112423, 43.6781029]]], [[[-7.6141018, 43.6814281], [-7.6139641, 43.6813163], [-7.6142903, 43.68128], [-7.6142482, 43.6813543], [-7.6141018, 43.6814281]]], [[[-7.6044736, 43.698127], [-7.6047063, 43.6973809], [-7.6052953, 43.6975597], [-7.6047771, 43.6982287], [-7.6044736, 43.698127]]], [[[-7.5838895, 43.6982278], [-7.5845944, 43.6981768], [-7.5851309, 43.6987573], [-7.5830634, 43.6986668], [-7.5838895, 43.6982278]]], [[[-7.4439607, 43.7005328], [-7.443956, 43.7006096], [-7.4409016, 43.7005521], [-7.4439607, 43.7005328]]], [[[-7.8364312, 43.7091479], [-7.8368393, 43.7112907], [-7.8326351, 43.709964], [-7.8335228, 43.7089078], [-7.8364312, 43.7091479]]], [[[-8.0530556, 43.7102829], [-8.0533929, 43.7095148], [-8.0543137, 43.7102919], [-8.0537891, 43.7105194], [-8.0530556, 43.7102829]]], [[[-8.0496843, 43.7111452], [-8.0503359, 43.7113906], [-8.0505617, 43.7119887], [-8.0490043, 43.7117799], [-8.0496843, 43.7111452]]], [[[-8.0468905, 43.7122678], [-8.0474546, 43.7124145], [-8.0469508, 43.7130196], [-8.0462632, 43.7126464], [-8.0468905, 43.7122678]]], [[[-7.603444, 43.712304], [-7.604369, 43.7120386], [-7.6032259, 43.713715], [-7.6029143, 43.7135793], [-7.603444, 43.712304]]], [[[-8.0470924, 43.7131197], [-8.0473119, 43.7130562], [-8.0477679, 43.7136441], [-8.0465027, 43.713074], [-8.0470924, 43.7131197]]], [[[-7.436746, 43.71515], [-7.438885, 43.714537], [-7.441704, 43.714961], [-7.44098, 43.715592], [-7.436746, 43.71515]]], [[[-7.437714, 43.718755], [-7.440246, 43.716608], [-7.442188, 43.716763], [-7.442345, 43.717536], [-7.437714, 43.718755]]], [[[-7.437, 43.719002], [-7.436643, 43.719125], [-7.435925, 43.719501], [-7.436299, 43.718736], [-7.437, 43.719002]]], [[[-7.5175497, 43.7314279], [-7.5168691, 43.7317811], [-7.5165968, 43.7307376], [-7.517387, 43.7305905], [-7.5175497, 43.7314279]]], [[[-7.4922979, 43.7304762], [-7.492015, 43.732809], [-7.4881106, 43.7309448], [-7.4901199, 43.7295092], [-7.4922979, 43.7304762]]], [[[-7.755642, 43.742675], [-7.754935, 43.742667], [-7.754591, 43.74215], [-7.755648, 43.742418], [-7.755642, 43.742675]]], [[[-7.651459, 43.748165], [-7.651453, 43.748421], [-7.6508461, 43.7482188], [-7.6512409, 43.7478236], [-7.651459, 43.748165]]], [[[-7.629363, 43.760303], [-7.6288837, 43.757482], [-7.6330916, 43.7565575], [-7.6338265, 43.7595058], [-7.629363, 43.760303]]], [[[-7.858813, 43.7661766], [-7.8585125, 43.7666277], [-7.857842, 43.766067], [-7.8588842, 43.7658925], [-7.859098, 43.766559], [-7.858813, 43.7661766]]]]}}, {"type": "Feature", "properties": {"name": "Castilla y Le\u00f3n", "admin_level": "4", "iso": "ES-CL"}, "geometry": {"type": "MultiPolygon", "coordinates": [[[[-5.8639107, 42.9813818], [-5.8431315, 42.9642785], [-5.7654565, 42.9691075], [-5.7665113, 42.9860846], [-5.7282629, 43.0424911], [-5.6933491, 43.0564809], [-5.6367043, 43.0350051], [-5.574772, 43.0321003], [-5.5697814, 43.0220762], [-5.5401868, 43.0183531], [-5.5062924, 43.0285739], [-5.4938019, 43.0212425], [-5.4785232, 43.054909], [-5.3904507, 43.0493368], [-5.3831036, 43.0872369], [-5.3697809, 43.0948099], [-5.3438858, 43.0940523], [-5.3263812, 43.0788595], [-5.2821211, 43.0774279], [-5.268217, 43.0875838], [-5.2140814, 43.085443], [-5.1478028, 43.1151191], [-5.1406787, 43.1029163], [-5.1017354, 43.1018464], [-5.0766263, 43.1789492], [-5.0594707, 43.174333], [-5.0214603, 43.1835133], [-4.9976207, 43.1702612], [-4.9964135, 43.1853247], [-4.9630647, 43.212668], [-4.8947894, 43.2381655], [-4.8710096, 43.2280161], [-4.8608237, 43.2053162], [-4.8395525, 43.1896611], [-4.8517354, 43.1728722], [-4.8345665, 43.1574627], [-4.8513916, 43.1259163], [-4.8169033, 43.0926584], [-4.7664974, 43.0745466], [-4.7661589, 43.0556238], [-4.7323649, 43.0470303], [-4.7432966, 43.0267926], [-4.7371817, 43.0210155], [-4.6903562, 43.0263771], [-4.6381314, 43.0166729], [-4.6060841, 43.0357674], [-4.5584487, 43.0195147], [-4.5209199, 43.0473767], [-4.4757132, 43.0387023], [-4.4627522, 43.0605346], [-4.4475511, 43.0585396], [-4.3981161, 43.034868], [-4.3484849, 42.9725812], [-4.2402491, 42.9565335], [-4.2367027, 42.9171115], [-4.2225653, 42.9109776], [-4.2309103, 42.9030718], [-4.2257, 42.8588843], [-4.2142339, 42.8471731], [-4.1996935, 42.8445706], [-4.1499013, 42.8711336], [-4.1261196, 42.8566369], [-4.1406827, 42.829104], [-4.1580672, 42.8374822], [-4.1787269, 42.8261255], [-4.1854295, 42.8172971], [-4.1499147, 42.7893091], [-4.10517, 42.7930273], [-4.0813396, 42.7614641], [-4.0546875, 42.7630274], [-4.0459117, 42.7666111], [-4.0460996, 42.7857827], [-4.0298692, 42.7883433], [-4.0329201, 42.8012569], [-4.0141829, 42.8063774], [-4.0207799, 42.8193499], [-4.0035551, 42.8314075], [-3.9996518, 42.7689788], [-3.9656942, 42.7585987], [-3.9305886, 42.7744871], [-3.9109527, 42.7683857], [-3.9096645, 42.7864431], [-3.8944461, 42.8045377], [-3.862043, 42.7865224], [-3.8232767, 42.7988564], [-3.8160319, 42.8105612], [-3.8165122, 42.8359261], [-3.8337757, 42.8521737], [-3.8253535, 42.8686333], [-3.8347878, 42.8773632], [-3.8637358, 42.8898104], [-3.8740487, 42.8751168], [-3.8685014, 42.856698], [-3.8798211, 42.8513257], [-3.9148321, 42.8600843], [-3.8974728, 42.8802851], [-3.9243488, 42.8892211], [-3.8929338, 42.8873627], [-3.9105839, 42.9109256], [-3.9078189, 42.9145226], [-3.8686051, 42.899076], [-3.8520852, 42.9189483], [-3.833546, 42.9179858], [-3.8299267, 42.9276926], [-3.840542, 42.9405467], [-3.8670945, 42.9548294], [-3.8873833, 42.9487669], [-3.8912774, 42.9254855], [-3.91149, 42.9233906], [-3.9335431, 42.8996017], [-3.9296417, 42.914699], [-3.9737161, 42.9119199], [-3.9909782, 42.931088], [-3.9529968, 43.0001005], [-3.9092614, 43.0160974], [-3.8907461, 43.0418257], [-3.849866, 43.0402179], [-3.831769, 43.0638263], [-3.8507176, 43.0770507], [-3.8469614, 43.0843995], [-3.7645689, 43.0810338], [-3.7548816, 43.1005485], [-3.7046767, 43.1162749], [-3.6510175, 43.1810398], [-3.6124489, 43.1695184], [-3.6035435, 43.1496375], [-3.5855841, 43.154503], [-3.444756, 43.1315327], [-3.3507014, 43.1535768], [-3.3416121, 43.1661627], [-3.2532734, 43.1987474], [-3.2243462, 43.1699217], [-3.207732, 43.1797919], [-3.1869478, 43.1692173], [-3.1687436, 43.1783153], [-3.1482871, 43.1738681], [-3.1418851, 43.1611547], [-3.1623967, 43.1540052], [-3.1812981, 43.1204654], [-3.151984, 43.104241], [-3.1414126, 43.1104643], [-3.1336951, 43.0970723], [-3.1581584, 43.0735058], [-3.1399325, 43.0659302], [-3.1477746, 43.0342323], [-3.1419895, 43.0287886], [-3.177193, 43.0212642], [-3.1453596, 43.0065828], [-3.0602574, 43.0035101], [-3.03711, 42.9819991], [-3.0417229, 42.9691824], [-2.9810663, 42.9396549], [-3.0190101, 42.9084711], [-3.0920708, 42.8989482], [-3.1043725, 42.9104761], [-3.1256682, 42.9039041], [-3.1498196, 42.9170792], [-3.1448803, 42.9340915], [-3.2247572, 42.9500032], [-3.2482181, 42.9122803], [-3.2774225, 42.9017255], [-3.2829397, 42.8755355], [-3.2168018, 42.8261021], [-3.2052218, 42.8271994], [-3.2220941, 42.8384431], [-3.1903067, 42.8693421], [-3.1594824, 42.8565086], [-3.1256471, 42.8912226], [-3.1147685, 42.8890975], [-3.1049756, 42.8794868], [-3.1130472, 42.8610629], [-3.1421137, 42.8361882], [-3.1589927, 42.8047129], [-3.1227938, 42.7901403], [-3.1476017, 42.7568087], [-3.1011241, 42.7672648], [-3.08437, 42.7572194], [-3.0801048, 42.7670952], [-3.0648643, 42.7602446], [-3.0484639, 42.7654743], [-3.0408708, 42.738478], [-3.0165345, 42.7408724], [-2.9808155, 42.7036634], [-2.9312682, 42.7082728], [-2.9303538, 42.699597], [-2.9025312, 42.6935396], [-2.8965595, 42.6542536], [-2.8579918, 42.6383598], [-2.8821436, 42.6207246], [-2.8946306, 42.6276715], [-2.9160082, 42.6195207], [-2.9464507, 42.6393166], [-2.980569, 42.635221], [-3.0047559, 42.6442647], [-3.0180127, 42.6321776], [-3.084152, 42.6406865], [-3.0864033, 42.6277166], [-3.0704571, 42.6214142], [-3.0598305, 42.5891883], [-3.0861956, 42.5822105], [-3.0823585, 42.5740179], [-3.1037454, 42.5531073], [-3.1342714, 42.5420529], [-3.1074558, 42.5287701], [-3.0893025, 42.5382776], [-3.0725715, 42.528923], [-3.0792921, 42.4990911], [-3.0946954, 42.4880744], [-3.090422, 42.477883], [-3.064209, 42.4709477], [-3.046004, 42.4451541], [-3.0632994, 42.4249096], [-3.0568808, 42.3702731], [-3.0826522, 42.397384], [-3.0781791, 42.4157504], [-3.0903549, 42.4223701], [-3.1013466, 42.4167772], [-3.095738, 42.4051822], [-3.1052705, 42.3863692], [-3.0848111, 42.3853863], [-3.0634622, 42.3566975], [-3.1096685, 42.3514485], [-3.1106902, 42.3385777], [-3.0958626, 42.3269099], [-3.1066649, 42.3125987], [-3.0896213, 42.273049], [-3.0977189, 42.2630906], [-3.0885894, 42.2457251], [-3.1017575, 42.2327597], [-3.1037865, 42.2136863], [-3.1311377, 42.1976745], [-3.0965724, 42.1694537], [-3.0856782, 42.1342204], [-3.0589548, 42.1269691], [-3.0343735, 42.0859632], [-2.9353327, 42.0894077], [-2.9135462, 42.0228516], [-2.8840425, 42.0095074], [-2.8542141, 42.0304659], [-2.7979865, 42.046844], [-2.8033436, 42.0804837], [-2.774851, 42.1235359], [-2.7290604, 42.1231482], [-2.7067233, 42.1056745], [-2.7084192, 42.0862881], [-2.7573767, 42.0331017], [-2.7557449, 42.0239295], [-2.7461665, 42.0086784], [-2.7051365, 42.0151367], [-2.6735808, 41.9980644], [-2.6266351, 42.0065041], [-2.579909, 41.9962638], [-2.5490667, 42.0515103], [-2.5148804, 42.0688615], [-2.5226561, 42.0828813], [-2.5144342, 42.1145368], [-2.4843688, 42.1063485], [-2.4586151, 42.1153173], [-2.4384616, 42.1372681], [-2.3157435, 42.1444904], [-2.2821598, 42.131703], [-2.2817461, 42.1083919], [-2.2611641, 42.087267], [-2.2364842, 42.1025062], [-2.1367489, 42.1030859], [-2.1273242, 42.0971693], [-2.1272395, 42.0804618], [-2.1619128, 42.0667337], [-2.1547652, 42.0470382], [-2.1170083, 42.0215083], [-2.1076321, 42.0027743], [-2.1240722, 41.9953085], [-2.109961, 41.9578675], [-2.0466426, 41.9509282], [-2.0363919, 41.9394042], [-2.0283144, 41.9533864], [-1.984115, 41.9200844], [-1.9702978, 41.9191417], [-1.9151692, 41.9322516], [-1.9066667, 41.9455906], [-1.8775923, 41.952434], [-1.860631, 41.9649268], [-1.8556829, 41.9661389], [-1.8572812, 41.9095154], [-1.8387835, 41.8890199], [-1.8350589, 41.8664923], [-1.8225954, 41.8654375], [-1.81759, 41.853371], [-1.819043, 41.828744], [-1.8527141, 41.7888778], [-1.825323, 41.7783692], [-1.8058532, 41.7550843], [-1.8092128, 41.7366642], [-1.7753716, 41.724789], [-1.7868616, 41.6994305], [-1.8120739, 41.6864539], [-1.806224, 41.6642634], [-1.8589908, 41.66153], [-1.8739821, 41.6379808], [-1.897898, 41.6324122], [-1.9231004, 41.5983345], [-1.9845076, 41.6070717], [-1.9932382, 41.6005102], [-1.9936862, 41.5770867], [-1.9673346, 41.5460667], [-1.9783954, 41.5258632], [-1.9811115, 41.4864352], [-1.9532756, 41.4624508], [-1.9536859, 41.4242629], [-1.9365241, 41.419899], [-1.9372949, 41.4078541], [-2.0292704, 41.3841578], [-2.0435754, 41.3971494], [-2.0347713, 41.404417], [-2.0356232, 41.4268888], [-2.1015204, 41.4457888], [-2.1167672, 41.4249465], [-2.1160327, 41.3820471], [-2.1492114, 41.3561484], [-2.1631371, 41.3553499], [-2.1571129, 41.3339668], [-2.1692848, 41.3222194], [-2.1736713, 41.288085], [-2.1635111, 41.2831924], [-2.1564476, 41.2586399], [-2.1462416, 41.1843949], [-2.079896, 41.1709845], [-2.0516933, 41.146849], [-2.0505896, 41.1258967], [-2.0656222, 41.0957893], [-2.0481792, 41.0783784], [-2.0564342, 41.0696907], [-2.1318553, 41.1180978], [-2.1752981, 41.0837549], [-2.2321466, 41.0970115], [-2.2635435, 41.0675354], [-2.2935813, 41.0712548], [-2.3234072, 41.0565078], [-2.3553291, 41.0864536], [-2.4189099, 41.0577056], [-2.4297443, 41.0722898], [-2.4694663, 41.07811], [-2.4822607, 41.1162723], [-2.5088508, 41.1188571], [-2.5173565, 41.1478717], [-2.5365104, 41.1625254], [-2.5425291, 41.150668], [-2.5755771, 41.1394717], [-2.5953144, 41.1502533], [-2.5774928, 41.1786633], [-2.6220664, 41.1879882], [-2.5937413, 41.2002053], [-2.5894859, 41.2245382], [-2.6239001, 41.2237371], [-2.6291981, 41.215215], [-2.6460146, 41.2402103], [-2.6702555, 41.2371925], [-2.7095461, 41.2519809], [-2.7164584, 41.2755865], [-2.7616269, 41.274064], [-2.7755111, 41.2500835], [-2.8222452, 41.2566146], [-2.8668881, 41.274465], [-2.8730384, 41.2985046], [-2.8668455, 41.313072], [-2.888425, 41.3252376], [-2.9066681, 41.3276322], [-2.9411908, 41.3139364], [-2.9501314, 41.292637], [-3.0180148, 41.2891154], [-3.0619009, 41.273427], [-3.1997547, 41.3044292], [-3.2312445, 41.2948675], [-3.2542643, 41.2583832], [-3.2742654, 41.2602654], [-3.2757591, 41.2750345], [-3.2901677, 41.2579298], [-3.3236213, 41.261742], [-3.3363502, 41.2530315], [-3.4097793, 41.2606234], [-3.4151465, 41.2731972], [-3.4115227, 41.2607073], [-3.3995004, 41.2545429], [-3.4011854, 41.2135645], [-3.4441537, 41.2153405], [-3.4659946, 41.1832892], [-3.5006749, 41.1790964], [-3.5162221, 41.1623004], [-3.5509833, 41.1654454], [-3.600277, 41.1552452], [-3.6764225, 41.0866323], [-3.7384128, 41.0547817], [-3.7813662, 41.0003151], [-3.8681561, 40.9717592], [-3.87906, 40.9752994], [-3.9072158, 40.9552782], [-3.9217665, 40.9299264], [-3.9381863, 40.9264165], [-3.9522994, 40.8936484], [-3.9425065, 40.8887103], [-3.9466132, 40.8654591], [-3.9654998, 40.8379956], [-3.9621021, 40.822097], [-3.9799611, 40.799379], [-3.9797234, 40.784168], [-4.0785574, 40.7888479], [-4.0964739, 40.764813], [-4.0969962, 40.7477655], [-4.1160207, 40.7421073], [-4.1441658, 40.6960728], [-4.171969, 40.6795998], [-4.1731167, 40.6302756], [-4.1613602, 40.623446], [-4.2441003, 40.6023632], [-4.2620782, 40.6055464], [-4.2724416, 40.6290981], [-4.2899548, 40.627967], [-4.2900273, 40.6083727], [-4.278575, 40.6034912], [-4.289249, 40.5641861], [-4.3230004, 40.5511019], [-4.3285707, 40.5347596], [-4.3211196, 40.531719], [-4.3272313, 40.5073337], [-4.3163866, 40.4653701], [-4.3404477, 40.4290946], [-4.3242176, 40.4244439], [-4.3210143, 40.4101776], [-4.4218788, 40.4064019], [-4.4425793, 40.3857046], [-4.4397404, 40.3502903], [-4.4606266, 40.3403349], [-4.455514, 40.3199132], [-4.504381, 40.3150991], [-4.526413, 40.3449091], [-4.5464708, 40.342111], [-4.5293482, 40.2928121], [-4.5692181, 40.2572027], [-4.5607487, 40.2227591], [-4.613676, 40.2011507], [-4.6539974, 40.1982123], [-4.6864518, 40.2107618], [-4.6936809, 40.2410699], [-4.6872038, 40.2496057], [-4.7028891, 40.2613846], [-4.6941475, 40.2663867], [-4.6981414, 40.2821925], [-4.7286038, 40.2705165], [-4.7423346, 40.2746325], [-4.7615901, 40.2609022], [-4.8034692, 40.2752653], [-4.8182455, 40.2547737], [-4.8076748, 40.2353186], [-4.8354108, 40.2125045], [-4.9246772, 40.1699903], [-4.9179601, 40.1537811], [-4.9254541, 40.1360358], [-4.9562928, 40.1333478], [-4.9547796, 40.1213837], [-5.0133441, 40.1110557], [-5.0062619, 40.131611], [-5.0173299, 40.1590068], [-5.0270461, 40.1583819], [-5.0681282, 40.1502865], [-5.0877716, 40.1243229], [-5.1011331, 40.1272253], [-5.1414107, 40.091751], [-5.2010739, 40.0825522], [-5.2153108, 40.1078468], [-5.3189311, 40.1074964], [-5.3475264, 40.1300858], [-5.368008, 40.1607782], [-5.3699616, 40.2156506], [-5.3444304, 40.2647862], [-5.3956708, 40.2503241], [-5.4291178, 40.2526352], [-5.4709315, 40.2078816], [-5.5411656, 40.1959022], [-5.6145407, 40.2183267], [-5.6220208, 40.2459098], [-5.6492199, 40.2497488], [-5.6600217, 40.2577969], [-5.6567186, 40.2704293], [-5.692685, 40.2921382], [-5.7375829, 40.2941518], [-5.7649913, 40.280779], [-5.7931445, 40.2867048], [-5.8027354, 40.297633], [-5.7819923, 40.3124558], [-5.7993371, 40.3537506], [-5.8471278, 40.328047], [-5.8549779, 40.338374], [-5.8842447, 40.3266045], [-5.9171737, 40.2776972], [-5.9377824, 40.2810666], [-6.0059392, 40.3058051], [-6.0195844, 40.3226442], [-6.0160164, 40.3402916], [-6.1055765, 40.3567742], [-6.0822391, 40.3631906], [-6.0861892, 40.3780098], [-6.0720166, 40.3869802], [-6.0845519, 40.3904549], [-6.0649877, 40.3969125], [-6.1294842, 40.4207877], [-6.1161265, 40.4415855], [-6.1470166, 40.4361182], [-6.1544917, 40.4545403], [-6.1804391, 40.4621956], [-6.1990957, 40.4818371], [-6.2312683, 40.4866514], [-6.2753261, 40.458516], [-6.3446429, 40.4427756], [-6.3655504, 40.4223718], [-6.3618659, 40.407087], [-6.3713963, 40.4018736], [-6.4188258, 40.39929], [-6.4396466, 40.3815774], [-6.4383151, 40.3727728], [-6.4675432, 40.372322], [-6.5362841, 40.3472443], [-6.5604104, 40.329049], [-6.5561755, 40.2907769], [-6.587022, 40.2707212], [-6.6717528, 40.2632324], [-6.6901371, 40.2426625], [-6.7182247, 40.2692394], [-6.7514439, 40.2502169], [-6.7556025, 40.2389235], [-6.7834969, 40.2493881], [-6.8021591, 40.2495591], [-6.8066916, 40.2415208], [-6.834522, 40.2475802], [-6.8648892, 40.270277], [-6.8639191, 40.2961873], [-6.8246036, 40.3228585], [-6.7941067, 40.3283999], [-6.7939041, 40.3554424], [-6.7809607, 40.3645563], [-6.8344639, 40.4077062], [-6.8496927, 40.4515196], [-6.8146993, 40.5015644], [-6.7952681, 40.5113686], [-6.8052015, 40.535951], [-6.8008621, 40.5503533], [-6.8453574, 40.565954], [-6.8381117, 40.5942354], [-6.7940144, 40.6612974], [-6.8057659, 40.6687259], [-6.8107705, 40.7168792], [-6.8311713, 40.7528039], [-6.8169289, 40.7970879], [-6.8260024, 40.8433767], [-6.8001631, 40.8486324], [-6.809034, 40.8823956], [-6.8303402, 40.8855349], [-6.8488737, 40.9025022], [-6.8591307, 40.9497261], [-6.9215794, 41.0024809], [-6.9313566, 41.0294111], [-6.9161192, 41.0383852], [-6.8685256, 41.0268691], [-6.808931, 41.0364965], [-6.7541938, 41.1040617], [-6.7707565, 41.1240102], [-6.7678712, 41.1348371], [-6.7091069, 41.1726558], [-6.6905791, 41.1958776], [-6.6914076, 41.2096212], [-6.6529499, 41.2353562], [-6.6483775, 41.2475503], [-6.5997629, 41.2434685], [-6.5916086, 41.2552373], [-6.584614, 41.2409703], [-6.5713298, 41.239042], [-6.5515834, 41.2456395], [-6.5225985, 41.2756267], [-6.5114639, 41.2644506], [-6.4962876, 41.2661625], [-6.478427, 41.2758067], [-6.4913399, 41.2848986], [-6.4868777, 41.291347], [-6.43763, 41.305321], [-6.4338365, 41.320246], [-6.4181474, 41.3261566], [-6.4264908, 41.3332858], [-6.4152687, 41.3479586], [-6.3768369, 41.3593316], [-6.3934822, 41.3698629], [-6.3896475, 41.3847093], [-6.3666088, 41.3934113], [-6.3524811, 41.3783411], [-6.3176604, 41.3857422], [-6.3172184, 41.3971456], [-6.3332695, 41.410327], [-6.3000468, 41.428704], [-6.2948604, 41.4362659], [-6.305282, 41.4497098], [-6.2840409, 41.4790174], [-6.2617731, 41.4867714], [-6.2657904, 41.4982462], [-6.2509893, 41.5001968], [-6.2577506, 41.5141109], [-6.2369429, 41.521357], [-6.2117425, 41.5591497], [-6.1891593, 41.5748318], [-6.2014635, 41.5945637], [-6.2358062, 41.607057], [-6.2544582, 41.6329995], [-6.302297, 41.6618119], [-6.3546666, 41.6764053], [-6.444502, 41.6848659], [-6.4573625, 41.6665978], [-6.4996205, 41.6571248], [-6.5482737, 41.6855954], [-6.5549636, 41.6986121], [-6.5424855, 41.701154], [-6.5549625, 41.7209648], [-6.5488515, 41.7254818], [-6.5688979, 41.7435978], [-6.5436024, 41.7784989], [-6.5470638, 41.794964], [-6.5274169, 41.8207847], [-6.5322689, 41.8353734], [-6.5155141, 41.8716585], [-6.5711794, 41.8834955], [-6.5465122, 41.9394559], [-6.5847636, 41.9663355], [-6.6213863, 41.9397368], [-6.7000058, 41.9333151], [-6.7505824, 41.9436456], [-6.7686858, 41.9840903], [-6.8113479, 41.9925213], [-6.8100164, 41.9695416], [-6.8305479, 41.9434926], [-6.9415183, 41.9438823], [-6.9578062, 41.9689384], [-6.983544, 41.9718481], [-6.9911077, 41.9883441], [-6.9610983, 42.0279063], [-6.9747916, 42.0551566], [-7.0118319, 42.0524159], [-7.0335847, 42.0742351], [-7.0026903, 42.0841699], [-7.0027036, 42.0966675], [-6.9903378, 42.1011328], [-6.9898157, 42.1213118], [-6.9490099, 42.1357371], [-6.9427936, 42.1733373], [-6.901078, 42.1896229], [-6.8868917, 42.214354], [-6.8435991, 42.2283041], [-6.8023374, 42.2184621], [-6.7967084, 42.20905], [-6.7871405, 42.215724], [-6.8031754, 42.2386672], [-6.7902956, 42.2528531], [-6.7669968, 42.2574577], [-6.7650346, 42.2727399], [-6.7411458, 42.2986635], [-6.7339533, 42.3591114], [-6.7665424, 42.3650491], [-6.7786457, 42.3809931], [-6.8208043, 42.3856442], [-6.8423073, 42.4036172], [-6.8142729, 42.4273539], [-6.8227684, 42.4529126], [-6.8083913, 42.4690595], [-6.826694, 42.4929582], [-6.8600644, 42.4887576], [-6.9321956, 42.520544], [-6.9600885, 42.5177631], [-6.9785416, 42.4932532], [-7.0009565, 42.5056986], [-7.028685, 42.4978647], [-7.0421813, 42.5070143], [-7.0738094, 42.5067038], [-7.0770689, 42.5080004], [-7.0594356, 42.5305813], [-7.0708221, 42.5377164], [-7.0639166, 42.5485641], [-7.0695185, 42.5540143], [-7.0335349, 42.5840859], [-7.050166, 42.597941], [-7.0470048, 42.6327004], [-7.0043512, 42.6428769], [-7.0214799, 42.6519417], [-7.0155132, 42.6645948], [-7.0451918, 42.6947654], [-7.0105927, 42.7236351], [-6.9728844, 42.7250054], [-6.9594828, 42.7550302], [-6.935603, 42.740863], [-6.8674305, 42.7871737], [-6.8671428, 42.8037502], [-6.8403212, 42.8233648], [-6.8710476, 42.8737637], [-6.8336766, 42.8820408], [-6.8404063, 42.8782278], [-6.8307187, 42.8711682], [-6.8140568, 42.8716833], [-6.8419259, 42.9063107], [-6.8241894, 42.915061], [-6.8010426, 42.9101695], [-6.7706706, 42.8986238], [-6.7737111, 42.8828295], [-6.7566694, 42.8830575], [-6.7231924, 42.9173776], [-6.6899047, 42.9224638], [-6.6118628, 42.9250103], [-6.6058031, 42.917366], [-6.5465669, 42.9121534], [-6.5105764, 42.9287333], [-6.4897696, 42.920249], [-6.4785868, 42.9335648], [-6.4331016, 42.9397568], [-6.441611, 42.9473076], [-6.4336383, 42.96416], [-6.4730114, 42.9677518], [-6.4781355, 42.9912046], [-6.4464392, 42.9821701], [-6.4371976, 42.9930311], [-6.4241643, 42.9876779], [-6.4075767, 42.9994886], [-6.4111068, 43.0169323], [-6.3943519, 43.0166118], [-6.3970473, 43.0383217], [-6.3735461, 43.0411068], [-6.3590877, 43.0595769], [-6.3331562, 43.0464878], [-6.3264927, 43.0313299], [-6.2951665, 43.0269069], [-6.2851906, 43.0363693], [-6.2637014, 43.0160771], [-6.2268082, 43.0089126], [-6.229842, 43.0230311], [-6.2157368, 43.0471576], [-6.1784013, 43.0477984], [-6.1366674, 43.0209929], [-6.0959636, 43.0312778], [-6.0921826, 43.0668073], [-6.0812883, 43.0758955], [-6.0209282, 43.0537855], [-5.9864172, 43.0673637], [-5.962159, 43.0529438], [-5.9696569, 43.040835], [-5.9567714, 43.0183292], [-5.9134143, 42.9924413], [-5.8871864, 42.994087], [-5.8891502, 42.9790271], [-5.8639107, 42.9813818]]], [[[-2.9423347, 42.6065776], [-2.9344998, 42.6140752], [-2.9226287, 42.600829], [-2.9391773, 42.5942919], [-2.9423347, 42.6065776]]], [[[-2.9980125, 42.6033329], [-2.9945246, 42.6154906], [-2.9828572, 42.6107972], [-2.999378, 42.6009464], [-2.9980125, 42.6033329]]], [[[-2.8231042, 42.7873366], [-2.7317065, 42.7944914], [-2.6440112, 42.7646835], [-2.6022569, 42.7707007], [-2.5896086, 42.7502868], [-2.5578987, 42.7626846], [-2.5725909, 42.7248506], [-2.5898595, 42.7105944], [-2.6000344, 42.715013], [-2.6090273, 42.6959384], [-2.5776743, 42.6679324], [-2.5484101, 42.6687334], [-2.539664, 42.6865382], [-2.5221312, 42.6839369], [-2.5175691, 42.6461953], [-2.5490851, 42.6371582], [-2.5519812, 42.6492517], [-2.6348621, 42.6475865], [-2.6593938, 42.6724055], [-2.6988019, 42.6748123], [-2.717814, 42.6619855], [-2.7677924, 42.6659197], [-2.7844308, 42.6987031], [-2.8249568, 42.7086458], [-2.8683906, 42.7405258], [-2.8529261, 42.7478298], [-2.8539878, 42.7679319], [-2.8385523, 42.7806922], [-2.8358149, 42.7960035], [-2.8231042, 42.7873366]]], [[[-4.1082229, 42.8010857], [-4.1132244, 42.8162129], [-4.1072999, 42.8277016], [-4.0888706, 42.8185345], [-4.0878831, 42.8056771], [-4.1015719, 42.7937349], [-4.1082229, 42.8010857]]], [[[-4.1829812, 42.8204951], [-4.1665041, 42.8217646], [-4.1604185, 42.8151769], [-4.1752067, 42.8118112], [-4.1829812, 42.8204951]]]]}}, {"type": "Feature", "properties": {"name": "Euskadi", "admin_level": "4", "iso": "ES-PV"}, "geometry": {"type": "MultiPolygon", "coordinates": [[[[-3.1224366, 42.9689793], [-3.1226463, 42.9687524], [-3.1229879, 42.9694896], [-3.1223064, 42.9692774], [-3.1224366, 42.9689793]]], [[[-3.1131556, 43.3518907], [-3.1131609, 43.3521243], [-3.112916, 43.3519411], [-3.1130385, 43.3518765], [-3.1131556, 43.3518907]]], [[[-3.0780889, 43.3547289], [-3.0783295, 43.3538839], [-3.0795507, 43.3543359], [-3.0788413, 43.3549639], [-3.0780889, 43.3547289]]], [[[-3.077111, 43.3790213], [-3.0780018, 43.379247], [-3.0778434, 43.3795771], [-3.0769527, 43.3793514], [-3.077111, 43.3790213]]], [[[-2.9347299, 43.4414353], [-2.9346887, 43.4394767], [-2.935326, 43.438922], [-2.9355835, 43.4402343], [-2.9347299, 43.4414353]]], [[[-2.7904442, 43.4436207], [-2.7903181, 43.4438154], [-2.7900258, 43.443683], [-2.7901492, 43.4436031], [-2.7904442, 43.4436207]]], [[[-2.7886766, 43.4441124], [-2.7889127, 43.4441416], [-2.789142, 43.4443704], [-2.7888282, 43.4443724], [-2.7886766, 43.4441124]]], [[[-2.7750951, 43.4505853], [-2.776599, 43.4514067], [-2.7757704, 43.4529507], [-2.7743137, 43.4505816], [-2.7750951, 43.4505853]]], [[[-1.7585622, 43.3441254], [-1.7373513, 43.3299219], [-1.7415824, 43.316484], [-1.7292688, 43.2942364], [-1.783243, 43.2868198], [-1.7941941, 43.276468], [-1.7950639, 43.246278], [-1.8336643, 43.2243518], [-1.8493576, 43.2279324], [-1.860575, 43.2120888], [-1.8676943, 43.2305016], [-1.8809267, 43.228777], [-1.8738668, 43.2203066], [-1.8819075, 43.2067885], [-1.8872428, 43.2146205], [-1.8901705, 43.2072832], [-1.9032573, 43.2113084], [-1.914152, 43.2251714], [-1.9206885, 43.1506295], [-1.901952, 43.1358544], [-1.9475253, 43.0975267], [-2.024404, 43.0666217], [-2.0195536, 43.0492626], [-2.0412373, 43.0286594], [-2.0285028, 42.9986596], [-2.0383383, 42.9809944], [-2.0952354, 42.9725533], [-2.103729, 42.9492613], [-2.1176322, 42.9422465], [-2.1809603, 42.9351265], [-2.1991351, 42.9511762], [-2.2329896, 42.932144], [-2.2385115, 42.8955797], [-2.2531062, 42.8926143], [-2.2414573, 42.8857725], [-2.2333739, 42.841726], [-2.2679082, 42.813242], [-2.2688591, 42.7945531], [-2.2811418, 42.7850383], [-2.262201, 42.7478667], [-2.3170506, 42.7392094], [-2.3240256, 42.7229381], [-2.3127122, 42.7085253], [-2.316885, 42.6825178], [-2.3094003, 42.6710077], [-2.3049865, 42.669875], [-2.2936621, 42.6773975], [-2.2890303, 42.6548233], [-2.3317778, 42.6459206], [-2.3447007, 42.6341542], [-2.3823073, 42.6338488], [-2.3719302, 42.6431816], [-2.3818966, 42.6473517], [-2.3768131, 42.650716], [-2.4158593, 42.6626537], [-2.4501969, 42.6469705], [-2.4826393, 42.6119606], [-2.4999443, 42.616265], [-2.4903448, 42.5850211], [-2.4622308, 42.5873607], [-2.453242, 42.5668107], [-2.4210697, 42.6069248], [-2.3963776, 42.5986263], [-2.3896719, 42.5489366], [-2.4010534, 42.5385049], [-2.3923583, 42.5162191], [-2.4228127, 42.5113115], [-2.4205823, 42.4892343], [-2.4488082, 42.4968759], [-2.4774309, 42.4866376], [-2.5163816, 42.4909779], [-2.5053227, 42.5118961], [-2.5113808, 42.5197461], [-2.5377612, 42.4946498], [-2.52982, 42.4839373], [-2.5698435, 42.4938211], [-2.5919366, 42.4820594], [-2.589072, 42.4713451], [-2.6015905, 42.476987], [-2.5922843, 42.4918229], [-2.6049765, 42.5033589], [-2.6465854, 42.4830396], [-2.6565413, 42.5040475], [-2.6776259, 42.5092449], [-2.6768015, 42.5261168], [-2.7060049, 42.5166019], [-2.6911036, 42.5427043], [-2.6820146, 42.5957515], [-2.7094696, 42.6007586], [-2.7405624, 42.6223666], [-2.7636759, 42.6225801], [-2.7775756, 42.5819479], [-2.8032528, 42.5640276], [-2.8148873, 42.569265], [-2.8246001, 42.5544955], [-2.8409502, 42.581056], [-2.8197388, 42.5914286], [-2.8187668, 42.6128203], [-2.8419222, 42.6086696], [-2.8435689, 42.6304123], [-2.8962684, 42.6539426], [-2.9025312, 42.6935396], [-2.9303538, 42.699597], [-2.9312682, 42.7082728], [-2.9808155, 42.7036634], [-3.0165345, 42.7408724], [-3.0408708, 42.738478], [-3.0484639, 42.7654743], [-3.0648643, 42.7602446], [-3.0801048, 42.7670952], [-3.08437, 42.7572194], [-3.1011241, 42.7672648], [-3.1476017, 42.7568087], [-3.1227938, 42.7901403], [-3.1589927, 42.8047129], [-3.1421137, 42.8361882], [-3.1130472, 42.8610629], [-3.1049756, 42.8794868], [-3.1147685, 42.8890975], [-3.1256471, 42.8912226], [-3.1594824, 42.8565086], [-3.1903067, 42.8693421], [-3.2220941, 42.8384431], [-3.2052218, 42.8271994], [-3.2168018, 42.8261021], [-3.2829397, 42.8755355], [-3.2774225, 42.9017255], [-3.2482181, 42.9122803], [-3.2247572, 42.9500032], [-3.1448803, 42.9340915], [-3.1498196, 42.9170792], [-3.1256682, 42.9039041], [-3.1043725, 42.9104761], [-3.0920708, 42.8989482], [-3.0190101, 42.9084711], [-2.9810614, 42.9397637], [-3.0417229, 42.9691824], [-3.03711, 42.9819991], [-3.0602574, 43.0035101], [-3.1453596, 43.0065828], [-3.177193, 43.0212642], [-3.1419895, 43.0287886], [-3.1477746, 43.0342323], [-3.1399325, 43.0659302], [-3.1581584, 43.0735058], [-3.1336951, 43.0970723], [-3.1414126, 43.1104643], [-3.151984, 43.104241], [-3.1812981, 43.1204654], [-3.1623967, 43.1540052], [-3.1418851, 43.1611547], [-3.1482871, 43.1738681], [-3.1687436, 43.1783153], [-3.1869478, 43.1692173], [-3.207732, 43.1797919], [-3.2243462, 43.1699217], [-3.2532734, 43.1987474], [-3.4176076, 43.1333163], [-3.4334518, 43.1710449], [-3.4330452, 43.206398], [-3.450912, 43.2362448], [-3.4184394, 43.2410687], [-3.4134616, 43.2499022], [-3.398904, 43.2457747], [-3.3831016, 43.2703653], [-3.3385913, 43.2780633], [-3.343126, 43.2942825], [-3.3333454, 43.3021015], [-3.3231733, 43.2911444], [-3.294251, 43.299327], [-3.2898224, 43.2898361], [-3.2661428, 43.2963194], [-3.2094502, 43.2836049], [-3.1932089, 43.2984509], [-3.1575622, 43.3011506], [-3.149652, 43.3187852], [-3.1528071, 43.353264], [-3.1143826, 43.3496344], [-3.1091701, 43.3646999], [-3.0840266, 43.3779698], [-3.1043893, 43.36465], [-3.0774631, 43.3633738], [-3.0861693, 43.3604668], [-3.0812006, 43.3518493], [-3.0751229, 43.3551054], [-3.0721809, 43.3626299], [-3.0458679, 43.3592581], [-3.0707402, 43.3544851], [-3.0535079, 43.3536938], [-3.0575448, 43.3466317], [-3.0461499, 43.3433115], [-3.0453527, 43.351822], [-3.0318328, 43.3466422], [-3.0409545, 43.340807], [-3.0314115, 43.3372719], [-3.0437506, 43.3391452], [-3.0177453, 43.3270177], [-3.0109073, 43.3381065], [-3.0277951, 43.3419629], [-3.0126101, 43.3478638], [-3.0395796, 43.3733896], [-2.9945667, 43.3886042], [-2.9704133, 43.4126708], [-2.9462151, 43.4114723], [-2.9554459, 43.4219412], [-2.9466132, 43.4361209], [-2.8077662, 43.429894], [-2.7859274, 43.448047], [-2.7766871, 43.4447657], [-2.7520347, 43.4568595], [-2.7387009, 43.4294127], [-2.7096232, 43.4225064], [-2.7235629, 43.418403], [-2.7005744, 43.4153339], [-2.693985, 43.3998786], [-2.6779742, 43.4122014], [-2.6457392, 43.4159192], [-2.6174203, 43.3912907], [-2.6015301, 43.3945575], [-2.5837274, 43.382234], [-2.5627349, 43.3909593], [-2.5437418, 43.3727015], [-2.5099228, 43.3774101], [-2.5025946, 43.3642348], [-2.4875609, 43.3632906], [-2.4599561, 43.3354464], [-2.4324992, 43.3339638], [-2.3525467, 43.2982005], [-2.2850178, 43.2947774], [-2.2282714, 43.3109953], [-2.2061998, 43.3039779], [-2.2025019, 43.3118167], [-2.2020341, 43.3010407], [-2.1781749, 43.287581], [-2.1290671, 43.2888763], [-2.0303875, 43.3210244], [-2.0083433, 43.3242717], [-2.0039578, 43.3177389], [-1.9901319, 43.3155348], [-1.9918225, 43.3266969], [-1.9795947, 43.3237739], [-1.9624056, 43.3381459], [-1.9235314, 43.33209], [-1.8832066, 43.349529], [-1.8649262, 43.3724393], [-1.7936646, 43.3940071], [-1.7878557, 43.3861464], [-1.7963465, 43.3826862], [-1.781617, 43.3630809], [-1.7901473, 43.3532864], [-1.7585622, 43.3441254]]], [[[-2.1239594, 43.2939937], [-2.1235388, 43.2941659], [-2.1230722, 43.2944768], [-2.1237097, 43.2938024], [-2.1239594, 43.2939937]]], [[[-2.1500774, 43.2956509], [-2.1493752, 43.2957872], [-2.1484857, 43.2945151], [-2.1495468, 43.2948899], [-2.1500774, 43.2956509]]], [[[-2.1497809, 43.2965823], [-2.1502491, 43.2963665], [-2.1509061, 43.2973787], [-2.1499214, 43.2967754], [-2.1497809, 43.2965823]]], [[[-1.999597, 43.3205916], [-2.0010192, 43.3219495], [-1.9969735, 43.3221724], [-1.99809, 43.3211887], [-1.999597, 43.3205916]]], [[[-2.4970094, 43.3659901], [-2.4951149, 43.3682461], [-2.4936188, 43.368369], [-2.4960609, 43.3651312], [-2.4970094, 43.3659901]]], [[[-1.7931376, 43.3947556], [-1.7914069, 43.3959252], [-1.7903241, 43.3953182], [-1.7921895, 43.3939742], [-1.7931376, 43.3947556]]], [[[-2.6808343, 43.4233581], [-2.6828175, 43.4232691], [-2.6878895, 43.4275665], [-2.6815703, 43.4256073], [-2.6808343, 43.4233581]]]]}}, {"type": "Feature", "properties": {"name": "Comunitat Valenciana", "admin_level": "4", "iso": "ES-VC"}, "geometry": {"type": "MultiPolygon", "coordinates": [[[[-0.7208893, 37.9204229], [-0.7209496, 37.9205117], [-0.7208799, 37.9205519], [-0.720841, 37.920498], [-0.7208893, 37.9204229]]], [[[-0.4707756, 38.1607023], [-0.4708413, 38.1605249], [-0.4709135, 38.1604904], [-0.4708899, 38.1607033], [-0.4707756, 38.1607023]]], [[[-0.4548884, 38.1617591], [-0.453596, 38.1615763], [-0.4589037, 38.1604664], [-0.4600369, 38.1615913], [-0.4548884, 38.1617591]]], [[[-0.4742734, 38.1612381], [-0.4752497, 38.1612296], [-0.4750782, 38.1620311], [-0.4747548, 38.1618504], [-0.4742734, 38.1612381]]], [[[-0.4642092, 38.1626683], [-0.4644282, 38.1625082], [-0.4646851, 38.162725], [-0.4645612, 38.1628153], [-0.4642092, 38.1626683]]], [[[-0.4659679, 38.1633527], [-0.473863, 38.1624055], [-0.4850797, 38.1668222], [-0.4787728, 38.1677455], [-0.4659679, 38.1633527]]], [[[-0.4846414, 38.1659051], [-0.4845569, 38.1658767], [-0.484801, 38.165824], [-0.4847983, 38.1658514], [-0.4846414, 38.1659051]]], [[[-0.485401, 38.1667043], [-0.4870795, 38.1662127], [-0.4877052, 38.1670509], [-0.4861788, 38.1673129], [-0.485401, 38.1667043]]], [[[-0.1303137, 38.5014352], [-0.1326686, 38.5016829], [-0.1330027, 38.5021191], [-0.1311092, 38.5039788], [-0.1303137, 38.5014352]]], [[[-0.0724751, 38.5365344], [-0.0734162, 38.5366215], [-0.0716696, 38.5371097], [-0.0725352, 38.5367923], [-0.0724751, 38.5365344]]], [[[-0.0598191, 38.5700096], [-0.0597676, 38.5701439], [-0.0596389, 38.5700633], [-0.0598191, 38.5700096]]], [[[-0.0197772, 38.617346], [-0.0191671, 38.6172734], [-0.019439, 38.6165058], [-0.0201112, 38.6165399], [-0.0197772, 38.617346]]], [[[0.142675, 38.6863729], [0.1426321, 38.6862473], [0.1424926, 38.6863478], [0.1425677, 38.686398], [0.142675, 38.6863729]]], [[[0.2153195, 38.7271344], [0.2159847, 38.7277067], [0.2185794, 38.7264107], [0.2182643, 38.7262629], [0.2153195, 38.7271344]]], [[[0.223604, 38.7611908], [0.2237519, 38.761164], [0.2237211, 38.7609616], [0.2236642, 38.7609834], [0.223604, 38.7611908]]], [[[0.2239275, 38.761337], [0.2241144, 38.7612931], [0.2241699, 38.7611657], [0.2240557, 38.7610736], [0.2239275, 38.761337]]], [[[-1.0049628, 38.1721502], [-0.9680576, 38.255773], [-0.9713312, 38.2902082], [-0.9893369, 38.3207127], [-1.0280207, 38.3384107], [-1.0843103, 38.3461851], [-1.0879771, 38.4046664], [-1.0853382, 38.4291476], [-1.0772563, 38.4314534], [-1.0941618, 38.437929], [-1.0593029, 38.4557481], [-1.0136857, 38.4967337], [-1.0260384, 38.5227687], [-1.0014541, 38.5726527], [-1.0261435, 38.6556068], [-0.9624664, 38.6569253], [-0.9157933, 38.6959646], [-0.9614287, 38.7747916], [-0.9289381, 38.7838337], [-0.9337156, 38.810776], [-0.9235911, 38.8238301], [-0.9351121, 38.8555761], [-0.9242479, 38.8916216], [-0.9565245, 38.9201229], [-0.9594103, 38.944582], [-0.9993331, 38.9494543], [-1.0345946, 38.9344481], [-1.147164, 38.9291081], [-1.2266212, 39.0252546], [-1.2648556, 39.0443418], [-1.2555659, 39.1057118], [-1.2395744, 39.1139036], [-1.226997, 39.1517067], [-1.197066, 39.1767327], [-1.1796174, 39.2130523], [-1.1747358, 39.2792387], [-1.1618893, 39.3054176], [-1.2005141, 39.3146889], [-1.207909, 39.3262367], [-1.2233277, 39.3161118], [-1.2471541, 39.3285736], [-1.2508438, 39.3225023], [-1.2737462, 39.3331969], [-1.29753, 39.3303049], [-1.3131575, 39.3432961], [-1.3326679, 39.3410087], [-1.3356957, 39.3330311], [-1.3654736, 39.355101], [-1.3845365, 39.3542577], [-1.3837264, 39.3662311], [-1.4077875, 39.3657792], [-1.3967877, 39.3752418], [-1.4083222, 39.3718774], [-1.4211579, 39.3819132], [-1.4236256, 39.3639946], [-1.4320155, 39.3640899], [-1.4278471, 39.3711689], [-1.4321074, 39.3774792], [-1.4543047, 39.3610222], [-1.4481359, 39.3782653], [-1.4675468, 39.3827605], [-1.4523094, 39.3838016], [-1.4527371, 39.3986685], [-1.4733052, 39.3911466], [-1.4705675, 39.4075088], [-1.4888126, 39.4016475], [-1.4832517, 39.4224603], [-1.5040593, 39.4165427], [-1.4969721, 39.4292543], [-1.5217202, 39.4326774], [-1.5184708, 39.4489442], [-1.5288667, 39.4552661], [-1.5133915, 39.4582678], [-1.503223, 39.4793467], [-1.5125576, 39.4832328], [-1.5050554, 39.4877045], [-1.5124541, 39.4962689], [-1.5036601, 39.4914978], [-1.4990598, 39.4997049], [-1.5072171, 39.5078606], [-1.5025645, 39.5465684], [-1.5209496, 39.5500853], [-1.462082, 39.5766211], [-1.4179317, 39.6549358], [-1.3685346, 39.6896148], [-1.3128269, 39.6704841], [-1.2795803, 39.6778886], [-1.2679042, 39.6911482], [-1.2619953, 39.6989071], [-1.2754093, 39.7386406], [-1.2150036, 39.8087743], [-1.2000437, 39.8587059], [-1.19586, 39.9139295], [-1.2089667, 39.9281599], [-1.205662, 39.9477835], [-1.1423952, 39.9718415], [-1.1217484, 39.960851], [-1.1146542, 39.9727627], [-1.0921465, 39.9677997], [-1.0575757, 39.9804773], [-1.0256936, 39.9745959], [-0.9893813, 39.981827], [-0.9318859, 39.956077], [-0.9204541, 39.9644037], [-0.9026586, 39.9318498], [-0.9138215, 39.9180067], [-0.9002425, 39.8918345], [-0.9125639, 39.8723549], [-0.888574, 39.8521107], [-0.8635551, 39.8474097], [-0.7976948, 39.8810675], [-0.8404229, 39.9249501], [-0.8462969, 39.9476979], [-0.835738, 39.9599959], [-0.8377953, 39.9768084], [-0.777646, 39.9984071], [-0.7536211, 40.0466083], [-0.7475792, 40.0378787], [-0.6829397, 40.0442247], [-0.6272216, 40.0762024], [-0.6134653, 40.0695866], [-0.6285335, 40.1025784], [-0.6074067, 40.1279792], [-0.5786398, 40.1373349], [-0.5692579, 40.1591629], [-0.5721605, 40.1814739], [-0.5578887, 40.2008381], [-0.5441869, 40.2516595], [-0.494515, 40.2287316], [-0.4699741, 40.2401329], [-0.451806, 40.2353201], [-0.3837483, 40.2642432], [-0.382819, 40.2778755], [-0.3998689, 40.2960207], [-0.3791912, 40.3101438], [-0.366273, 40.3050516], [-0.3689884, 40.3117792], [-0.3529825, 40.3133684], [-0.3497996, 40.327951], [-0.3431553, 40.3254114], [-0.3406171, 40.3399905], [-0.2798324, 40.3700482], [-0.28539, 40.3864916], [-0.3473552, 40.4439404], [-0.3326096, 40.4590485], [-0.2714333, 40.4784981], [-0.2797379, 40.4834499], [-0.2776379, 40.5015321], [-0.302668, 40.5152152], [-0.2902779, 40.5440822], [-0.2995465, 40.5774183], [-0.2930727, 40.6108669], [-0.3224413, 40.6028134], [-0.3704829, 40.613592], [-0.3796682, 40.6235289], [-0.3707965, 40.6507723], [-0.3779568, 40.6675357], [-0.328818, 40.6802794], [-0.3069978, 40.6594968], [-0.2936268, 40.6739647], [-0.2359912, 40.6911075], [-0.2390851, 40.7193287], [-0.2240343, 40.754158], [-0.1971764, 40.7844562], [-0.164957, 40.7886312], [-0.1445332, 40.7854431], [-0.1438414, 40.7686912], [-0.1268407, 40.7533174], [-0.0646989, 40.727407], [0.0157384, 40.7284296], [0.0283661, 40.7131835], [0.0264382, 40.6949506], [0.0421747, 40.6910059], [0.0726877, 40.7143077], [0.1149901, 40.7277451], [0.1439166, 40.7182515], [0.170151, 40.7326473], [0.1972576, 40.7241269], [0.2259678, 40.7332357], [0.2366988, 40.7016914], [0.2617742, 40.7061545], [0.29184, 40.6885527], [0.2678311, 40.6590014], [0.2659532, 40.6447706], [0.2788298, 40.6300581], [0.3370058, 40.6087766], [0.4019624, 40.6023808], [0.4439444, 40.5782233], [0.4334116, 40.5653794], [0.4387582, 40.5463354], [0.5146896, 40.5229822], [0.5133138, 40.5165818], [0.4801677, 40.4768187], [0.4833304, 40.474692], [0.4840276, 40.4736576], [0.4774024, 40.4581917], [0.475221, 40.466457], [0.4654752, 40.4592796], [0.4351789, 40.409322], [0.434389, 40.4164224], [0.4180438, 40.4006775], [0.4038833, 40.3646491], [0.4084234, 40.357405], [0.3922881, 40.3519529], [0.3300443, 40.2795387], [0.2787023, 40.2447763], [0.2635027, 40.2083294], [0.1899797, 40.1698627], [0.1575446, 40.1178659], [0.1478905, 40.0957978], [0.1476694, 40.0828869], [0.1209123, 40.0623837], [0.0851032, 40.0568651], [0.0497059, 40.0352046], [0.0246075, 39.9793753], [0.0325416, 39.968824], [0.0288603, 39.9556487], [0.028498, 39.9672473], [0.0171914, 39.9743543], [0.0195413, 39.9676858], [0.0120206, 39.9684724], [0.0177255, 39.9662214], [0.0223608, 39.9675551], [0.0169807, 39.9657634], [0.0131883, 39.9673934], [0.0132816, 39.9525489], [0.0049394, 39.9544561], [0.0199479, 39.9503149], [0.024092, 39.9564917], [0.0199607, 39.9499031], [0.014087, 39.9479446], [0.0047099, 39.9499844], [0.004571, 39.9543975], [0.005397, 39.9567196], [0.0046543, 39.9569066], [-0.0036696, 39.9148412], [-0.0670463, 39.8573643], [-0.0707028, 39.8644638], [-0.0690012, 39.8584736], [-0.0772575, 39.862796], [-0.0890359, 39.8539072], [-0.181849, 39.7335067], [-0.2080728, 39.6636726], [-0.2093406, 39.6539847], [-0.1949291, 39.647132], [-0.2060287, 39.6521423], [-0.2088388, 39.6467588], [-0.2053415, 39.6428859], [-0.2052726, 39.6304504], [-0.2157785, 39.6551636], [-0.2123265, 39.6428033], [-0.224226, 39.6400233], [-0.2112267, 39.637987], [-0.2155603, 39.6292209], [-0.2364509, 39.6367525], [-0.2626881, 39.6105974], [-0.2772627, 39.5679941], [-0.3185747, 39.516893], [-0.3225142, 39.4730393], [-0.3105197, 39.4610623], [-0.3165641, 39.4625157], [-0.3314798, 39.4598188], [-0.3151578, 39.4571798], [-0.3077894, 39.4628107], [-0.2857612, 39.4549967], [-0.2914687, 39.4440836], [-0.2863184, 39.4550059], [-0.3093333, 39.4575606], [-0.3019227, 39.4448207], [-0.2952147, 39.4511787], [-0.3029579, 39.4335889], [-0.3050165, 39.4444617], [-0.308859, 39.4450458], [-0.3103836, 39.4421591], [-0.3127596, 39.4419209], [-0.3084097, 39.4504104], [-0.3144612, 39.4461376], [-0.32363, 39.4583374], [-0.3250928, 39.446278], [-0.3162368, 39.4429582], [-0.3303333, 39.435189], [-0.3091934, 39.4296209], [-0.3173335, 39.4206158], [-0.3352084, 39.4269128], [-0.2961495, 39.3166546], [-0.2163899, 39.1864219], [-0.2383487, 39.1757471], [-0.2382878, 39.1425387], [-0.1972056, 39.0547865], [-0.1562623, 38.9983902], [-0.1442421, 38.9952743], [-0.1562832, 38.9981336], [-0.161013, 38.9924695], [-0.1467578, 38.9944345], [-0.1467445, 38.9831203], [-0.0960345, 38.9301434], [-0.018663, 38.8743808], [0.1256633, 38.8486588], [0.1093452, 38.8459129], [0.1969133, 38.8044328], [0.182033, 38.7938431], [0.1890557, 38.7750841], [0.2090711, 38.7608192], [0.2247268, 38.7643551], [0.2216692, 38.7585616], [0.22392, 38.7495314], [0.2341588, 38.7369798], [0.1824778, 38.7207841], [0.1555969, 38.6981113], [0.1489828, 38.6793953], [0.1467853, 38.6872675], [0.1307497, 38.6868963], [0.115256, 38.673617], [0.0983915, 38.6728349], [0.0736413, 38.6451478], [0.083681, 38.631077], [0.0503097, 38.6415449], [0.0304317, 38.625944], [-0.0062515, 38.6303558], [-0.0283388, 38.6185876], [-0.0633728, 38.5777808], [-0.0495396, 38.5622928], [-0.0975409, 38.5234335], [-0.1107722, 38.5338484], [-0.1511101, 38.535202], [-0.172222, 38.5161154], [-0.2878408, 38.488196], [-0.3750105, 38.4429947], [-0.4051552, 38.3997485], [-0.4094459, 38.360094], [-0.4027008, 38.3527499], [-0.4449034, 38.3628631], [-0.4749593, 38.3471043], [-0.4778159, 38.3366808], [-0.4895116, 38.3279197], [-0.4785274, 38.337153], [-0.4803569, 38.3435409], [-0.4951934, 38.334019], [-0.4943658, 38.319011], [-0.4958905, 38.3288653], [-0.5000868, 38.3230203], [-0.5085113, 38.3302229], [-0.5198447, 38.2909385], [-0.5097901, 38.2022757], [-0.5389789, 38.1854839], [-0.5928469, 38.1885786], [-0.6144005, 38.1731933], [-0.6344471, 38.142444], [-0.6441336, 38.1038723], [-0.6477701, 38.0000742], [-0.6657945, 37.9760596], [-0.6873294, 37.9643269], [-0.6809478, 37.9691161], [-0.6812955, 37.9751007], [-0.6967927, 37.9693886], [-0.7048891, 37.9410525], [-0.7199364, 37.9320243], [-0.7198678, 37.9113979], [-0.7405445, 37.909258], [-0.750027, 37.8987156], [-0.7624292, 37.846596], [-0.7872546, 37.8465179], [-0.8572214, 37.8852175], [-0.9211884, 37.944238], [-0.9608325, 38.0079544], [-1.018613, 38.0696682], [-1.0367447, 38.1377164], [-1.0049628, 38.1721502]]], [[[0.1483984, 40.0864811], [0.1487424, 40.086508], [0.1487845, 40.0864247], [0.1482685, 40.0861884], [0.1483984, 40.0864811]]], [[[-1.429325, 40.1135922], [-1.4562131, 40.1309538], [-1.4488503, 40.1451574], [-1.3935645, 40.1343627], [-1.3636611, 40.1386102], [-1.357099, 40.1288867], [-1.3197218, 40.1463948], [-1.3229895, 40.1848559], [-1.298228, 40.2116832], [-1.2843416, 40.1714969], [-1.2524177, 40.1432991], [-1.2442962, 40.1459689], [-1.2506141, 40.1239209], [-1.2445915, 40.1158028], [-1.1480336, 40.1144965], [-1.1333445, 40.0975314], [-1.0780976, 40.0687904], [-1.071772, 40.0511092], [-1.1097879, 40.0252501], [-1.1917509, 40.0015322], [-1.249456, 39.9951032], [-1.3357751, 40.0166728], [-1.3643435, 40.0121789], [-1.3768596, 40.0164992], [-1.4202856, 40.0935144], [-1.4075965, 40.1014029], [-1.429325, 40.1135922]]], [[[0.2311226, 38.7330247], [0.2312135, 38.7328873], [0.2315011, 38.732688], [0.2309903, 38.7328962], [0.2311226, 38.7330247]]], [[[0.2284712, 38.7536924], [0.2289076, 38.756822], [0.2315176, 38.7564761], [0.2304926, 38.7535662], [0.2284712, 38.7536924]]], [[[0.2243386, 38.7615806], [0.2247816, 38.7615695], [0.2248412, 38.7611491], [0.2242077, 38.7613005], [0.2243386, 38.7615806]]], [[[0.2251876, 38.76174], [0.2252975, 38.7616658], [0.2251347, 38.761518], [0.2250457, 38.7617139], [0.2251876, 38.76174]]], [[[0.6708431, 39.8753297], [0.6708489, 39.8739213], [0.6693251, 39.8750904], [0.6712852, 39.8761416], [0.6708431, 39.8753297]]], [[[0.6693413, 39.8787457], [0.6693467, 39.8786974], [0.6692636, 39.8787312], [0.6693413, 39.8787457]]], [[[0.6668575, 39.8892369], [0.6668544, 39.8891823], [0.6667584, 39.8892615], [0.6667914, 39.8892631], [0.6668575, 39.8892369]]], [[[0.6663845, 39.8893185], [0.6664072, 39.8892694], [0.6663422, 39.8892686], [0.6663247, 39.8893343], [0.6663845, 39.8893185]]], [[[0.6664256, 39.8895167], [0.6664754, 39.8896922], [0.6668626, 39.8896236], [0.6667668, 39.8894805], [0.6664256, 39.8895167]]], [[[0.669484, 39.8900951], [0.6694513, 39.8901719], [0.6695509, 39.8902353], [0.6696199, 39.8901157], [0.669484, 39.8900951]]], [[[0.6693009, 39.8902678], [0.6694053, 39.8902224], [0.6694099, 39.8901993], [0.6693684, 39.8901766], [0.6693009, 39.8902678]]], [[[0.669437, 39.8902846], [0.6694408, 39.8903307], [0.6694983, 39.8904062], [0.6694702, 39.8902218], [0.669437, 39.8902846]]], [[[0.6693727, 39.8903584], [0.6693804, 39.8903104], [0.6693229, 39.8903398], [0.6693319, 39.8903614], [0.6693727, 39.8903584]]], [[[0.6680995, 39.8905095], [0.66817, 39.8904696], [0.6682301, 39.8903889], [0.6681746, 39.8903889], [0.6680995, 39.8905095]]], [[[0.6699238, 39.8914812], [0.6700007, 39.8914528], [0.6699446, 39.8914093], [0.6699238, 39.8914812]]], [[[0.6680968, 39.8907047], [0.6672601, 39.8913855], [0.6673035, 39.8924309], [0.6691981, 39.8906101], [0.6680968, 39.8907047]]], [[[0.6702947, 39.8919807], [0.6707534, 39.892062], [0.6701688, 39.8914761], [0.6699879, 39.8915783], [0.6702947, 39.8919807]]], [[[0.6700607, 39.8919097], [0.6700466, 39.8918617], [0.6699444, 39.8918754], [0.66997, 39.8919411], [0.6700607, 39.8919097]]], [[[0.669947, 39.892194], [0.6699751, 39.8921009], [0.6699431, 39.8920783], [0.6698997, 39.8921185], [0.669947, 39.892194]]], [[[0.6788582, 39.8503543], [0.6786793, 39.8503307], [0.6786472, 39.8504419], [0.6787464, 39.8504584], [0.6788582, 39.8503543]]], [[[0.6735288, 39.8506396], [0.6734893, 39.8505165], [0.6733907, 39.8505541], [0.6734692, 39.8506553], [0.6735288, 39.8506396]]], [[[0.6742301, 39.8508052], [0.674227, 39.8506703], [0.6741293, 39.8506499], [0.6741031, 39.8507601], [0.6742301, 39.8508052]]], [[[0.6731798, 39.8508711], [0.6733587, 39.850928], [0.6733779, 39.8507716], [0.673225, 39.8507049], [0.6731798, 39.8508711]]], [[[0.6786861, 39.8508671], [0.6788765, 39.8510617], [0.6789891, 39.8509876], [0.6788908, 39.850839], [0.6786861, 39.8508671]]], [[[0.6739077, 39.8509897], [0.6739368, 39.8510883], [0.6740127, 39.8510754], [0.6739396, 39.8508922], [0.6739077, 39.8509897]]], [[[0.6730387, 39.8510731], [0.6730361, 39.8509595], [0.6728789, 39.8509723], [0.6729044, 39.8510426], [0.6730387, 39.8510731]]], [[[0.6718289, 39.8513483], [0.6718431, 39.8513932], [0.6719626, 39.8513428], [0.6719072, 39.8512906], [0.6718289, 39.8513483]]], [[[0.6721587, 39.8516114], [0.6722619, 39.8516764], [0.6723206, 39.8516168], [0.6722126, 39.8515284], [0.6721587, 39.8516114]]], [[[0.6712447, 39.8518085], [0.6712881, 39.8519778], [0.6717269, 39.8519523], [0.6715749, 39.851447], [0.6712447, 39.8518085]]], [[[0.6714135, 39.8741458], [0.6714027, 39.8742193], [0.6714786, 39.8741652], [0.6714135, 39.8741458]]], [[[0.6718618, 39.8743489], [0.6719005, 39.8745657], [0.6723752, 39.8745865], [0.6721612, 39.8743769], [0.6718618, 39.8743489]]], [[[0.6717296, 39.8747973], [0.6711784, 39.8748084], [0.6712173, 39.8754935], [0.6719112, 39.8754366], [0.6717296, 39.8747973]]], [[[0.67103, 39.8921325], [0.6711221, 39.89205], [0.670908, 39.8919238], [0.6708555, 39.8919756], [0.67103, 39.8921325]]], [[[0.6888204, 39.8948291], [0.6885818, 39.8945629], [0.6881229, 39.8950384], [0.6888186, 39.8952242], [0.6888204, 39.8948291]]], [[[0.6896751, 39.8951923], [0.6893733, 39.8951333], [0.6890126, 39.8952886], [0.68944, 39.8955578], [0.6896751, 39.8951923]]], [[[0.6866169, 39.8954857], [0.6864981, 39.8953446], [0.6864265, 39.8954161], [0.6866054, 39.8955347], [0.6866169, 39.8954857]]], [[[0.6897673, 39.8959424], [0.6899226, 39.8961084], [0.6900456, 39.8966536], [0.6899038, 39.8952447], [0.6897673, 39.8959424]]], [[[0.6879353, 39.9004341], [0.6833764, 39.8964955], [0.6852954, 39.893401], [0.6831604, 39.895373], [0.6831266, 39.8978378], [0.6879353, 39.9004341]]]]}}, {"type": "Feature", "properties": {"name": "Andaluc\u00eda", "admin_level": "4", "iso": "ES-AN"}, "geometry": {"type": "MultiPolygon", "coordinates": [[[[-5.2734202, 36.2908143], [-5.2742319, 36.2893437], [-5.2750623, 36.2893257], [-5.2737269, 36.2920159], [-5.2734202, 36.2908143]]], [[[-6.2207425, 36.3777061], [-6.2209517, 36.3775089], [-6.2213294, 36.3780184], [-6.2208241, 36.3781088], [-6.2201505, 36.3779156], [-6.2207425, 36.3777061]]], [[[-6.2192891, 36.3808835], [-6.2193426, 36.3792232], [-6.2207254, 36.3786866], [-6.2221763, 36.3787956], [-6.2242276, 36.3893275], [-6.2192891, 36.3808835]]], [[[-6.2147626, 36.3857382], [-6.2142906, 36.3854963], [-6.2148485, 36.382684], [-6.2170286, 36.3858073], [-6.2147626, 36.3857382]]], [[[-6.2197215, 36.3850092], [-6.2195584, 36.3834337], [-6.2197043, 36.3833992], [-6.2199361, 36.3845462], [-6.2196872, 36.3856932], [-6.2197215, 36.3850092]]], [[[-6.2213481, 36.3876155], [-6.2215012, 36.3874306], [-6.2215727, 36.3878784], [-6.2212869, 36.3879031], [-6.2213481, 36.3876155]]], [[[-6.2247109, 36.3912651], [-6.2248408, 36.3919855], [-6.224682, 36.3919971], [-6.2239386, 36.3899172], [-6.2247109, 36.3912651]]], [[[-6.2252017, 36.3930661], [-6.2252955, 36.3934322], [-6.2250646, 36.3936297], [-6.2246243, 36.392183], [-6.2252017, 36.3930661]]], [[[-6.2254038, 36.3945825], [-6.2255048, 36.394292], [-6.2252883, 36.3938969], [-6.2256348, 36.3940945], [-6.2254038, 36.3945825]]], [[[-6.225642, 36.3956573], [-6.2258224, 36.3960291], [-6.2249347, 36.3952913], [-6.2255409, 36.3948962], [-6.225642, 36.3956573]]], [[[-6.225411, 36.396581], [-6.2252955, 36.3965578], [-6.2252089, 36.3959361], [-6.2256997, 36.3962673], [-6.225411, 36.396581]]], [[[-6.3225209, 36.6131204], [-6.3197004, 36.6122379], [-6.3140323, 36.6158385], [-6.3196617, 36.6120388], [-6.3225209, 36.6131204]]], [[[-3.0322933, 35.9406155], [-3.0331289, 35.9381569], [-3.0372135, 35.9391303], [-3.0310504, 35.9414952], [-3.0322933, 35.9406155]]], [[[-3.0305974, 35.9418862], [-3.0307008, 35.941893], [-3.0307207, 35.941904], [-3.0305394, 35.9419169], [-3.0305974, 35.9418862]]], [[[-3.4114241, 36.7030248], [-3.4114095, 36.7031167], [-3.4113608, 36.703136], [-3.4113422, 36.7029998], [-3.4114241, 36.7030248]]], [[[-3.6942716, 36.7259818], [-3.6945613, 36.7258356], [-3.6948376, 36.7258378], [-3.6943172, 36.7262269], [-3.6942716, 36.7259818]]], [[[-3.6941778, 36.7260915], [-3.6942341, 36.7262441], [-3.693998, 36.7262828], [-3.6940187, 36.7261627], [-3.6941778, 36.7260915]]], [[[-3.6942073, 36.7269514], [-3.6945023, 36.7268912], [-3.6945157, 36.7270181], [-3.6944272, 36.7270267], [-3.6942073, 36.7269514]]], [[[-3.6940363, 36.7273712], [-3.6944644, 36.7271446], [-3.6945224, 36.7274121], [-3.6940848, 36.7275598], [-3.6940363, 36.7273712]]], [[[-3.787939, 36.742551], [-3.7879876, 36.7427756], [-3.7876194, 36.742784], [-3.7877401, 36.7425093], [-3.787939, 36.742551]]], [[[-1.6520161, 37.347009], [-1.6530882, 37.3471147], [-1.6530656, 37.3476403], [-1.6516962, 37.3477619], [-1.6520161, 37.347009]]], [[[-1.6680135, 37.3569519], [-1.6679041, 37.3571962], [-1.6676055, 37.356399], [-1.6680615, 37.356533], [-1.6680135, 37.3569519]]], [[[-1.648679, 37.3593379], [-1.6490568, 37.3598178], [-1.6479875, 37.3600478], [-1.6487358, 37.3597227], [-1.648679, 37.3593379]]], [[[-5.2223784, 36.3709608], [-5.2470197, 36.3109672], [-5.2684741, 36.299864], [-5.2712261, 36.2929809], [-5.2694004, 36.2921947], [-5.2692952, 36.2884527], [-5.2697298, 36.2858422], [-5.2697624, 36.2902067], [-5.2735771, 36.2921239], [-5.2830416, 36.2885087], [-5.2803594, 36.2859716], [-5.2756527, 36.288731], [-5.2716942, 36.2889126], [-5.2706121, 36.2881627], [-5.315717, 36.230892], [-5.3388465, 36.1528423], [-5.36507, 36.155052], [-5.3533066, 36.1571136], [-5.3765455, 36.1653045], [-5.3844773, 36.1797585], [-5.426276, 36.1761286], [-5.4472643, 36.1386853], [-5.442787, 36.131122], [-5.4355503, 36.1483385], [-5.4435273, 36.1273984], [-5.4319373, 36.1280162], [-5.4302297, 36.1436418], [-5.4282254, 36.1476629], [-5.4300563, 36.1333202], [-5.4227614, 36.1328426], [-5.4222995, 36.1198952], [-5.4415352, 36.1210107], [-5.4311275, 36.1059877], [-5.4433817, 36.0895979], [-5.4266194, 36.082837], [-5.430472, 36.071149], [-5.4645355, 36.0503155], [-5.4864818, 36.0545435], [-5.574044, 36.015363], [-5.6053807, 36.0103156], [-5.6100773, 36.000086], [-5.6199735, 36.0231024], [-5.652843, 36.0533155], [-5.6902155, 36.0677669], [-5.7239601, 36.0600973], [-5.7746348, 36.0876791], [-5.797582, 36.078035], [-5.8630557, 36.14839], [-5.913325, 36.1840945], [-5.980737, 36.1765541], [-6.0205669, 36.1864149], [-6.0350902, 36.181554], [-6.1013266, 36.2828897], [-6.1159417, 36.2942939], [-6.1416746, 36.2953597], [-6.1811753, 36.3672627], [-6.217059, 36.3925576], [-6.2348033, 36.4375813], [-6.2496583, 36.4491777], [-6.2888296, 36.5234466], [-6.3175626, 36.5285553], [-6.2799715, 36.5454594], [-6.2923111, 36.532901], [-6.2822767, 36.5366016], [-6.2811011, 36.5289147], [-6.2726489, 36.5406739], [-6.268709, 36.5316557], [-6.2819593, 36.5274696], [-6.2542652, 36.5006469], [-6.2662581, 36.4886803], [-6.2533092, 36.4676488], [-6.231492, 36.462576], [-6.211898, 36.4698385], [-6.2130361, 36.4813878], [-6.1933975, 36.4862094], [-6.1940747, 36.4996563], [-6.1718063, 36.508683], [-6.173379, 36.5217], [-6.2017961, 36.5287025], [-6.2056878, 36.5219152], [-6.196318, 36.520957], [-6.2083907, 36.5086699], [-6.2420029, 36.5061696], [-6.2332595, 36.5113375], [-6.2456562, 36.5089932], [-6.2508789, 36.5156084], [-6.2437123, 36.5184348], [-6.2591065, 36.5285496], [-6.2337371, 36.5290821], [-6.2289425, 36.5779486], [-6.2392272, 36.574166], [-6.2381406, 36.5828242], [-6.2492642, 36.5722179], [-6.2383599, 36.5836428], [-6.2659014, 36.5798379], [-6.3001575, 36.6179872], [-6.3292081, 36.6250463], [-6.335047, 36.6210343], [-6.3261575, 36.6103963], [-6.3436596, 36.6262786], [-6.3590796, 36.6145925], [-6.3941082, 36.6343179], [-6.398989, 36.6591157], [-6.4439852, 36.7362599], [-6.342, 36.7942833], [-6.392877, 36.8023518], [-6.4537206, 36.9129523], [-6.5177935, 36.9744735], [-6.775907, 37.1127652], [-6.8951396, 37.1602687], [-6.9034295, 37.156272], [-6.8434239, 37.1256874], [-6.8394443, 37.1221214], [-6.8324619, 37.1078884], [-6.8550269, 37.1302183], [-7.0429572, 37.207499], [-7.2780055, 37.2010679], [-7.3541275, 37.1738868], [-7.3947596, 37.1766247], [-7.3948663, 37.1661936], [-7.40728, 37.1827074], [-7.4139259, 37.2265884], [-7.4335324, 37.2497363], [-7.4216912, 37.2737849], [-7.4421779, 37.3112999], [-7.4404766, 37.3910154], [-7.4627068, 37.4089891], [-7.4455004, 37.4194062], [-7.4574901, 37.4292869], [-7.4566623, 37.4523673], [-7.4688015, 37.468538], [-7.4637954, 37.4872226], [-7.48413, 37.498275], [-7.4921647, 37.5221693], [-7.5117213, 37.5248842], [-7.5226651, 37.5530652], [-7.5066561, 37.5573669], [-7.515459, 37.5692627], [-7.5012761, 37.5780001], [-7.496522, 37.5946896], [-7.5037533, 37.6047929], [-7.4887658, 37.6039917], [-7.482266, 37.6240455], [-7.4702859, 37.6250346], [-7.467189, 37.6493709], [-7.4543493, 37.6463457], [-7.4556343, 37.662229], [-7.4435707, 37.6646063], [-7.4522505, 37.6773812], [-7.447812, 37.6975402], [-7.4393822, 37.700351], [-7.4285816, 37.7409718], [-7.4186789, 37.7438411], [-7.4213721, 37.7589418], [-7.3961588, 37.764246], [-7.3020705, 37.8404098], [-7.2795428, 37.8764308], [-7.2821562, 37.8976486], [-7.2548535, 37.9231671], [-7.2496158, 37.9667064], [-7.2624329, 37.9798556], [-7.2456802, 37.9921856], [-7.2267081, 37.9881181], [-7.2022625, 38.0034243], [-7.1734446, 37.9928285], [-7.1329145, 37.9999658], [-7.1207062, 38.0046329], [-7.1290564, 38.0107606], [-7.1281083, 38.029835], [-7.0986878, 38.0438222], [-7.0672193, 38.0335755], [-7.0634467, 38.0196258], [-7.046775, 38.014249], [-7.0250069, 38.0246651], [-7.002008, 38.0223914], [-7.0020698, 38.0446875], [-6.9898278, 38.0555724], [-6.9877945, 38.10198], [-6.9706177, 38.1104879], [-6.9521754, 38.1527784], [-6.9691449, 38.1663128], [-6.931521, 38.2083074], [-6.8484292, 38.1772359], [-6.7950924, 38.1785411], [-6.7995403, 38.143798], [-6.815815, 38.1201379], [-6.8078201, 38.1111104], [-6.7700547, 38.1121132], [-6.7736387, 38.1046656], [-6.7649292, 38.1059992], [-6.7700874, 38.099456], [-6.758217, 38.0927112], [-6.7319911, 38.0900527], [-6.7197503, 38.1006203], [-6.7150406, 38.092491], [-6.6886668, 38.1002318], [-6.6492971, 38.0900218], [-6.6221042, 38.0970077], [-6.580529, 38.052772], [-6.5835807, 38.0212847], [-6.5456933, 38.0281188], [-6.4765601, 38.0078344], [-6.4653219, 38.0112113], [-6.4725954, 38.0164649], [-6.4696204, 38.03112], [-6.4436088, 38.0469572], [-6.4524392, 38.0559591], [-6.4139025, 38.058563], [-6.3672465, 38.048919], [-6.3527063, 38.0073977], [-6.3036253, 37.9783368], [-6.2525758, 37.9715891], [-6.2340099, 37.9580197], [-6.2015168, 37.9620623], [-6.1802399, 37.941026], [-6.118724, 37.9804782], [-6.051709, 37.9968419], [-5.9534399, 37.9942326], [-5.9327612, 38.0307653], [-5.9342242, 38.0468745], [-5.9089819, 38.0628462], [-5.9108098, 38.0781989], [-5.9293042, 38.0892086], [-5.9263778, 38.1050128], [-5.9125188, 38.1229716], [-5.8806646, 38.1322808], [-5.8773762, 38.1557151], [-5.8562365, 38.1616644], [-5.8515233, 38.1719061], [-5.7990472, 38.174132], [-5.7817354, 38.1856257], [-5.7564055, 38.1799739], [-5.7282596, 38.1970901], [-5.7138289, 38.1855058], [-5.6940135, 38.1856549], [-5.6989528, 38.1809192], [-5.688612, 38.1818773], [-5.6842428, 38.157064], [-5.6943195, 38.1710896], [-5.7052063, 38.1692554], [-5.6947105, 38.1503459], [-5.7407373, 38.1265391], [-5.7349, 38.0862554], [-5.693631, 38.0837398], [-5.6334321, 38.1381215], [-5.5847885, 38.1317056], [-5.5758599, 38.1496433], [-5.5396729, 38.1606854], [-5.5387073, 38.2006046], [-5.5204269, 38.2075671], [-5.5259576, 38.2641237], [-5.5443984, 38.2823315], [-5.5555284, 38.3177342], [-5.5756477, 38.3291064], [-5.5592478, 38.3668849], [-5.585066, 38.3858432], [-5.5844925, 38.4002811], [-5.5681354, 38.4333925], [-5.5192146, 38.4634675], [-5.5039325, 38.4566591], [-5.4844546, 38.46339], [-5.4794883, 38.4846783], [-5.4186174, 38.5127297], [-5.4069316, 38.5436954], [-5.3831689, 38.5404782], [-5.3927203, 38.5534835], [-5.3835766, 38.5559495], [-5.3898069, 38.5621747], [-5.375686, 38.5682647], [-5.3717481, 38.5835717], [-5.3085138, 38.5776186], [-5.3102305, 38.593578], [-5.292237, 38.610808], [-5.2544283, 38.6257247], [-5.2474605, 38.6398427], [-5.2229079, 38.648349], [-5.2237754, 38.6567121], [-5.2147452, 38.6485669], [-5.2084845, 38.667697], [-5.1999838, 38.6565673], [-5.1968759, 38.667303], [-5.1842331, 38.6597278], [-5.1857639, 38.6741698], [-5.1673216, 38.6804689], [-5.1845046, 38.7196955], [-5.0991898, 38.7076528], [-5.0450943, 38.7290117], [-5.0080252, 38.7152289], [-5.0045996, 38.6950951], [-4.9408699, 38.681528], [-4.8769699, 38.6860941], [-4.8688802, 38.6809344], [-4.8601709, 38.6139787], [-4.8212081, 38.5964884], [-4.7875445, 38.5970524], [-4.7073663, 38.5719456], [-4.7039502, 38.553171], [-4.6629343, 38.5462365], [-4.6227793, 38.5237937], [-4.6090167, 38.4950211], [-4.5936911, 38.4863816], [-4.5662971, 38.4909414], [-4.559138, 38.476889], [-4.5414879, 38.4818986], [-4.5353086, 38.4699945], [-4.5126913, 38.4638545], [-4.4529876, 38.4008711], [-4.4351731, 38.4022349], [-4.4064487, 38.3831268], [-4.3893658, 38.3860519], [-4.3205262, 38.3623713], [-4.2873303, 38.3427613], [-4.26887, 38.347171], [-4.2768002, 38.3902061], [-4.2577836, 38.4015773], [-4.156557, 38.3813249], [-3.9151203, 38.3688142], [-3.8542845, 38.3751407], [-3.8305612, 38.3929029], [-3.830056, 38.4127959], [-3.7856122, 38.4252687], [-3.7390641, 38.4137571], [-3.7300076, 38.4243669], [-3.6204716, 38.3939878], [-3.5982362, 38.3984741], [-3.5858456, 38.405602], [-3.583076, 38.4514689], [-3.5418885, 38.4453849], [-3.5284427, 38.408641], [-3.4516984, 38.4003184], [-3.4248236, 38.4067992], [-3.376684, 38.439596], [-3.375012, 38.475235], [-3.3264924, 38.4821209], [-3.3052582, 38.4792761], [-3.2794235, 38.4602439], [-3.1382883, 38.4385768], [-3.0649664, 38.4782477], [-3.0017133, 38.4083212], [-2.9935087, 38.4501194], [-2.9635863, 38.4714544], [-2.9057876, 38.4699074], [-2.8814901, 38.4526449], [-2.8797421, 38.4631602], [-2.8542621, 38.4789867], [-2.8401079, 38.4772343], [-2.837581, 38.4843683], [-2.8310638, 38.4764555], [-2.831969, 38.4865683], [-2.7924205, 38.5026813], [-2.7874048, 38.5155327], [-2.7794984, 38.5098006], [-2.7705185, 38.5324928], [-2.6796923, 38.4969212], [-2.6186001, 38.5125639], [-2.5917461, 38.5106695], [-2.5666241, 38.4904664], [-2.5768313, 38.4764992], [-2.5664468, 38.4605087], [-2.5779055, 38.4260605], [-2.5714233, 38.4125084], [-2.5575372, 38.4036988], [-2.4825598, 38.3971432], [-2.4921577, 38.3720139], [-2.4780011, 38.3486639], [-2.4852059, 38.3002556], [-2.4409396, 38.2857589], [-2.4344367, 38.2648729], [-2.4460265, 38.2448126], [-2.4398345, 38.2335075], [-2.4544114, 38.2161775], [-2.4459014, 38.1841907], [-2.4680259, 38.17319], [-2.4741228, 38.1557774], [-2.5512964, 38.0840922], [-2.4234124, 38.0337021], [-2.3407134, 38.0255448], [-2.2984737, 38.0021194], [-2.2800851, 37.9631183], [-2.2471608, 37.9344318], [-2.1948891, 37.9099757], [-2.1720119, 37.8886894], [-2.1232071, 37.9004485], [-2.1078311, 37.8812702], [-2.0845713, 37.8723224], [-2.0704211, 37.8844868], [-2.0217647, 37.8685106], [-1.9947016, 37.8804769], [-1.9742241, 37.8684719], [-1.9956451, 37.8402346], [-2.0088359, 37.7749513], [-1.9958323, 37.7280473], [-2.0126512, 37.7006008], [-2.0118137, 37.6722482], [-1.976807, 37.6187279], [-1.84509, 37.455016], [-1.8085627, 37.4335331], [-1.8117564, 37.4515563], [-1.7370751, 37.4426335], [-1.6298, 37.3755316], [-1.6446144, 37.3713959], [-1.6535231, 37.3541515], [-1.676983, 37.3528599], [-1.7079218, 37.3045044], [-1.8010057, 37.2247884], [-1.8219239, 37.1771804], [-1.8330879, 37.1193331], [-1.8489851, 37.0963309], [-1.8494591, 37.0683352], [-1.9011647, 36.9868759], [-1.9015418, 36.9798319], [-1.8966189, 36.9787092], [-1.8940577, 36.9757016], [-1.8938576, 36.9735136], [-1.8969187, 36.9783743], [-1.9007808, 36.9786367], [-1.8956079, 36.9486669], [-1.9040047, 36.9374487], [-1.9405593, 36.9366004], [-1.9673945, 36.8988771], [-1.980183, 36.9029918], [-1.9921868, 36.8936897], [-2.0038959, 36.8809599], [-1.9996535, 36.8398723], [-2.0254011, 36.8349069], [-2.0597705, 36.8099429], [-2.0602485, 36.7777396], [-2.1060295, 36.7628226], [-2.1242563, 36.7318838], [-2.1933482, 36.7210714], [-2.2909815, 36.8199514], [-2.3628433, 36.8417736], [-2.4261772, 36.8109667], [-2.473917, 36.8365166], [-2.4640891, 36.8258869], [-2.4820278, 36.8355578], [-2.56193, 36.8161489], [-2.5993562, 36.7754836], [-2.6201625, 36.7269695], [-2.649783, 36.70063], [-2.700473, 36.683123], [-2.7634482, 36.6806866], [-2.8165282, 36.706315], [-2.8491002, 36.6952949], [-2.9259658, 36.7520675], [-2.9776326, 36.7383474], [-3.0225753, 36.7471536], [-3.0196557, 36.7407059], [-3.03708, 36.7476392], [-3.2119703, 36.7452492], [-3.2590561, 36.7534064], [-3.3046968, 36.7382799], [-3.3383352, 36.7384265], [-3.3646772, 36.7143918], [-3.4027668, 36.7074534], [-3.420888, 36.6940109], [-3.4829206, 36.6970586], [-3.5258753, 36.7241236], [-3.5141433, 36.7124752], [-3.5345098, 36.7216084], [-3.5542582, 36.7128065], [-3.6021367, 36.7447212], [-3.6598437, 36.7462103], [-3.6762709, 36.729688], [-3.7187838, 36.7325754], [-3.7275071, 36.7192026], [-3.7498958, 36.7380269], [-3.7675604, 36.7293038], [-3.7921635, 36.7463217], [-3.8354899, 36.7539803], [-3.9206921, 36.7407394], [-3.9573541, 36.7260353], [-4.0673001, 36.7487921], [-4.1122389, 36.7248207], [-4.1778781, 36.7150105], [-4.3271337, 36.7114515], [-4.3960134, 36.7221584], [-4.4137841, 36.7124707], [-4.4112786, 36.7090608], [-4.4145179, 36.6987111], [-4.4137904, 36.7184433], [-4.4232859, 36.7119761], [-4.4182198, 36.7010919], [-4.4276175, 36.701351], [-4.4260908, 36.7027611], [-4.425679, 36.7099983], [-4.4328153, 36.7025754], [-4.4410743, 36.6819446], [-4.4867433, 36.6326653], [-4.5080051, 36.6021141], [-4.5076437, 36.5974731], [-4.5120683, 36.5927096], [-4.603574, 36.5629143], [-4.639115, 36.5067342], [-4.7404291, 36.4826197], [-4.8586162, 36.5070612], [-4.9120255, 36.5055807], [-5.0062646, 36.4594243], [-5.08061, 36.4507129], [-5.1564965, 36.4118399], [-5.1738182, 36.4158253], [-5.2223784, 36.3709608]]]]}}, {"type": "Feature", "properties": {"name": "Arag\u00f3n", "admin_level": "4", "iso": "ES-AR"}, "geometry": {"type": "Polygon", "coordinates": [[[0.596524, 42.7049164], [0.6599304, 42.6907735], [0.6955739, 42.6586166], [0.6984317, 42.629067], [0.7081082, 42.6209283], [0.7679358, 42.6097376], [0.740956, 42.5439582], [0.7503909, 42.5347895], [0.7353991, 42.5402141], [0.7210838, 42.5245098], [0.7202707, 42.5130833], [0.7396707, 42.5051397], [0.7133108, 42.4872524], [0.7005007, 42.4959058], [0.6904857, 42.4876217], [0.7091088, 42.4584192], [0.7108801, 42.4355545], [0.7357794, 42.4128987], [0.7259443, 42.4052328], [0.7460967, 42.3847762], [0.7232719, 42.3656304], [0.7713067, 42.3506427], [0.7404788, 42.3368727], [0.7438059, 42.3263473], [0.765285, 42.3228503], [0.7447697, 42.3009348], [0.7338845, 42.2497622], [0.7026188, 42.1900396], [0.6987256, 42.1723004], [0.7137167, 42.1620941], [0.6961061, 42.1520541], [0.6995508, 42.1069638], [0.6818571, 42.0877799], [0.6710384, 42.0463658], [0.6567472, 42.0403712], [0.6517098, 42.0262506], [0.6628727, 42.0122344], [0.6419278, 41.9820699], [0.638539, 41.9946039], [0.6179497, 41.9889253], [0.6055352, 41.9598012], [0.5869281, 41.966776], [0.5618797, 41.9382192], [0.6074871, 41.9193153], [0.5946596, 41.9174039], [0.6009848, 41.9085429], [0.5927832, 41.8844151], [0.6071595, 41.8717983], [0.5787557, 41.863065], [0.5795484, 41.8511143], [0.554913, 41.8527903], [0.5438754, 41.8208851], [0.5154611, 41.8223536], [0.4832318, 41.8014631], [0.4695081, 41.7662858], [0.3988242, 41.7575892], [0.3951723, 41.7314888], [0.3852894, 41.7395668], [0.3260715, 41.6751021], [0.3263384, 41.6625173], [0.358398, 41.6317597], [0.3463701, 41.6221789], [0.3496084, 41.5987507], [0.4023685, 41.5925301], [0.4286028, 41.6021734], [0.4360237, 41.5847676], [0.4297497, 41.5652422], [0.4472831, 41.5424762], [0.3971302, 41.4902492], [0.3386124, 41.4810831], [0.3567778, 41.4516547], [0.3446715, 41.4364953], [0.3439001, 41.4154777], [0.3200173, 41.3941813], [0.3612255, 41.3697519], [0.3744159, 41.351788], [0.3484359, 41.3288709], [0.3683137, 41.318627], [0.3666098, 41.3013232], [0.3856642, 41.2788442], [0.3737091, 41.2493509], [0.3813112, 41.2364297], [0.3646047, 41.2386757], [0.3608634, 41.2255196], [0.340307, 41.2310625], [0.3212153, 41.2240499], [0.3019962, 41.1609885], [0.2529901, 41.1501527], [0.2478786, 41.1301416], [0.213948, 41.1372995], [0.2198323, 41.1324249], [0.2009413, 41.1260803], [0.209092, 41.116673], [0.2007002, 41.084943], [0.2209373, 41.0825343], [0.2177946, 41.0637911], [0.2304472, 41.0552959], [0.2177437, 41.0436554], [0.2331039, 41.0471157], [0.2322024, 41.0348757], [0.2461145, 41.0412377], [0.2796583, 41.0201668], [0.258635, 41.0146305], [0.2747618, 41.0063103], [0.2684689, 40.9983024], [0.2821207, 40.9724582], [0.2935008, 40.970561], [0.2716672, 40.9449791], [0.2718774, 40.9329481], [0.2549887, 40.9211876], [0.2387012, 40.8839387], [0.2555293, 40.8737961], [0.2555224, 40.8454917], [0.279896, 40.8202082], [0.2335699, 40.7869927], [0.2299666, 40.7674332], [0.2116363, 40.7677748], [0.1894246, 40.7491202], [0.1764396, 40.7541863], [0.1756968, 40.7411295], [0.1594133, 40.750486], [0.1702017, 40.7323202], [0.1618433, 40.7225978], [0.1413462, 40.7184656], [0.1149901, 40.7277451], [0.0726877, 40.7143077], [0.0421747, 40.6910059], [0.0264382, 40.6949506], [0.0283661, 40.7131835], [0.0157384, 40.7284296], [-0.0646989, 40.727407], [-0.1268407, 40.7533174], [-0.1438414, 40.7686912], [-0.1453062, 40.7859306], [-0.1971764, 40.7844562], [-0.23839, 40.7215368], [-0.2359912, 40.6911075], [-0.2936268, 40.6739647], [-0.3069978, 40.6594968], [-0.328818, 40.6802794], [-0.3779568, 40.6675357], [-0.3707965, 40.6507723], [-0.3796682, 40.6235289], [-0.3704829, 40.613592], [-0.3224413, 40.6028134], [-0.2930727, 40.6108669], [-0.2995465, 40.5774183], [-0.2902779, 40.5440822], [-0.302668, 40.5152152], [-0.2776379, 40.5015321], [-0.2726397, 40.4737618], [-0.3326096, 40.4590485], [-0.3473552, 40.4439404], [-0.28539, 40.3864916], [-0.2817621, 40.3656979], [-0.3052481, 40.3623362], [-0.3406171, 40.3399905], [-0.3431553, 40.3254114], [-0.3497996, 40.327951], [-0.3529825, 40.3133684], [-0.3689884, 40.3117792], [-0.366273, 40.3050516], [-0.3886372, 40.3069372], [-0.4004078, 40.2948528], [-0.382819, 40.2778755], [-0.3837483, 40.2642432], [-0.4280715, 40.2438026], [-0.494515, 40.2287316], [-0.5441869, 40.2516595], [-0.5578887, 40.2008381], [-0.5721605, 40.1814739], [-0.5692579, 40.1591629], [-0.5786398, 40.1373349], [-0.6074067, 40.1279792], [-0.6285335, 40.1025784], [-0.6134653, 40.0695866], [-0.6272216, 40.0762024], [-0.6829397, 40.0442247], [-0.7475792, 40.0378787], [-0.7536211, 40.0466083], [-0.777646, 39.9984071], [-0.8377953, 39.9768084], [-0.835738, 39.9599959], [-0.8462969, 39.9476979], [-0.8404229, 39.9249501], [-0.7976948, 39.8810675], [-0.8635551, 39.8474097], [-0.888574, 39.8521107], [-0.9125639, 39.8723549], [-0.9002425, 39.8918345], [-0.9138215, 39.9180067], [-0.9026586, 39.9318498], [-0.9204541, 39.9644037], [-0.9318859, 39.956077], [-0.9893813, 39.981827], [-1.0256936, 39.9745959], [-1.0727558, 39.9795237], [-1.0921465, 39.9677997], [-1.1050149, 39.9749748], [-1.1217484, 39.960851], [-1.1423952, 39.9718415], [-1.1651878, 40.0100963], [-1.0842284, 40.0362082], [-1.072129, 40.0604842], [-1.1480336, 40.1144965], [-1.2445915, 40.1158028], [-1.2506141, 40.1239209], [-1.2442962, 40.1459689], [-1.2524177, 40.1432991], [-1.2843416, 40.1714969], [-1.2930833, 40.2069228], [-1.2977853, 40.2115325], [-1.3229895, 40.1848559], [-1.3197218, 40.1463948], [-1.357099, 40.1288867], [-1.3636611, 40.1386102], [-1.4337559, 40.1393992], [-1.4488503, 40.1451574], [-1.4392133, 40.1970132], [-1.4744168, 40.1850423], [-1.5109025, 40.2037152], [-1.5404792, 40.1908041], [-1.6903457, 40.3096601], [-1.7076953, 40.2971259], [-1.7123238, 40.278295], [-1.7212204, 40.2787001], [-1.7294595, 40.3029077], [-1.7201516, 40.3185074], [-1.7068398, 40.3136025], [-1.6974705, 40.3206021], [-1.7420839, 40.3491319], [-1.775552, 40.3899087], [-1.8064422, 40.3981311], [-1.8020495, 40.4113388], [-1.7854337, 40.4131832], [-1.7485999, 40.4628966], [-1.692512, 40.4868239], [-1.701624, 40.5410957], [-1.6896392, 40.5664906], [-1.6932848, 40.5776485], [-1.6781006, 40.5909523], [-1.5987493, 40.5620539], [-1.5455151, 40.5951953], [-1.5648562, 40.6147424], [-1.5389917, 40.6580905], [-1.5356379, 40.6870188], [-1.5533357, 40.7058802], [-1.5620171, 40.7397517], [-1.5399082, 40.7607334], [-1.5423344, 40.8112187], [-1.6213916, 40.8804], [-1.6259744, 40.8986779], [-1.610446, 40.916823], [-1.6118524, 40.9375582], [-1.7471342, 41.0338988], [-1.770327, 41.0664236], [-1.8056996, 41.0910365], [-1.8692523, 41.1079103], [-1.8905707, 41.1333212], [-1.9324467, 41.1385901], [-1.9590169, 41.1724862], [-2.0516933, 41.146849], [-2.079896, 41.1709845], [-2.1462416, 41.1843949], [-2.1564476, 41.2586399], [-2.1635111, 41.2831924], [-2.1736713, 41.288085], [-2.1692848, 41.3222194], [-2.1571129, 41.3339668], [-2.1631371, 41.3553499], [-2.1492114, 41.3561484], [-2.1160327, 41.3820471], [-2.1167672, 41.4249465], [-2.1015204, 41.4457888], [-2.0356232, 41.4268888], [-2.0347713, 41.404417], [-2.0435754, 41.3971494], [-2.0292704, 41.3841578], [-1.9372949, 41.4078541], [-1.9365241, 41.419899], [-1.9536859, 41.4242629], [-1.9532756, 41.4624508], [-1.9811115, 41.4864352], [-1.9783954, 41.5258632], [-1.9673346, 41.5460667], [-1.9936862, 41.5770867], [-1.9932382, 41.6005102], [-1.9845076, 41.6070717], [-1.9231004, 41.5983345], [-1.897898, 41.6324122], [-1.8739821, 41.6379808], [-1.8589908, 41.66153], [-1.806224, 41.6642634], [-1.8120739, 41.6864539], [-1.7868616, 41.6994305], [-1.7753716, 41.724789], [-1.8092128, 41.7366642], [-1.8058532, 41.7550843], [-1.825323, 41.7783692], [-1.8529184, 41.7895643], [-1.819043, 41.828744], [-1.81759, 41.853371], [-1.8225954, 41.8654375], [-1.8350589, 41.8664923], [-1.8387835, 41.8890199], [-1.8572812, 41.9095154], [-1.8552374, 41.9662993], [-1.8638497, 41.9773787], [-1.8440455, 41.987334], [-1.8471301, 42.0081303], [-1.833703, 41.9950648], [-1.7668965, 41.9957893], [-1.7413595, 41.9683669], [-1.715221, 41.9569635], [-1.686818, 41.9528504], [-1.6754648, 41.9667521], [-1.6541458, 41.9653515], [-1.6148243, 41.9505279], [-1.5962518, 41.9270926], [-1.5356249, 41.9106279], [-1.4776017, 41.924905], [-1.4182446, 41.9135827], [-1.4035523, 41.9350757], [-1.3822347, 41.9433423], [-1.3859854, 41.9572466], [-1.3033182, 42.051798], [-1.3105928, 42.0723126], [-1.3522772, 42.0730705], [-1.3667595, 42.1069611], [-1.3988815, 42.1262194], [-1.3917668, 42.1807049], [-1.4133747, 42.2022237], [-1.4169946, 42.2192586], [-1.3913707, 42.2721174], [-1.399082, 42.2912998], [-1.3290828, 42.3553855], [-1.3362206, 42.372006], [-1.3599048, 42.3780391], [-1.341508, 42.4239376], [-1.3152066, 42.4492197], [-1.2813612, 42.4644494], [-1.2727803, 42.4818992], [-1.2751123, 42.4957579], [-1.2934757, 42.5109553], [-1.2881374, 42.5227899], [-1.2647694, 42.556803], [-1.2261663, 42.542244], [-1.2027905, 42.5496603], [-1.2019205, 42.5782389], [-1.1580347, 42.5991541], [-1.1800384, 42.6078619], [-1.1719183, 42.6170631], [-1.1568989, 42.6104905], [-1.1550319, 42.6476715], [-1.0530192, 42.642569], [-1.0400053, 42.6483293], [-1.0317652, 42.6742503], [-1.0390979, 42.6913124], [-1.0273842, 42.7007445], [-0.9483751, 42.7115689], [-0.9241096, 42.744126], [-0.9004993, 42.743086], [-0.9005353, 42.7604661], [-0.8648378, 42.7633536], [-0.8475329, 42.7859197], [-0.860007, 42.7985622], [-0.8514406, 42.8075866], [-0.856833, 42.8468853], [-0.8185335, 42.8693666], [-0.819095, 42.9006685], [-0.7832127, 42.9217253], [-0.7271308, 42.9193414], [-0.73654, 42.9131617], [-0.7313171, 42.8960825], [-0.6986974, 42.8785743], [-0.6786976, 42.8845451], [-0.6556375, 42.8585008], [-0.6033332, 42.8325227], [-0.5988093, 42.8048298], [-0.5661459, 42.8037114], [-0.5676173, 42.7807594], [-0.5512146, 42.7775376], [-0.5435774, 42.793263], [-0.5296868, 42.7916884], [-0.5252139, 42.8116655], [-0.5055743, 42.8274785], [-0.4416477, 42.7953599], [-0.4087011, 42.8076685], [-0.3941263, 42.7989216], [-0.3469108, 42.8377841], [-0.3240782, 42.8347546], [-0.3132716, 42.8494134], [-0.2559817, 42.8189882], [-0.2435536, 42.8236117], [-0.237874, 42.8081942], [-0.1888243, 42.7868069], [-0.1608291, 42.7984472], [-0.1498053, 42.7692111], [-0.1230185, 42.7517469], [-0.1066501, 42.7208775], [-0.0684884, 42.7180886], [-0.0620974, 42.694972], [-0.0166627, 42.6852031], [0.004753, 42.6874362], [0.0135684, 42.7019032], [0.0587638, 42.6977041], [0.0843582, 42.7162078], [0.1293212, 42.7141539], [0.1367375, 42.7225204], [0.162055, 42.7231558], [0.1758198, 42.7368781], [0.2269263, 42.7173825], [0.260215, 42.7162829], [0.2696897, 42.7013039], [0.2638199, 42.6932141], [0.295691, 42.6741776], [0.3209466, 42.6829001], [0.3252995, 42.7051815], [0.3604154, 42.723972], [0.3928154, 42.7132443], [0.3944255, 42.6985978], [0.422379, 42.6905021], [0.4738391, 42.7004432], [0.5168542, 42.6911276], [0.5279396, 42.7027962], [0.5863343, 42.6943918], [0.596524, 42.7049164]]]}}, {"type": "Feature", "properties": {"name": "Regi\u00f3n de Murcia", "admin_level": "4", "iso": "ES-MC"}, "geometry": {"type": "MultiPolygon", "coordinates": [[[[-1.5665453, 37.4030738], [-1.5663948, 37.4027151], [-1.5661427, 37.4025886], [-1.5669493, 37.4027301], [-1.5665453, 37.4030738]]], [[[-1.54838, 37.4076578], [-1.547349, 37.4097033], [-1.5439236, 37.4089366], [-1.5459423, 37.4075816], [-1.54838, 37.4076578]]], [[[-1.5019666, 37.4297033], [-1.5020069, 37.4295204], [-1.5022256, 37.4295113], [-1.502122, 37.4297216], [-1.5019666, 37.4297033]]], [[[-1.4682628, 37.471299], [-1.4680644, 37.4715927], [-1.4678337, 37.4716694], [-1.4684023, 37.4709413], [-1.4682628, 37.471299]]], [[[-1.2691463, 37.5551079], [-1.2690873, 37.5571214], [-1.265933, 37.5569663], [-1.2666385, 37.5547974], [-1.2691463, 37.5551079]]], [[[-1.3282196, 37.5564252], [-1.3283661, 37.5566603], [-1.3279619, 37.5571851], [-1.3278292, 37.5565781], [-1.3282196, 37.5564252]]], [[[-1.270077, 37.5578337], [-1.2701602, 37.5578614], [-1.2701548, 37.5579762], [-1.2700314, 37.5579081], [-1.270077, 37.5578337]]], [[[-1.2789445, 37.5580129], [-1.278864, 37.5575239], [-1.279218, 37.5575107], [-1.2792366, 37.5584548], [-1.2789445, 37.5580129]]], [[[-1.275908, 37.5585802], [-1.2757471, 37.5586929], [-1.2757203, 37.5586397], [-1.2757712, 37.5584675], [-1.275908, 37.5585802]]], [[[-1.2806153, 37.5588906], [-1.2806877, 37.558931], [-1.2806099, 37.5590118], [-1.2805804, 37.5589374], [-1.2806153, 37.5588906]]], [[[-1.267242, 37.5590903], [-1.267199, 37.5590457], [-1.267301, 37.5590414], [-1.2672985, 37.5590839], [-1.267242, 37.5590903]]], [[[-1.2669523, 37.559118], [-1.26714, 37.5590691], [-1.2672446, 37.5591329], [-1.2668557, 37.5591307], [-1.2669523, 37.559118]]], [[[-1.0420542, 37.5702142], [-1.0421079, 37.5712173], [-1.0408928, 37.5709976], [-1.0407348, 37.5704368], [-1.0420542, 37.5702142]]], [[[-1.2077851, 37.5709517], [-1.2087879, 37.570943], [-1.207984, 37.5723488], [-1.2072791, 37.5718418], [-1.2077851, 37.5709517]]], [[[-0.972065, 37.5749827], [-0.972065, 37.5751953], [-0.9718075, 37.5751698], [-0.972065, 37.5749827]]], [[[-0.9750533, 37.5810703], [-0.9749762, 37.5809687], [-0.9750768, 37.5808974], [-0.9750909, 37.5809324], [-0.9750533, 37.5810703]]], [[[-1.0306186, 38.1157162], [-1.022613, 38.0751755], [-0.9608325, 38.0079544], [-0.9211884, 37.944238], [-0.8306646, 37.8646229], [-0.7811457, 37.8446484], [-0.7624292, 37.846596], [-0.7505204, 37.821035], [-0.7583229, 37.8174827], [-0.7518353, 37.7954486], [-0.7482098, 37.7906642], [-0.7525472, 37.7838898], [-0.775954, 37.819105], [-0.7963064, 37.810566], [-0.80322, 37.7975721], [-0.7979897, 37.7848386], [-0.8264103, 37.7538111], [-0.8446441, 37.7486479], [-0.8573041, 37.7136205], [-0.796297, 37.6548755], [-0.7376654, 37.6320166], [-0.7248675, 37.6372655], [-0.7176378, 37.6547945], [-0.7018976, 37.6343758], [-0.6883055, 37.6328662], [-0.7021254, 37.6332937], [-0.7176862, 37.6068573], [-0.7316658, 37.6015264], [-0.7828532, 37.594594], [-0.8200397, 37.5749641], [-0.8766676, 37.5771981], [-0.9190834, 37.5539531], [-0.9340287, 37.5592009], [-0.9521886, 37.5577077], [-0.9674383, 37.5605107], [-0.9717779, 37.5596385], [-0.9794729, 37.5669197], [-0.973229, 37.5613971], [-0.9666259, 37.5625197], [-0.9710049, 37.5692092], [-0.9613563, 37.5635424], [-0.9505171, 37.5683593], [-0.9759355, 37.5773314], [-0.9753039, 37.5884736], [-0.9835688, 37.5890909], [-0.9731221, 37.5972371], [-0.9894978, 37.6014586], [-0.9840484, 37.5843268], [-1.0015576, 37.5897033], [-1.0178804, 37.5728209], [-1.0741281, 37.5842097], [-1.1085597, 37.569494], [-1.1271198, 37.5522127], [-1.1114117, 37.5341331], [-1.167039, 37.542468], [-1.173633, 37.5626625], [-1.2135337, 37.5753984], [-1.2459687, 37.5762635], [-1.2557642, 37.5575895], [-1.3261323, 37.5627496], [-1.3909168, 37.5246771], [-1.4012344, 37.50737], [-1.4595637, 37.4867206], [-1.4810874, 37.4529122], [-1.4843107, 37.4354295], [-1.476465, 37.4313347], [-1.4859343, 37.4229874], [-1.5191338, 37.4318026], [-1.5589417, 37.4046951], [-1.5757515, 37.4072737], [-1.6042739, 37.394764], [-1.6270798, 37.3738702], [-1.7370751, 37.4426335], [-1.8117564, 37.4515563], [-1.8085627, 37.4335331], [-1.84509, 37.455016], [-1.976807, 37.6187279], [-2.0118137, 37.6722482], [-2.0126512, 37.7006008], [-1.9958323, 37.7280473], [-2.0088359, 37.7749513], [-1.9956451, 37.8402346], [-1.9742241, 37.8684719], [-1.9947016, 37.8804769], [-2.0217647, 37.8685106], [-2.0704211, 37.8844868], [-2.0845713, 37.8723224], [-2.1078311, 37.8812702], [-2.1232071, 37.9004485], [-2.1720119, 37.8886894], [-2.1948891, 37.9099757], [-2.2471608, 37.9344318], [-2.2800851, 37.9631183], [-2.2984737, 38.0021194], [-2.3444114, 38.0299276], [-2.3284715, 38.0671961], [-2.2616497, 38.1129593], [-2.212939, 38.2030223], [-2.1690538, 38.2264409], [-2.113728, 38.2382027], [-2.0489918, 38.3057827], [-1.9826298, 38.2813709], [-1.9075365, 38.2979618], [-1.8542401, 38.3302202], [-1.8219018, 38.3362528], [-1.8110251, 38.3513729], [-1.7843031, 38.3561543], [-1.7957543, 38.370268], [-1.7711431, 38.3648576], [-1.7713464, 38.3785487], [-1.7538386, 38.3734072], [-1.7451176, 38.3812355], [-1.7172989, 38.3636496], [-1.7019429, 38.3749254], [-1.6875574, 38.3658255], [-1.6815113, 38.3495724], [-1.6927315, 38.3378205], [-1.6702464, 38.3116494], [-1.58954, 38.3099941], [-1.5581977, 38.3252032], [-1.5410941, 38.3435108], [-1.4785473, 38.3763832], [-1.4798701, 38.4798351], [-1.4987327, 38.5320561], [-1.4876951, 38.5633094], [-1.4520011, 38.5814598], [-1.4476866, 38.6495174], [-1.3837713, 38.6991755], [-1.3666661, 38.7040018], [-1.3440691, 38.6771019], [-1.2844438, 38.70664], [-1.2497572, 38.7386137], [-1.1836351, 38.7550852], [-1.1196718, 38.7377187], [-1.1156011, 38.711387], [-1.0261435, 38.6556068], [-1.0158456, 38.6351728], [-1.0014541, 38.5726527], [-1.0260384, 38.5227687], [-1.0136857, 38.4967337], [-1.0593029, 38.4557481], [-1.0941618, 38.437929], [-1.0772563, 38.4314534], [-1.0853382, 38.4291476], [-1.0879771, 38.4046664], [-1.0843103, 38.3461851], [-1.0280207, 38.3384107], [-0.9893369, 38.3207127], [-0.9679898, 38.2757577], [-0.9887984, 38.1994101], [-1.0367447, 38.1377164], [-1.0306186, 38.1157162]]], [[[-0.9717595, 37.5593165], [-0.9677964, 37.5601847], [-0.966984, 37.5592259], [-0.9678754, 37.5585869], [-0.9717595, 37.5593165]]], [[[-0.7841872, 37.6527349], [-0.7818278, 37.6523418], [-0.7829539, 37.6505591], [-0.7847499, 37.6515984], [-0.7841872, 37.6527349]]], [[[-0.7496383, 37.6660927], [-0.7487263, 37.6661861], [-0.747235, 37.665668], [-0.7492628, 37.6648782], [-0.7496383, 37.6660927]]], [[[-0.7719656, 37.6912569], [-0.776064, 37.6987277], [-0.7712253, 37.7029551], [-0.7643438, 37.6917604], [-0.7719656, 37.6912569]]], [[[-0.7985194, 37.6972421], [-0.8000102, 37.699792], [-0.8039797, 37.7021163], [-0.7968169, 37.7021999], [-0.7985194, 37.6972421]]], [[[-0.7573462, 37.780719], [-0.756994, 37.7806589], [-0.7569281, 37.7803627], [-0.7572683, 37.7804893], [-0.7573462, 37.780719]]], [[[-0.7570595, 37.7813075], [-0.7538689, 37.7826886], [-0.7532084, 37.7815346], [-0.7545178, 37.7797094], [-0.7570595, 37.7813075]]], [[[-0.7583502, 37.7812607], [-0.7593171, 37.7822797], [-0.7572653, 37.7824824], [-0.7574249, 37.7817765], [-0.7583502, 37.7812607]]], [[[-0.7599376, 37.7836009], [-0.7604887, 37.7845871], [-0.7576886, 37.7840674], [-0.7595581, 37.7825202], [-0.7599376, 37.7836009]]], [[[-0.7592281, 37.7853273], [-0.7580561, 37.7854179], [-0.7571829, 37.7848592], [-0.7599519, 37.7848079], [-0.7592281, 37.7853273]]], [[[-0.759843, 37.7884645], [-0.7561064, 37.7876502], [-0.7536656, 37.7836018], [-0.7600344, 37.7866887], [-0.759843, 37.7884645]]], [[[-0.746917, 37.7860788], [-0.7471531, 37.7863926], [-0.7465952, 37.7862315], [-0.746917, 37.7860788]]], [[[-0.7477539, 37.7875203], [-0.7474427, 37.7874609], [-0.7477324, 37.787215], [-0.7477539, 37.7875203]]], [[[-0.7477432, 37.788614], [-0.7477753, 37.7878594], [-0.7479148, 37.7893517], [-0.7478719, 37.7889532], [-0.7477432, 37.788614]]], [[[-0.7617625, 37.7895419], [-0.762436, 37.7906328], [-0.7590124, 37.7903314], [-0.7614093, 37.7887994], [-0.7617625, 37.7895419]]], [[[-0.7486883, 37.7920669], [-0.7485934, 37.7918394], [-0.7488094, 37.7916816], [-0.7488127, 37.7919402], [-0.7486883, 37.7920669]]], [[[-0.7604067, 37.7928967], [-0.7615642, 37.7917293], [-0.7623317, 37.7939471], [-0.7604653, 37.7933312], [-0.7604067, 37.7928967]]], [[[-0.6945246, 37.6294871], [-0.694487, 37.6297383], [-0.6940462, 37.6298426], [-0.6943983, 37.6292785], [-0.6945246, 37.6294871]]], [[[-0.693435, 37.6296996], [-0.6934487, 37.6299026], [-0.6930824, 37.6301526], [-0.6930015, 37.6297963], [-0.693435, 37.6296996]]], [[[-0.695234, 37.6344472], [-0.6951307, 37.6345449], [-0.695006, 37.634598], [-0.695065, 37.6344684], [-0.695234, 37.6344472]]], [[[-0.7209562, 37.6517813], [-0.7224757, 37.650225], [-0.7222488, 37.6479152], [-0.7244464, 37.6511573], [-0.7209562, 37.6517813]]], [[[-0.6536302, 37.6520529], [-0.6534823, 37.6524627], [-0.6531413, 37.6523437], [-0.6536302, 37.6520529]]], [[[-0.6524496, 37.6528064], [-0.6523709, 37.6527252], [-0.6526166, 37.6526006], [-0.6525307, 37.6528083], [-0.6524496, 37.6528064]]], [[[-0.6482203, 37.6567168], [-0.6482294, 37.656112], [-0.6496387, 37.6551843], [-0.6489786, 37.6562792], [-0.6482203, 37.6567168]]], [[[-0.7372922, 37.6611781], [-0.735561, 37.6626486], [-0.7337629, 37.661205], [-0.7403778, 37.6596142], [-0.7372922, 37.6611781]]], [[[-0.7410107, 37.668703], [-0.7403959, 37.6705379], [-0.7389532, 37.6694317], [-0.7400988, 37.6687051], [-0.7410107, 37.668703]]], [[[-0.7389387, 37.6875662], [-0.7457641, 37.706151], [-0.739323, 37.7378709], [-0.7437166, 37.7426534], [-0.7454961, 37.7483617], [-0.7436683, 37.7436388], [-0.7417615, 37.7474763], [-0.7282789, 37.7454709], [-0.7344458, 37.7426795], [-0.7309909, 37.7441818], [-0.7283916, 37.7445086], [-0.7281027, 37.7444914], [-0.7271956, 37.7431904], [-0.7375942, 37.7368488], [-0.7409967, 37.7114311], [-0.7195509, 37.6639451], [-0.722562, 37.6515642], [-0.7347175, 37.6635188], [-0.7389387, 37.6875662]]], [[[-0.7096879, 37.7267528], [-0.7091042, 37.7303213], [-0.7046772, 37.7282896], [-0.7079831, 37.7252129], [-0.7096879, 37.7267528]]], [[[-0.6981499, 37.7314883], [-0.6983924, 37.7318118], [-0.6978486, 37.7319315], [-0.6976826, 37.7316976], [-0.6981499, 37.7314883]]], [[[-0.7534788, 37.776257], [-0.7544111, 37.7779982], [-0.7583006, 37.7800113], [-0.7582506, 37.7802889], [-0.7550856, 37.7789556], [-0.7493404, 37.7814979], [-0.7426928, 37.7779521], [-0.7447524, 37.7583927], [-0.7278294, 37.7504035], [-0.721564, 37.7398134], [-0.7279479, 37.7471446], [-0.7454976, 37.7489259], [-0.7537752, 37.7754752], [-0.7450056, 37.7772172], [-0.7534788, 37.776257]]], [[[-0.7442527, 37.7804621], [-0.744035, 37.7801359], [-0.7444768, 37.7795834], [-0.7445065, 37.7802363], [-0.7442527, 37.7804621]]], [[[-0.7440931, 37.7807654], [-0.7444149, 37.7806127], [-0.7447368, 37.7810028], [-0.7443077, 37.7811215], [-0.7440931, 37.7807654]]], [[[-0.7457132, 37.7818703], [-0.7455093, 37.7828513], [-0.7445008, 37.7814438], [-0.7456595, 37.781342], [-0.7457132, 37.7818703]]], [[[-0.7455737, 37.784225], [-0.7456809, 37.7839537], [-0.7452947, 37.7832414], [-0.7462388, 37.7841572], [-0.7455737, 37.784225]]]]}}, {"type": "Feature", "properties": {"name": "Canarias", "admin_level": "4", "iso": "ES-CN"}, "geometry": {"type": "MultiPolygon", "coordinates": [[[[-18.1410181, 27.7034373], [-18.1411069, 27.7034245], [-18.1411212, 27.7034999], [-18.1410385, 27.7035478], [-18.1410181, 27.7034373]]], [[[-18.1488486, 27.7057578], [-18.1487748, 27.7057983], [-18.1486999, 27.7057666], [-18.1487475, 27.7056943], [-18.1488486, 27.7057578]]], [[[-18.1599352, 27.7145266], [-18.1597978, 27.7147868], [-18.1595887, 27.7146338], [-18.1596194, 27.7145735], [-18.1599352, 27.7145266]]], [[[-18.1604326, 27.7156523], [-18.160336, 27.7157995], [-18.1602448, 27.7157354], [-18.1603628, 27.7156428], [-18.1604326, 27.7156523]]], [[[-18.1611282, 27.7187775], [-18.1611059, 27.7190242], [-18.1608617, 27.7189207], [-18.1609484, 27.7187284], [-18.1611282, 27.7187775]]], [[[-18.1582624, 27.7295134], [-18.1581665, 27.7296671], [-18.157998, 27.729413], [-18.1581906, 27.7293779], [-18.1582624, 27.7295134]]], [[[-18.1591324, 27.7300158], [-18.1590653, 27.7299388], [-18.1591208, 27.7298952], [-18.1591691, 27.7299166], [-18.1591324, 27.7300158]]], [[[-18.1582683, 27.729893], [-18.1584226, 27.7300428], [-18.1582736, 27.7301112], [-18.158093, 27.7299295], [-18.1582683, 27.729893]]], [[[-18.1583082, 27.7305379], [-18.158331, 27.7306249], [-18.158158, 27.7306712], [-18.1582364, 27.7304737], [-18.1583082, 27.7305379]]], [[[-18.0749308, 27.7533274], [-18.0750057, 27.753324], [-18.0749782, 27.7534978], [-18.07489, 27.7534285], [-18.0749308, 27.7533274]]], [[[-18.0728178, 27.753544], [-18.0727769, 27.7532816], [-18.0729431, 27.7531696], [-18.0731027, 27.7537605], [-18.0728178, 27.753544]]], [[[-18.0651247, 27.7547964], [-18.0652518, 27.7548459], [-18.0652377, 27.7549933], [-18.0650787, 27.7549283], [-18.0651247, 27.7547964]]], [[[-18.0663284, 27.754767], [-18.0664767, 27.7549198], [-18.066418, 27.7549978], [-18.0662786, 27.7549422], [-18.0663284, 27.754767]]], [[[-18.0962792, 27.7557389], [-18.0962959, 27.7556132], [-18.0964445, 27.755701], [-18.0963459, 27.7558385], [-18.0962792, 27.7557389]]], [[[-18.097368, 27.7560889], [-18.0973966, 27.7562416], [-18.0972123, 27.7562141], [-18.0972174, 27.7560697], [-18.097368, 27.7560889]]], [[[-18.1555576, 27.7565625], [-18.1555453, 27.7564888], [-18.1556512, 27.7565405], [-18.1555701, 27.7566109], [-18.1555576, 27.7565625]]], [[[-18.1537577, 27.7567308], [-18.1538279, 27.7567048], [-18.1540048, 27.7566854], [-18.1539789, 27.7567744], [-18.1537577, 27.7567308]]], [[[-18.1553778, 27.7570077], [-18.1555342, 27.7570871], [-18.1555355, 27.7571313], [-18.1553622, 27.7570667], [-18.1553778, 27.7570077]]], [[[-18.1560981, 27.7573051], [-18.1560444, 27.7573406], [-18.1559978, 27.7572722], [-18.1560257, 27.7572526], [-18.1560981, 27.7573051]]], [[[-18.1530248, 27.7573699], [-18.1527976, 27.7573309], [-18.153443, 27.7573161], [-18.1535355, 27.7574665], [-18.1530248, 27.7573699]]], [[[-18.1530822, 27.7580252], [-18.1527324, 27.7579547], [-18.1525955, 27.7576007], [-18.1530935, 27.7578536], [-18.1530822, 27.7580252]]], [[[-18.1512835, 27.7586598], [-18.151182, 27.7585836], [-18.1515601, 27.7584767], [-18.1517193, 27.7586498], [-18.1512835, 27.7586598]]], [[[-18.0545204, 27.7588108], [-18.0547468, 27.7588951], [-18.054772, 27.7590686], [-18.0545681, 27.7590298], [-18.0545204, 27.7588108]]], [[[-18.1487526, 27.7602774], [-18.1489965, 27.7603465], [-18.1489406, 27.7604769], [-18.1485714, 27.7603719], [-18.1487526, 27.7602774]]], [[[-18.1427479, 27.7631973], [-18.1428623, 27.7635437], [-18.1420057, 27.7626703], [-18.1424087, 27.7627197], [-18.1427479, 27.7631973]]], [[[-18.1399848, 27.76408], [-18.1400089, 27.7638612], [-18.1403575, 27.7640634], [-18.1402369, 27.7641365], [-18.1399848, 27.76408]]], [[[-18.1199869, 27.7640867], [-18.1199429, 27.7640705], [-18.1199241, 27.7640168], [-18.1200133, 27.7640139], [-18.1199869, 27.7640867]]], [[[-18.1201723, 27.7642917], [-18.1201164, 27.7643607], [-18.1200898, 27.7643504], [-18.1201706, 27.7641971], [-18.1201723, 27.7642917]]], [[[-18.1204323, 27.7644509], [-18.1204125, 27.7645741], [-18.1202602, 27.7646019], [-18.1202673, 27.7645304], [-18.1204323, 27.7644509]]], [[[-18.1205327, 27.7648392], [-18.1205037, 27.76482], [-18.1205826, 27.7647425], [-18.1206193, 27.7647823], [-18.1205327, 27.7648392]]], [[[-18.1207068, 27.7649002], [-18.1208209, 27.7649554], [-18.1205623, 27.7650965], [-18.1205886, 27.7649516], [-18.1207068, 27.7649002]]], [[[-18.1404116, 27.766525], [-18.1402558, 27.7664649], [-18.1401933, 27.7663719], [-18.1403283, 27.7663847], [-18.1404116, 27.766525]]], [[[-18.1393673, 27.7667288], [-18.1395227, 27.7668804], [-18.1397416, 27.7671911], [-18.1390602, 27.7665562], [-18.1393673, 27.7667288]]], [[[-18.138136, 27.7670364], [-18.1382721, 27.7669377], [-18.1384313, 27.7671839], [-18.1383046, 27.7671886], [-18.138136, 27.7670364]]], [[[-18.1221523, 27.7691104], [-18.1222911, 27.7689857], [-18.1224234, 27.7689711], [-18.122181, 27.7692907], [-18.1221523, 27.7691104]]], [[[-18.1238553, 27.7691929], [-18.1238863, 27.7693212], [-18.1237839, 27.7693569], [-18.1237573, 27.7692051], [-18.1238553, 27.7691929]]], [[[-18.134706, 27.7692781], [-18.1348486, 27.7693732], [-18.134854, 27.7694191], [-18.1346633, 27.7694162], [-18.134706, 27.7692781]]], [[[-18.121508, 27.769697], [-18.1216138, 27.7697469], [-18.1214216, 27.7698685], [-18.121379, 27.7697964], [-18.121508, 27.769697]]], [[[-18.1348579, 27.7698718], [-18.1349235, 27.769827], [-18.135032, 27.7699328], [-18.1349486, 27.7699572], [-18.1348579, 27.7698718]]], [[[-18.1219346, 27.7700067], [-18.1220433, 27.770015], [-18.122054, 27.7700671], [-18.1219316, 27.7700798], [-18.1219346, 27.7700067]]], [[[-18.1340531, 27.7701688], [-18.1340341, 27.7702495], [-18.1339797, 27.7702246], [-18.1339924, 27.7701386], [-18.1340531, 27.7701688]]], [[[-18.1261703, 27.7705026], [-18.1262492, 27.7703547], [-18.1263637, 27.7703142], [-18.126253, 27.7705223], [-18.1261703, 27.7705026]]], [[[-18.1328323, 27.7708098], [-18.1328184, 27.7706793], [-18.1328749, 27.7706663], [-18.1329117, 27.7707485], [-18.1328323, 27.7708098]]], [[[-18.1275699, 27.7707207], [-18.1276151, 27.7708857], [-18.1275334, 27.7709335], [-18.127494, 27.7708], [-18.1275699, 27.7707207]]], [[[-18.1335037, 27.7710607], [-18.1333647, 27.7709511], [-18.133683, 27.7710187], [-18.1336464, 27.7710845], [-18.1335037, 27.7710607]]], [[[-17.9977287, 27.6456353], [-17.9977095, 27.6457476], [-17.9976357, 27.6457907], [-17.9976376, 27.6456743], [-17.9977287, 27.6456353]]], [[[-17.9979279, 27.6459799], [-17.99793, 27.6459331], [-17.9980072, 27.645915], [-17.9980072, 27.6459421], [-17.9979279, 27.6459799]]], [[[-18.0015817, 27.6470313], [-18.0016071, 27.6470704], [-18.0015363, 27.6471495], [-18.0015256, 27.6470569], [-18.0015817, 27.6470313]]], [[[-18.0020018, 27.6471313], [-18.0019368, 27.6472004], [-18.0019151, 27.6470385], [-18.0019914, 27.6470504], [-18.0020018, 27.6471313]]], [[[-18.004394, 27.6477831], [-18.0043128, 27.6477785], [-18.004642, 27.6475928], [-18.0045588, 27.6476965], [-18.004394, 27.6477831]]], [[[-18.0049505, 27.6475356], [-18.0049618, 27.6476914], [-18.0045883, 27.6479972], [-18.0045272, 27.6477631], [-18.0049505, 27.6475356]]], [[[-18.0101541, 27.6499385], [-18.0100036, 27.6499913], [-18.009954, 27.6499554], [-18.0101844, 27.6498611], [-18.0101541, 27.6499385]]], [[[-18.01061, 27.651343], [-18.0105062, 27.6513994], [-18.0103844, 27.6513524], [-18.0105254, 27.6512871], [-18.01061, 27.651343]]], [[[-18.0240957, 27.6684643], [-18.0239871, 27.6686056], [-18.0238868, 27.6685663], [-18.0239819, 27.6684171], [-18.0240957, 27.6684643]]], [[[-18.0288501, 27.6742877], [-18.0288281, 27.6741863], [-18.02887, 27.6741637], [-18.0289542, 27.6742791], [-18.0288501, 27.6742877]]], [[[-18.0281104, 27.6772238], [-18.0281181, 27.6772814], [-18.0280042, 27.6772677], [-18.0280081, 27.6772252], [-18.0281104, 27.6772238]]], [[[-18.0344426, 27.6824406], [-18.0342426, 27.6824991], [-18.0341887, 27.6824209], [-18.0343374, 27.6823365], [-18.0344426, 27.6824406]]], [[[-18.0342059, 27.682859], [-18.0343858, 27.6827675], [-18.0344342, 27.6828323], [-18.0342561, 27.6829138], [-18.0342059, 27.682859]]], [[[-18.0436587, 27.688291], [-18.0435896, 27.6883214], [-18.0435464, 27.6882962], [-18.0436297, 27.6882303], [-18.0436587, 27.688291]]], [[[-18.0486831, 27.6907801], [-18.0486013, 27.690827], [-18.0485148, 27.6907756], [-18.0486464, 27.6906988], [-18.0486831, 27.6907801]]], [[[-17.9922938, 27.7964681], [-17.9861944, 27.8077433], [-17.9928386, 27.8223907], [-17.9750833, 27.826005], [-17.9631797, 27.8393588], [-17.9459374, 27.8403957], [-17.9345997, 27.8488537], [-17.9301208, 27.8470677], [-17.9172415, 27.8481024], [-17.9017469, 27.8417137], [-17.8831989, 27.8115721], [-17.9143852, 27.7706013], [-17.909552, 27.7654535], [-17.9273768, 27.7319308], [-17.9572724, 27.719364], [-17.9778939, 27.6395803], [-17.9912038, 27.6387463], [-18.0095867, 27.6494632], [-18.0286267, 27.6786819], [-18.0384089, 27.6866814], [-18.050274, 27.6926682], [-18.1440406, 27.7035621], [-18.156761, 27.7106904], [-18.1587682, 27.7145302], [-18.1602481, 27.7149857], [-18.1517972, 27.732298], [-18.1543553, 27.7552872], [-18.1504124, 27.758331], [-18.151598, 27.7605616], [-18.1409821, 27.7625003], [-18.140511, 27.7660673], [-18.1365399, 27.766479], [-18.1322449, 27.7713176], [-18.1216195, 27.7693393], [-18.105635, 27.7566055], [-18.0824361, 27.753145], [-18.0701281, 27.7531531], [-18.0363751, 27.7621223], [-18.0180675, 27.7755582], [-18.0146276, 27.7830588], [-17.9922938, 27.7964681]]], [[[-18.0483686, 27.7602312], [-18.0483415, 27.7601325], [-18.0483917, 27.7601134], [-18.0484449, 27.760206], [-18.0483686, 27.7602312]]], [[[-18.0498405, 27.7602528], [-18.0501226, 27.7604071], [-18.0501191, 27.7604974], [-18.0499695, 27.7605142], [-18.0498405, 27.7602528]]], [[[-18.0491537, 27.7604592], [-18.0490014, 27.7604517], [-18.0490308, 27.7603428], [-18.0491237, 27.7603291], [-18.0491537, 27.7604592]]], [[[-18.0487391, 27.7603899], [-18.0487892, 27.7602616], [-18.049004, 27.7606898], [-18.0487329, 27.7606408], [-18.0487391, 27.7603899]]], [[[-18.0482948, 27.7607839], [-18.0483747, 27.7606315], [-18.0485073, 27.7608063], [-18.0484449, 27.760823], [-18.0482948, 27.7607839]]], [[[-18.0484903, 27.7612505], [-18.0483735, 27.7609888], [-18.0484251, 27.7608758], [-18.0487028, 27.7613423], [-18.0484903, 27.7612505]]], [[[-18.0492257, 27.7613696], [-18.0492936, 27.7612219], [-18.0495926, 27.7615797], [-18.0494053, 27.7615911], [-18.0492257, 27.7613696]]], [[[-18.0273157, 27.7709023], [-18.026937, 27.7707199], [-18.0267908, 27.7703085], [-18.0272894, 27.7706469], [-18.0273157, 27.7709023]]], [[[-18.0168429, 27.7785248], [-18.0169192, 27.778645], [-18.0167133, 27.7786801], [-18.0166877, 27.7785995], [-18.0168429, 27.7785248]]], [[[-18.0153724, 27.781724], [-18.0154343, 27.7818355], [-18.0152501, 27.7817754], [-18.0152425, 27.7817233], [-18.0153724, 27.781724]]], [[[-18.0154708, 27.7819844], [-18.0154898, 27.7821924], [-18.0153934, 27.7822287], [-18.0153143, 27.7819725], [-18.0154708, 27.7819844]]], [[[-18.0083833, 27.7869857], [-18.0084635, 27.7870282], [-18.0086914, 27.7874219], [-18.0083653, 27.7871449], [-18.0083833, 27.7869857]]], [[[-17.996958, 27.7928459], [-17.9969439, 27.7930365], [-17.996638, 27.7927166], [-17.9967547, 27.7926825], [-17.996958, 27.7928459]]], [[[-17.9945657, 27.7942626], [-17.9945292, 27.7943056], [-17.994483, 27.7942798], [-17.9945151, 27.7942376], [-17.9945657, 27.7942626]]], [[[-17.9935571, 27.7951277], [-17.9935189, 27.7952891], [-17.9932802, 27.7950579], [-17.9933681, 27.7950434], [-17.9935571, 27.7951277]]], [[[-17.9930257, 27.7967205], [-17.9929145, 27.7967003], [-17.9928744, 27.7966038], [-17.99306, 27.7966043], [-17.9930257, 27.7967205]]], [[[-17.9906353, 27.7981671], [-17.9906031, 27.7982111], [-17.9905468, 27.7981203], [-17.9905901, 27.7981085], [-17.9906353, 27.7981671]]], [[[-17.9906786, 27.7982275], [-17.9907009, 27.7981918], [-17.9907645, 27.7982157], [-17.9907503, 27.7982539], [-17.9906786, 27.7982275]]], [[[-17.9906816, 27.7983393], [-17.9907594, 27.7984008], [-17.9906861, 27.7984655], [-17.9905851, 27.7984072], [-17.9906816, 27.7983393]]], [[[-17.9909894, 27.799094], [-17.9909254, 27.7990169], [-17.9909887, 27.7989596], [-17.9910643, 27.7990499], [-17.9909894, 27.799094]]], [[[-17.9891816, 27.8001642], [-17.9890974, 27.8001263], [-17.9891278, 27.8000526], [-17.9892599, 27.8000975], [-17.9891816, 27.8001642]]], [[[-17.987578, 27.811766], [-17.9874421, 27.811768], [-17.9874362, 27.8116283], [-17.9875144, 27.8116293], [-17.987578, 27.811766]]], [[[-18.0009082, 27.822761], [-18.0004176, 27.8225991], [-18.0005714, 27.822353], [-18.001267, 27.8224243], [-18.0009082, 27.822761]]], [[[-17.9934063, 27.8222961], [-17.993852, 27.8224881], [-17.9928772, 27.8228264], [-17.9930133, 27.8222944], [-17.9934063, 27.8222961]]], [[[-17.9946838, 27.8235187], [-17.9949109, 27.8236224], [-17.9950573, 27.8242635], [-17.994325, 27.8236742], [-17.9946838, 27.8235187]]], [[[-17.9958716, 27.8244731], [-17.9951024, 27.8235407], [-17.9964208, 27.8228142], [-17.9970596, 27.8243829], [-17.9958716, 27.8244731]]], [[[-17.9928619, 27.8247506], [-17.9931244, 27.8251949], [-17.9930682, 27.8252513], [-17.992727, 27.8248302], [-17.9928619, 27.8247506]]], [[[-17.980295, 27.8254372], [-17.980258, 27.8253108], [-17.9803297, 27.8252606], [-17.9803853, 27.8253252], [-17.980295, 27.8254372]]], [[[-17.980864, 27.8254313], [-17.9810038, 27.8256835], [-17.9809978, 27.8258352], [-17.9807767, 27.8256136], [-17.980864, 27.8254313]]], [[[-17.9709952, 27.6692991], [-17.9708227, 27.6691765], [-17.9707826, 27.6690438], [-17.9709254, 27.6691138], [-17.9709952, 27.6692991]]], [[[-17.9712612, 27.6695035], [-17.9711607, 27.6694967], [-17.9711274, 27.6691654], [-17.9712277, 27.669239], [-17.9712612, 27.6695035]]], [[[-17.9669813, 27.678755], [-17.9668862, 27.6787977], [-17.9668149, 27.6785998], [-17.9668866, 27.6785884], [-17.9669813, 27.678755]]], [[[-17.9644973, 27.6874024], [-17.9644592, 27.687303], [-17.9645345, 27.6872798], [-17.9645799, 27.6873456], [-17.9644973, 27.6874024]]], [[[-17.9414037, 27.7292292], [-17.9414344, 27.7295086], [-17.9413959, 27.7295148], [-17.9412592, 27.7290833], [-17.9414037, 27.7292292]]], [[[-17.9096755, 27.7729347], [-17.9096479, 27.7730418], [-17.9094717, 27.7728588], [-17.9095784, 27.7728294], [-17.9096755, 27.7729347]]], [[[-17.9754486, 27.8266505], [-17.9754555, 27.8267153], [-17.975402, 27.8267264], [-17.9753779, 27.8266231], [-17.9754486, 27.8266505]]], [[[-17.9732224, 27.827467], [-17.9732914, 27.8273943], [-17.9733388, 27.8274185], [-17.9732756, 27.8275218], [-17.9732224, 27.827467]]], [[[-17.9732437, 27.8276894], [-17.9731583, 27.8277192], [-17.9731086, 27.8276463], [-17.9732311, 27.8276374], [-17.9732437, 27.8276894]]], [[[-17.9745263, 27.8279134], [-17.9744911, 27.8279999], [-17.9744151, 27.8279294], [-17.9744452, 27.827917], [-17.9745263, 27.8279134]]], [[[-17.9709682, 27.8300522], [-17.9708989, 27.8299283], [-17.9710727, 27.8300509], [-17.9710132, 27.8302109], [-17.9709682, 27.8300522]]], [[[-17.9676847, 27.8330339], [-17.9676316, 27.8330955], [-17.9675866, 27.833008], [-17.9676349, 27.8329943], [-17.9676847, 27.8330339]]], [[[-17.9676878, 27.8330753], [-17.9677497, 27.8330749], [-17.9678611, 27.8332159], [-17.9676729, 27.8331604], [-17.9676878, 27.8330753]]], [[[-17.9030123, 27.8389496], [-17.9029482, 27.838979], [-17.9028724, 27.8388777], [-17.9030064, 27.8388803], [-17.9030123, 27.8389496]]], [[[-17.9639038, 27.8394901], [-17.9640762, 27.8394079], [-17.9640737, 27.8396163], [-17.963987, 27.8396362], [-17.9639038, 27.8394901]]], [[[-17.9493226, 27.8410403], [-17.9492809, 27.8414102], [-17.9491795, 27.8414493], [-17.948979, 27.8410549], [-17.9493226, 27.8410403]]], [[[-17.9485257, 27.8411395], [-17.9487417, 27.8409463], [-17.9486341, 27.841433], [-17.9485516, 27.841387], [-17.9485257, 27.8411395]]], [[[-17.9568519, 27.8414663], [-17.9567434, 27.8415057], [-17.9566337, 27.8413547], [-17.9567574, 27.8413105], [-17.9568519, 27.8414663]]], [[[-17.9527468, 27.8415733], [-17.9528836, 27.8416389], [-17.9527652, 27.8418029], [-17.9526865, 27.8417802], [-17.9527468, 27.8415733]]], [[[-17.9565631, 27.8419317], [-17.9564402, 27.8418504], [-17.9564969, 27.8417329], [-17.9566583, 27.8418097], [-17.9565631, 27.8419317]]], [[[-17.9494941, 27.8419378], [-17.9495711, 27.8418956], [-17.9496479, 27.8419968], [-17.9495458, 27.8420107], [-17.9494941, 27.8419378]]], [[[-17.9528778, 27.8421379], [-17.9526855, 27.8421943], [-17.9527358, 27.8419163], [-17.9529684, 27.841997], [-17.9528778, 27.8421379]]], [[[-17.9564624, 27.8421476], [-17.9564518, 27.8420928], [-17.9566295, 27.8420972], [-17.9565819, 27.8421748], [-17.9564624, 27.8421476]]], [[[-17.956461, 27.8425049], [-17.956661, 27.8423229], [-17.9567569, 27.8426384], [-17.9565606, 27.8426615], [-17.956461, 27.8425049]]], [[[-17.9090437, 27.8427647], [-17.9089734, 27.8427923], [-17.9089012, 27.842746], [-17.9090557, 27.8426435], [-17.9090437, 27.8427647]]], [[[-17.9450149, 27.8427354], [-17.9450318, 27.8426854], [-17.9450891, 27.842741], [-17.9450703, 27.8427559], [-17.9450149, 27.8427354]]], [[[-17.9086825, 27.8433758], [-17.9086458, 27.8432909], [-17.9088812, 27.8429503], [-17.9088926, 27.8430719], [-17.9086825, 27.8433758]]], [[[-17.9070502, 27.8434734], [-17.9069799, 27.8434261], [-17.9070899, 27.8433255], [-17.9071159, 27.8434242], [-17.9070502, 27.8434734]]], [[[-17.944744, 27.8436018], [-17.9445988, 27.8436355], [-17.9445271, 27.8435369], [-17.9446646, 27.8435151], [-17.944744, 27.8436018]]], [[[-17.9442379, 27.8436856], [-17.94429, 27.8437765], [-17.9441661, 27.8438081], [-17.94414, 27.8437076], [-17.9442379, 27.8436856]]], [[[-17.9098225, 27.8439561], [-17.9097618, 27.8438483], [-17.9098296, 27.8438053], [-17.9098759, 27.8439424], [-17.9098225, 27.8439561]]], [[[-17.9100618, 27.8439872], [-17.9100047, 27.8440515], [-17.9100198, 27.8438979], [-17.9100983, 27.8438736], [-17.9100618, 27.8439872]]], [[[-17.9148646, 27.8443106], [-17.9149098, 27.8442528], [-17.9149905, 27.8442719], [-17.9149211, 27.8444087], [-17.9148646, 27.8443106]]], [[[-17.9149962, 27.844942], [-17.9149492, 27.8448158], [-17.9151358, 27.8445845], [-17.9151376, 27.8446882], [-17.9149962, 27.844942]]], [[[-17.9441142, 27.8447031], [-17.9437109, 27.8454027], [-17.9433394, 27.8450615], [-17.9436293, 27.8444122], [-17.9441142, 27.8447031]]], [[[-17.942724, 27.8458008], [-17.9428023, 27.8457676], [-17.9429675, 27.8458362], [-17.9429146, 27.8459041], [-17.942724, 27.8458008]]], [[[-17.9429713, 27.8459751], [-17.9430419, 27.845997], [-17.9430521, 27.8461105], [-17.9429793, 27.846085], [-17.9429713, 27.8459751]]], [[[-17.9163512, 27.8461609], [-17.9162794, 27.8462445], [-17.916127, 27.8462405], [-17.9163413, 27.8459419], [-17.9163512, 27.8461609]]], [[[-17.9412979, 27.8466558], [-17.9413973, 27.8463921], [-17.9414954, 27.8463773], [-17.9414811, 27.8467881], [-17.9412979, 27.8466558]]], [[[-17.9396328, 27.8467418], [-17.9397094, 27.8467979], [-17.9397351, 27.8468461], [-17.9396127, 27.846864], [-17.9396328, 27.8467418]]], [[[-17.931072, 27.8478974], [-17.931143, 27.8480844], [-17.9311276, 27.8481533], [-17.9309695, 27.8477462], [-17.931072, 27.8478974]]], [[[-17.9307042, 27.8486765], [-17.9306948, 27.8485143], [-17.9307678, 27.8484749], [-17.9308662, 27.8486992], [-17.9307042, 27.8486765]]], [[[-17.9348489, 27.8491233], [-17.9349059, 27.8490914], [-17.9349507, 27.8492474], [-17.9348403, 27.8492164], [-17.9348489, 27.8491233]]], [[[-17.9272042, 27.8497098], [-17.9270725, 27.849681], [-17.9271939, 27.8494773], [-17.9272261, 27.8496164], [-17.9272042, 27.8497098]]], [[[-17.9284381, 27.8497016], [-17.9284939, 27.8498493], [-17.9282464, 27.8497427], [-17.9282678, 27.8496691], [-17.9284381, 27.8497016]]], [[[-17.8976904, 27.7860011], [-17.8976188, 27.7859015], [-17.897627, 27.7858283], [-17.8977347, 27.7858747], [-17.8976904, 27.7860011]]], [[[-17.8961256, 27.7871985], [-17.8961309, 27.7872823], [-17.8961077, 27.7872864], [-17.8960671, 27.7872502], [-17.8961256, 27.7871985]]], [[[-17.8959102, 27.7875296], [-17.895862, 27.7874711], [-17.8960317, 27.7874801], [-17.8959979, 27.7875061], [-17.8959102, 27.7875296]]], [[[-17.8961685, 27.7886626], [-17.8962798, 27.7886504], [-17.8963069, 27.7887174], [-17.8961851, 27.7887155], [-17.8961685, 27.7886626]]], [[[-17.8956998, 27.7891939], [-17.8956595, 27.7892804], [-17.8952979, 27.7892239], [-17.8956264, 27.7891449], [-17.8956998, 27.7891939]]], [[[-17.8929583, 27.7916193], [-17.893153, 27.7916938], [-17.8931691, 27.7917277], [-17.892916, 27.7918223], [-17.8929583, 27.7916193]]], [[[-17.8844976, 27.815003], [-17.8844606, 27.8149082], [-17.8845806, 27.8148416], [-17.8846148, 27.8149104], [-17.8844976, 27.815003]]], [[[-17.8876186, 27.8189945], [-17.8874927, 27.8190269], [-17.8874363, 27.818854], [-17.8875923, 27.8188823], [-17.8876186, 27.8189945]]], [[[-17.8922268, 27.8257557], [-17.8923956, 27.8258072], [-17.892358, 27.8259199], [-17.8921294, 27.8258687], [-17.8922268, 27.8257557]]], [[[-17.8949561, 27.8334871], [-17.8953231, 27.8333799], [-17.8946572, 27.8338431], [-17.8947481, 27.8336571], [-17.8949561, 27.8334871]]], [[[-17.8995101, 27.8369242], [-17.8994786, 27.8371882], [-17.8992322, 27.8372728], [-17.8992282, 27.8370834], [-17.8995101, 27.8369242]]], [[[-16.7383469, 28.0838054], [-16.7381669, 28.0838787], [-16.7378899, 28.0831945], [-16.7379869, 28.0831904], [-16.7383469, 28.0838054]]], [[[-16.7391409, 28.0851859], [-16.7389101, 28.085247], [-16.7386654, 28.0845181], [-16.7388085, 28.0845629], [-16.7391409, 28.0851859]]], [[[-16.7394548, 28.085976], [-16.7397086, 28.0860859], [-16.7399256, 28.086705], [-16.7397363, 28.0866113], [-16.7394548, 28.085976]]], [[[-16.7436045, 28.0899475], [-16.7439922, 28.0900921], [-16.7440761, 28.0902177], [-16.7436151, 28.0900653], [-16.7436045, 28.0899475]]], [[[-16.7449223, 28.0905641], [-16.7448018, 28.0904551], [-16.7455712, 28.0907404], [-16.7456031, 28.0908927], [-16.7449223, 28.0905641]]], [[[-16.7480218, 28.0917151], [-16.748412, 28.0918303], [-16.7488369, 28.0921104], [-16.7479828, 28.0918559], [-16.7480218, 28.0917151]]], [[[-17.2367274, 28.02222], [-17.2703003, 28.0252725], [-17.2731806, 28.0360051], [-17.3113275, 28.0528628], [-17.3206498, 28.0762105], [-17.348918, 28.0983013], [-17.341046, 28.1312682], [-17.3464432, 28.1518645], [-17.3230346, 28.1979483], [-17.2763573, 28.2179415], [-17.2606168, 28.2179181], [-17.2443943, 28.2007789], [-17.1960204, 28.2000893], [-17.1833112, 28.1800024], [-17.1678783, 28.1808379], [-17.1530571, 28.1645222], [-17.1185431, 28.1534309], [-17.1032684, 28.1283098], [-17.0983496, 28.0957272], [-17.1179505, 28.0755967], [-17.1687264, 28.035528], [-17.2367274, 28.02222]]], [[[-16.781077, 28.1232824], [-16.780932, 28.1233995], [-16.7805094, 28.123234], [-16.7811342, 28.1228304], [-16.781077, 28.1232824]]], [[[-16.8287941, 28.1971558], [-16.8292027, 28.1972256], [-16.8292249, 28.1978147], [-16.8286547, 28.1973903], [-16.8287941, 28.1971558]]], [[[-16.829145, 28.1999666], [-16.8289996, 28.2001154], [-16.8290978, 28.1998316], [-16.8295612, 28.1996724], [-16.8298676, 28.1998455], [-16.829145, 28.1999666]]], [[[-16.4136908, 28.2177497], [-16.4134774, 28.2181348], [-16.4129641, 28.217902], [-16.4133402, 28.2175258], [-16.4136908, 28.2177497]]], [[[-16.8458468, 28.2381326], [-16.8457445, 28.2381118], [-16.8459571, 28.2380294], [-16.8459312, 28.2381093], [-16.8458468, 28.2381326]]], [[[-16.8461676, 28.2384737], [-16.8460791, 28.2381488], [-16.8464023, 28.2379515], [-16.8469092, 28.2382669], [-16.8469387, 28.2385091], [-16.8461676, 28.2384737]]], [[[-16.8434642, 28.2411342], [-16.8431778, 28.2412178], [-16.8430227, 28.2411719], [-16.8436151, 28.2409576], [-16.8434642, 28.2411342]]], [[[-16.3780198, 28.2882759], [-16.378129, 28.2883648], [-16.3777032, 28.2887952], [-16.3776578, 28.2887065], [-16.3780198, 28.2882759]]], [[[-16.3767793, 28.2899716], [-16.3770835, 28.2895527], [-16.3772361, 28.2895383], [-16.3765276, 28.2904846], [-16.3767793, 28.2899716]]], [[[-16.1785913, 28.5811231], [-16.1580706, 28.5890697], [-16.1322621, 28.5812352], [-16.1199223, 28.5593154], [-16.1250223, 28.532755], [-16.225211, 28.4837418], [-16.2196698, 28.489449], [-16.2368867, 28.4856103], [-16.2462438, 28.4710221], [-16.235609, 28.4790652], [-16.2470131, 28.4556761], [-16.2422443, 28.4659992], [-16.2427551, 28.4680529], [-16.3007205, 28.414339], [-16.3604441, 28.3794068], [-16.3695444, 28.3543929], [-16.3616491, 28.3044785], [-16.369805, 28.2997529], [-16.3835425, 28.2848526], [-16.424679, 28.2045502], [-16.4249846, 28.1682821], [-16.4343898, 28.1568292], [-16.4257424, 28.1492983], [-16.4899357, 28.0902028], [-16.4862307, 28.0771438], [-16.4874887, 28.0711952], [-16.4931285, 28.0649558], [-16.486881, 28.0774877], [-16.4971254, 28.0768522], [-16.494487, 28.0697978], [-16.504088, 28.0757514], [-16.5412884, 28.0421616], [-16.5464431, 28.0248741], [-16.5955347, 28.0291962], [-16.6435919, 28.0037787], [-16.6643935, 28.0085894], [-16.6788383, 27.9980751], [-16.7040598, 28.0058211], [-16.7112495, 28.0470737], [-16.7371673, 28.0549897], [-16.7378076, 28.0865648], [-16.7794393, 28.1202478], [-16.804292, 28.1577616], [-16.8068741, 28.1745021], [-16.837445, 28.2074775], [-16.8362361, 28.2173926], [-16.8435555, 28.2271302], [-16.8417873, 28.2335985], [-16.8464098, 28.2392116], [-16.8409231, 28.2642509], [-16.8592877, 28.2747917], [-16.8967303, 28.3319834], [-16.9259266, 28.3419002], [-16.9178142, 28.3609088], [-16.8869611, 28.3648378], [-16.8329129, 28.3930076], [-16.8083259, 28.3761814], [-16.7517699, 28.3707386], [-16.734277, 28.3823736], [-16.7248032, 28.3768803], [-16.7192621, 28.3877003], [-16.7012932, 28.383749], [-16.6940023, 28.3958829], [-16.680774, 28.390603], [-16.6741952, 28.4020186], [-16.6042369, 28.3941491], [-16.5547322, 28.4187879], [-16.5134324, 28.4193862], [-16.4971123, 28.4385763], [-16.4876279, 28.4374632], [-16.4769753, 28.4409174], [-16.4735234, 28.4549197], [-16.4557572, 28.4601191], [-16.4517683, 28.4772183], [-16.4287806, 28.4892068], [-16.410986, 28.527194], [-16.3859636, 28.5463211], [-16.3340243, 28.5576038], [-16.3296193, 28.5771032], [-16.2973923, 28.5690914], [-16.2724506, 28.5780479], [-16.2236623, 28.5654315], [-16.1785913, 28.5811231]]], [[[-16.7780327, 28.3743628], [-16.7783287, 28.3740874], [-16.7787798, 28.3743047], [-16.7780728, 28.3747671], [-16.7780327, 28.3743628]]], [[[-16.7818982, 28.3759365], [-16.7816283, 28.3758076], [-16.7820003, 28.3755004], [-16.7820825, 28.3758329], [-16.7818982, 28.3759365]]], [[[-16.7438004, 28.3764974], [-16.7438926, 28.3763496], [-16.7437595, 28.3771296], [-16.7435273, 28.376546], [-16.7438004, 28.3764974]]], [[[-16.7306796, 28.3781228], [-16.7304256, 28.3782759], [-16.7303792, 28.3781857], [-16.7306949, 28.377886], [-16.7306796, 28.3781228]]], [[[-16.7432628, 28.3779705], [-16.7432622, 28.3782326], [-16.7431598, 28.3782952], [-16.7430814, 28.3782066], [-16.7432628, 28.3779705]]], [[[-16.7618318, 28.3791932], [-16.7628828, 28.3785602], [-16.7630983, 28.3807461], [-16.7618443, 28.3802744], [-16.7618318, 28.3791932]]], [[[-16.6492301, 28.3966626], [-16.6489111, 28.3966759], [-16.6488643, 28.396396], [-16.6490657, 28.396427], [-16.6492301, 28.3966626]]], [[[-16.648191, 28.3966745], [-16.6484759, 28.3964727], [-16.6487375, 28.3971101], [-16.6481989, 28.396961], [-16.648191, 28.3966745]]], [[[-16.574776, 28.4042562], [-16.574716, 28.4045536], [-16.5744712, 28.4044886], [-16.5746071, 28.4042687], [-16.574776, 28.4042562]]], [[[-16.573927, 28.4044898], [-16.5736542, 28.4046799], [-16.5736072, 28.404665], [-16.5737557, 28.40424], [-16.573927, 28.4044898]]], [[[-16.4868268, 28.4398762], [-16.4865035, 28.4393638], [-16.48729, 28.4396185], [-16.4873225, 28.4404511], [-16.4868268, 28.4398762]]], [[[-16.4592551, 28.4604671], [-16.4590525, 28.4607045], [-16.4589146, 28.4602916], [-16.4591112, 28.4602555], [-16.4592551, 28.4604671]]], [[[-16.4563815, 28.4621791], [-16.4563228, 28.4621122], [-16.4566541, 28.4622949], [-16.4565674, 28.4623079], [-16.4563815, 28.4621791]]], [[[-16.4555694, 28.4628786], [-16.4552107, 28.4628221], [-16.4551864, 28.4626964], [-16.4554769, 28.4626635], [-16.4555694, 28.4628786]]], [[[-16.4478166, 28.4754448], [-16.4478576, 28.4757231], [-16.4476289, 28.4756922], [-16.4476524, 28.4753211], [-16.4478166, 28.4754448]]], [[[-16.422556, 28.5094636], [-16.4226504, 28.5098407], [-16.4231053, 28.5099086], [-16.4225045, 28.5099086], [-16.422556, 28.5094636]]], [[[-17.7639389, 28.6623742], [-17.7498217, 28.6244006], [-17.759963, 28.5699306], [-17.786669, 28.5437631], [-17.8421745, 28.4527595], [-17.8687164, 28.4733653], [-17.8799683, 28.5402014], [-17.925948, 28.5962445], [-17.9385744, 28.6403603], [-17.9642855, 28.6679063], [-17.9816627, 28.7287659], [-18.0072404, 28.7578414], [-18.005845, 28.7846587], [-17.9805669, 28.8018817], [-17.9677196, 28.8273428], [-17.919833, 28.8574315], [-17.8582827, 28.8328696], [-17.8092411, 28.845382], [-17.7774368, 28.8402163], [-17.7513231, 28.7743854], [-17.7244486, 28.7430893], [-17.7325327, 28.7202311], [-17.7592425, 28.6971499], [-17.7639021, 28.671187], [-17.7687458, 28.6773291], [-17.7639389, 28.6623742]]], [[[-15.4170739, 28.0672549], [-15.4152201, 28.0459699], [-15.3872126, 28.0293678], [-15.3671056, 27.9919136], [-15.3843319, 27.9675662], [-15.3795051, 27.9480805], [-15.358281, 27.9312625], [-15.3736003, 27.9357297], [-15.3844854, 27.9264752], [-15.3939725, 27.8903298], [-15.3807282, 27.8759027], [-15.3853434, 27.8574611], [-15.3985915, 27.8562832], [-15.4033377, 27.8492961], [-15.3966082, 27.8455265], [-15.3994021, 27.8420623], [-15.4161144, 27.8443905], [-15.4225583, 27.8105654], [-15.4332883, 27.799311], [-15.4874952, 27.7927718], [-15.5604384, 27.7627069], [-15.5700655, 27.737808], [-15.5990021, 27.7345882], [-15.619563, 27.7489084], [-15.6607998, 27.7567671], [-15.6689676, 27.7480137], [-15.6855469, 27.756213], [-15.6898465, 27.7711305], [-15.7004213, 27.7708409], [-15.7874592, 27.8345404], [-15.8330525, 27.9097844], [-15.8345002, 27.9719475], [-15.8172829, 28.0050613], [-15.8228873, 28.0136618], [-15.7832163, 28.023459], [-15.7655524, 28.0462096], [-15.7390015, 28.0539285], [-15.7137896, 28.0788915], [-15.6962759, 28.1515317], [-15.7089892, 28.1659591], [-15.6831433, 28.1707165], [-15.6665802, 28.1581064], [-15.6425913, 28.1669607], [-15.6371839, 28.1720983], [-15.5979679, 28.1442735], [-15.5458858, 28.1462564], [-15.5269087, 28.1553226], [-15.4671193, 28.1260923], [-15.4458769, 28.1315165], [-15.4319799, 28.1451439], [-15.4394383, 28.1692825], [-15.4225163, 28.1809792], [-15.4147709, 28.1774097], [-15.4069088, 28.1782117], [-15.4053149, 28.166079], [-15.3981753, 28.1616503], [-15.3982135, 28.1498611], [-15.4033954, 28.1613564], [-15.4068688, 28.1476141], [-15.407214, 28.1329108], [-15.404377, 28.1307926], [-15.4045957, 28.1176079], [-15.4079497, 28.1371206], [-15.4069078, 28.1581893], [-15.4156034, 28.1475817], [-15.4119827, 28.128125], [-15.4176294, 28.1466202], [-15.4277079, 28.1467854], [-15.4203788, 28.1367875], [-15.425343, 28.1411337], [-15.4288034, 28.1376497], [-15.4109882, 28.1009237], [-15.4170739, 28.0672549]]], [[[-15.8007086, 28.0184128], [-15.8007687, 28.0182461], [-15.8009146, 28.0184734], [-15.8007086, 28.0184128]]], [[[-15.7205599, 28.0725451], [-15.7206715, 28.0727496], [-15.7205599, 28.0729011], [-15.7204312, 28.0726739], [-15.7205599, 28.0725451]]], [[[-15.7186116, 28.0749459], [-15.7185601, 28.0747187], [-15.7188433, 28.0746657], [-15.7188691, 28.0749837], [-15.7186116, 28.0749459]]], [[[-15.7184142, 28.0754533], [-15.7182683, 28.0758546], [-15.7178391, 28.0759834], [-15.7177876, 28.0757562], [-15.7184142, 28.0754533]]], [[[-15.4656528, 28.1273927], [-15.4657598, 28.1273633], [-15.465756, 28.1274448], [-15.4655744, 28.1274025], [-15.4656528, 28.1273927]]], [[[-15.4599981, 28.1285126], [-15.4600169, 28.128381], [-15.460202, 28.1283426], [-15.4601149, 28.1285203], [-15.4599981, 28.1285126]]], [[[-15.464587, 28.1284396], [-15.4645698, 28.1286062], [-15.4643896, 28.1286364], [-15.4645698, 28.1282731], [-15.464587, 28.1284396]]], [[[-15.4636257, 28.1289165], [-15.4636343, 28.1289998], [-15.463557, 28.1290528], [-15.463497, 28.1289922], [-15.4636257, 28.1289165]]], [[[-15.4641922, 28.1289165], [-15.464278, 28.12903], [-15.4642094, 28.1291057], [-15.464072, 28.1290452], [-15.4641922, 28.1289165]]], [[[-15.4635828, 28.1292193], [-15.4637201, 28.1289998], [-15.4638317, 28.1290452], [-15.463866, 28.129136], [-15.4635828, 28.1292193]]], [[[-15.4581926, 28.1291057], [-15.4581325, 28.129189], [-15.458081, 28.1290679], [-15.4581926, 28.1291057]]], [[[-15.4627502, 28.1293328], [-15.4627502, 28.1291739], [-15.4628961, 28.1290906], [-15.4629047, 28.1292874], [-15.4627502, 28.1293328]]], [[[-15.4571455, 28.1298702], [-15.4566992, 28.1300595], [-15.4575231, 28.129522], [-15.4571455, 28.1298702]]], [[[-15.449395, 28.132527], [-15.4494067, 28.1322185], [-15.4496569, 28.1321788], [-15.4497469, 28.1322924], [-15.449395, 28.132527]]], [[[-15.4417428, 28.1371204], [-15.4418287, 28.1370144], [-15.4423007, 28.1367874], [-15.4423351, 28.1368933], [-15.4417428, 28.1371204]]], [[[-15.4414081, 28.1373172], [-15.4414939, 28.1373777], [-15.4413308, 28.1374837], [-15.4414081, 28.1373172]]], [[[-15.4413223, 28.1379], [-15.4412107, 28.1378243], [-15.4414939, 28.1378016], [-15.4413223, 28.1379]]], [[[-15.4405246, 28.1381683], [-15.440825, 28.1380093], [-15.4410567, 28.1379791], [-15.4409967, 28.1381229], [-15.4405246, 28.1381683]]], [[[-15.4397075, 28.1390132], [-15.4397116, 28.1391469], [-15.4395284, 28.1391307], [-15.4395785, 28.1390021], [-15.4397075, 28.1390132]]], [[[-15.4381683, 28.1417451], [-15.4361176, 28.1443458], [-15.4356574, 28.1446813], [-15.438919, 28.1401857], [-15.4381683, 28.1417451]]], [[[-15.7046075, 28.1423144], [-15.7045841, 28.1426892], [-15.7043139, 28.1426602], [-15.7042074, 28.1425145], [-15.7046075, 28.1423144]]], [[[-15.4337955, 28.145223], [-15.4337494, 28.1451074], [-15.4343243, 28.1446956], [-15.4341461, 28.1449857], [-15.4337955, 28.145223]]], [[[-15.49631, 28.1470359], [-15.4960525, 28.1469073], [-15.496207, 28.1463472], [-15.4963959, 28.1468089], [-15.49631, 28.1470359]]], [[[-15.4959667, 28.1467105], [-15.4959581, 28.1468618], [-15.4958466, 28.1468618], [-15.495838, 28.1467635], [-15.4959667, 28.1467105]]], [[[-15.4968594, 28.1467862], [-15.4969194, 28.1467635], [-15.4969452, 28.1469602], [-15.4968594, 28.1467862]]], [[[-15.4969109, 28.1473992], [-15.4969452, 28.1472932], [-15.4969881, 28.1473916], [-15.4969109, 28.1473992]]], [[[-15.6058472, 28.148383], [-15.60583, 28.1485117], [-15.6057356, 28.1484738], [-15.6057184, 28.1483754], [-15.6058472, 28.148383]]], [[[-15.6094006, 28.1486176], [-15.6095808, 28.1484965], [-15.6096409, 28.1485571], [-15.6095722, 28.1486403], [-15.6094006, 28.1486176]]], [[[-15.5101288, 28.1486933], [-15.5100344, 28.1488901], [-15.5099829, 28.1485117], [-15.5101288, 28.1485722], [-15.5101288, 28.1486933]]], [[[-15.6059759, 28.1488295], [-15.6059759, 28.1486782], [-15.6061304, 28.1486555], [-15.6061991, 28.1487841], [-15.6059759, 28.1488295]]], [[[-15.5102575, 28.1489052], [-15.5103691, 28.1488144], [-15.5105064, 28.1488447], [-15.5103777, 28.1490339], [-15.5102575, 28.1489052]]], [[[-15.4341478, 28.1539055], [-15.4343378, 28.1539784], [-15.4342803, 28.1541314], [-15.4340162, 28.154039], [-15.4341478, 28.1539055]]], [[[-15.5295608, 28.1555345], [-15.5293291, 28.1554437], [-15.5293806, 28.1553453], [-15.5296123, 28.1554437], [-15.5295608, 28.1555345]]], [[[-15.6983727, 28.1639159], [-15.698244, 28.1642942], [-15.6979178, 28.164332], [-15.6979865, 28.1639915], [-15.6983727, 28.1639159]]], [[[-15.6577404, 28.164388], [-15.6577061, 28.1642518], [-15.6579206, 28.1642594], [-15.6579206, 28.1643729], [-15.6577404, 28.164388]]], [[[-15.6487968, 28.1664916], [-15.6488398, 28.1665975], [-15.6487196, 28.1667337], [-15.6485737, 28.1665899], [-15.6487968, 28.1664916]]], [[[-15.4141443, 28.1793011], [-15.4143331, 28.1794298], [-15.4142731, 28.1795584], [-15.4141872, 28.179513], [-15.4141443, 28.1793011]]], [[[-15.4068487, 28.1805344], [-15.406411, 28.1795811], [-15.4079473, 28.1797324], [-15.4073809, 28.17974], [-15.4068487, 28.1805344]]], [[[-16.3755815, 28.2916878], [-16.3759955, 28.2910626], [-16.3761802, 28.2910877], [-16.3753795, 28.2921377], [-16.3755815, 28.2916878]]], [[[-16.1837266, 28.5081691], [-16.1818641, 28.508727], [-16.1806839, 28.5086516], [-16.1882263, 28.5035887], [-16.1837266, 28.5081691]]], [[[-16.3723362, 28.5469098], [-16.3723731, 28.5468815], [-16.3723867, 28.5469777], [-16.372337, 28.5469763], [-16.3723362, 28.5469098]]], [[[-16.275637, 28.5726868], [-16.2755951, 28.5724633], [-16.2759027, 28.5724118], [-16.2759111, 28.5725984], [-16.275637, 28.5726868]]], [[[-16.1610327, 28.5928288], [-16.16059, 28.5938796], [-16.1585898, 28.5944986], [-16.1588685, 28.5911877], [-16.1610327, 28.5928288]]], [[[-16.1574914, 28.6038406], [-16.1555076, 28.6053951], [-16.1546223, 28.6051504], [-16.1575078, 28.6016383], [-16.1574914, 28.6038406]]], [[[-15.3809986, 27.8609352], [-15.3812904, 27.8608745], [-15.3822431, 27.8614588], [-15.3812561, 27.8618382], [-15.3809986, 27.8609352]]], [[[-15.3836377, 27.8624432], [-15.3836207, 27.8625291], [-15.3835153, 27.8625116], [-15.3835247, 27.8624544], [-15.3836377, 27.8624432]]], [[[-15.3593038, 27.9397248], [-15.3588471, 27.9392486], [-15.3588302, 27.9390989], [-15.3596642, 27.9393194], [-15.3593038, 27.9397248]]], [[[-15.3633715, 27.9912094], [-15.3634488, 27.9909139], [-15.3637063, 27.9910503], [-15.3635604, 27.991073], [-15.3633715, 27.9912094]]], [[[-15.3641354, 27.9918158], [-15.3641869, 27.9920128], [-15.3640496, 27.9920356], [-15.3640496, 27.9919295], [-15.3641354, 27.9918158]]], [[[-15.3641097, 27.9921113], [-15.36435, 27.9921113], [-15.3644358, 27.9922781], [-15.3638951, 27.9922326], [-15.3641097, 27.9921113]]], [[[-15.384958, 28.027378], [-15.3850603, 28.0275784], [-15.3846061, 28.0276887], [-15.3848715, 28.0273401], [-15.384958, 28.027378]]], [[[-15.3847224, 28.027931], [-15.3852453, 28.0274727], [-15.3857538, 28.0275432], [-15.3853072, 28.02808], [-15.3847224, 28.027931]]], [[[-15.3867063, 28.0297559], [-15.3866384, 28.0294128], [-15.3869744, 28.0293115], [-15.3870297, 28.0296756], [-15.3867063, 28.0297559]]], [[[-15.4016731, 28.1701992], [-15.4014662, 28.1701483], [-15.4016474, 28.1700478], [-15.4016731, 28.1701992]]], [[[-15.4037416, 28.1707061], [-15.403673, 28.1706077], [-15.4037931, 28.1705472], [-15.4038532, 28.1706304], [-15.4037416, 28.1707061]]], [[[-15.4024542, 28.1710542], [-15.4026258, 28.1706077], [-15.4034326, 28.1704261], [-15.4028833, 28.1710315], [-15.4024542, 28.1710542]]], [[[-15.4019306, 28.1709825], [-15.4016645, 28.1709558], [-15.4016388, 28.1708045], [-15.4018705, 28.1708045], [-15.4019306, 28.1709825]]], [[[-15.4021194, 28.1723556], [-15.4019049, 28.1724388], [-15.4017847, 28.1723329], [-15.4021795, 28.1721361], [-15.4021194, 28.1723556]]], [[[-13.8613949, 28.3867067], [-13.8613415, 28.3869534], [-13.8606203, 28.3870551], [-13.8615134, 28.3864766], [-13.8613949, 28.3867067]]], [[[-13.8616062, 28.3869462], [-13.8616983, 28.387005], [-13.8615502, 28.3870876], [-13.8615095, 28.3869984], [-13.8616062, 28.3869462]]], [[[-13.8617233, 28.3872471], [-13.8617182, 28.3871727], [-13.861797, 28.3871583], [-13.8617707, 28.3872518], [-13.8617233, 28.3872471]]], [[[-13.8603735, 28.3879581], [-13.8604164, 28.3882819], [-13.8601997, 28.3883812], [-13.8601297, 28.388258], [-13.8603735, 28.3879581]]], [[[-13.8604932, 28.3885222], [-13.8604684, 28.388409], [-13.8605745, 28.3884189], [-13.8605745, 28.3885083], [-13.8604932, 28.3885222]]], [[[-13.860579, 28.3887189], [-13.8605406, 28.3886653], [-13.8606242, 28.3886295], [-13.860658, 28.3886593], [-13.860579, 28.3887189]]], [[[-14.0898371, 28.4951448], [-14.066655, 28.5509724], [-14.0333453, 28.593133], [-14.0386683, 28.6152563], [-14.0092841, 28.6755512], [-14.0186828, 28.694656], [-14.015533, 28.7159241], [-14.0062628, 28.7106312], [-13.9771077, 28.7347653], [-13.8912936, 28.7571943], [-13.8741467, 28.7428066], [-13.8650055, 28.7457212], [-13.8634565, 28.7314365], [-13.84258, 28.7262696], [-13.8308948, 28.6939102], [-13.8224983, 28.5931526], [-13.8434828, 28.5036231], [-13.8549908, 28.4910307], [-13.8563878, 28.4988995], [-13.8577559, 28.4985877], [-13.8677208, 28.4807315], [-13.85722, 28.4616187], [-13.8628119, 28.4366606], [-13.8500265, 28.4213935], [-13.8498651, 28.4006936], [-13.8860882, 28.325328], [-13.8953262, 28.3239599], [-13.9008012, 28.2758399], [-13.9100797, 28.2738565], [-13.9258763, 28.2427364], [-13.9468005, 28.2282749], [-13.9874825, 28.2279383], [-14.0128088, 28.2077319], [-14.0734397, 28.2015817], [-14.2190225, 28.1651238], [-14.2524188, 28.1164164], [-14.3315643, 28.0439541], [-14.4773654, 28.0777943], [-14.5091245, 28.0669895], [-14.4924023, 28.0844049], [-14.4992142, 28.1010432], [-14.4913386, 28.11042], [-14.4810177, 28.099955], [-14.4421918, 28.1004088], [-14.3688185, 28.1182265], [-14.3076302, 28.148898], [-14.2228919, 28.2147982], [-14.2082757, 28.2601042], [-14.2142386, 28.2877809], [-14.204027, 28.3278801], [-14.1622212, 28.3687117], [-14.1473387, 28.4385667], [-14.1004878, 28.4752081], [-14.0898371, 28.4951448]]], [[[-13.8175345, 28.7363596], [-13.818043, 28.735635], [-13.8181701, 28.7373629], [-13.8177021, 28.7364154], [-13.8175345, 28.7363596]]], [[[-13.814416, 28.765988], [-13.8157068, 28.736568], [-13.825722, 28.7420138], [-13.8308783, 28.739763], [-13.8358191, 28.752574], [-13.814416, 28.765988]]], [[[-13.5446936, 28.9534327], [-13.544049, 28.9540697], [-13.5438766, 28.9540813], [-13.5440372, 28.9528667], [-13.5446936, 28.9534327]]], [[[-13.5456386, 28.9535268], [-13.5457534, 28.9530849], [-13.5502471, 28.9523809], [-13.5482151, 28.9546328], [-13.5456386, 28.9535268]]], [[[-13.554718, 28.9552404], [-13.5534139, 28.9544337], [-13.5520163, 28.9546476], [-13.5541608, 28.9540525], [-13.554718, 28.9552404]]], [[[-13.547446, 28.9561526], [-13.5485518, 28.9555679], [-13.5487826, 28.9563203], [-13.5481163, 28.9568494], [-13.547446, 28.9561526]]], [[[-13.5474121, 28.958039], [-13.5471594, 28.957826], [-13.5474353, 28.9575339], [-13.5476625, 28.9576475], [-13.5474121, 28.958039]]], [[[-13.5447344, 28.9583063], [-13.544025, 28.9582582], [-13.5438372, 28.9581385], [-13.5451958, 28.9577008], [-13.5447344, 28.9583063]]], [[[-13.8764237, 28.8587343], [-13.8819901, 28.8864937], [-13.8581591, 28.8974238], [-13.828984, 28.9304052], [-13.8300778, 29.006896], [-13.7935777, 29.0520137], [-13.752128, 29.0790479], [-13.7072758, 29.0798234], [-13.6567652, 29.1127894], [-13.6583379, 29.1237321], [-13.6331013, 29.1158429], [-13.5968785, 29.1363761], [-13.5594496, 29.1155617], [-13.545239, 29.1196956], [-13.5242684, 29.1417028], [-13.5222463, 29.1687297], [-13.4970709, 29.2182234], [-13.4703078, 29.2410032], [-13.4659728, 29.2265692], [-13.4235647, 29.2085346], [-13.4280076, 29.1555625], [-13.4646825, 29.1277837], [-13.4475174, 29.0891551], [-13.4665686, 29.0551104], [-13.4647247, 29.0191875], [-13.4862031, 28.9925528], [-13.5235567, 28.9770433], [-13.5250762, 28.9756117], [-13.5281178, 28.9641894], [-13.5304372, 28.9607942], [-13.5297255, 28.9734816], [-13.5426052, 28.9622418], [-13.5336167, 28.9680724], [-13.5350395, 28.9615164], [-13.5969839, 28.9486872], [-13.64383, 28.9192588], [-13.6907211, 28.9199644], [-13.7360213, 28.9068212], [-13.7490303, 28.87451], [-13.7872053, 28.8383842], [-13.8020757, 28.8589292], [-13.8764237, 28.8587343]]], [[[-13.4922959, 29.2432001], [-13.5014755, 29.2266128], [-13.533898, 29.2165667], [-13.5479651, 29.2223008], [-13.5459989, 29.2324548], [-13.5261493, 29.2423192], [-13.5112188, 29.2907328], [-13.4725381, 29.2687567], [-13.4922959, 29.2432001]]], [[[-13.3397559, 29.274913], [-13.337386, 29.2779107], [-13.3349714, 29.2774029], [-13.3389819, 29.274169], [-13.3397559, 29.274913]]], [[[-13.3323407, 29.2777549], [-13.3321614, 29.2779304], [-13.3320145, 29.27778], [-13.3321964, 29.2776051], [-13.3323407, 29.2777549]]], [[[-13.5393043, 29.2885488], [-13.5391903, 29.2886868], [-13.5386217, 29.2884879], [-13.5390066, 29.2883967], [-13.5393043, 29.2885488]]], [[[-13.5396154, 29.2907068], [-13.5401586, 29.3023043], [-13.530284, 29.3049941], [-13.5316104, 29.2908986], [-13.5396154, 29.2907068]]], [[[-13.5278212, 29.3104452], [-13.5272063, 29.3117877], [-13.5265958, 29.3117494], [-13.5267071, 29.3104421], [-13.5278212, 29.3104452]]], [[[-13.5162994, 29.3858827], [-13.5294194, 29.3857048], [-13.523941, 29.4107459], [-13.5184986, 29.4101], [-13.5057679, 29.4160647], [-13.488948, 29.405091], [-13.5066601, 29.3846607], [-13.5162994, 29.3858827]]], [[[-13.53173, 29.4006441], [-13.5317172, 29.4008002], [-13.5314741, 29.4006062], [-13.5315662, 29.4005036], [-13.53173, 29.4006441]]], [[[-13.5165445, 29.4128631], [-13.5162656, 29.4129635], [-13.5160275, 29.4128408], [-13.5161069, 29.4127138], [-13.5165445, 29.4128631]]], [[[-13.5152187, 29.4126469], [-13.5158535, 29.4126045], [-13.5160378, 29.4129501], [-13.5165394, 29.4133247], [-13.5152187, 29.4126469]]]]}}, {"type": "Feature", "properties": {"name": "Extremadura", "admin_level": "4", "iso": "ES-EX"}, "geometry": {"type": "Polygon", "coordinates": [[[-6.9167128, 40.2561205], [-6.8762449, 40.2599889], [-6.8648892, 40.270277], [-6.834522, 40.2475802], [-6.8066916, 40.2415208], [-6.8021591, 40.2495591], [-6.7834969, 40.2493881], [-6.7556025, 40.2389235], [-6.7514439, 40.2502169], [-6.7185753, 40.2692011], [-6.6901371, 40.2426625], [-6.6717528, 40.2632324], [-6.587022, 40.2707212], [-6.5561755, 40.2907769], [-6.5604104, 40.329049], [-6.5362841, 40.3472443], [-6.4675432, 40.372322], [-6.4383151, 40.3727728], [-6.4396466, 40.3815774], [-6.4188258, 40.39929], [-6.3713963, 40.4018736], [-6.3618659, 40.407087], [-6.3655504, 40.4223718], [-6.3446429, 40.4427756], [-6.2753261, 40.458516], [-6.2312683, 40.4866514], [-6.1990957, 40.4818371], [-6.1804391, 40.4621956], [-6.1544917, 40.4545403], [-6.1470166, 40.4361182], [-6.1161265, 40.4415855], [-6.1294842, 40.4207877], [-6.0649877, 40.3969125], [-6.0845519, 40.3904549], [-6.0720166, 40.3869802], [-6.0861892, 40.3780098], [-6.0822391, 40.3631906], [-6.1055765, 40.3567742], [-6.0160164, 40.3402916], [-6.0195844, 40.3226442], [-6.0059392, 40.3058051], [-5.9377824, 40.2810666], [-5.9171737, 40.2776972], [-5.8842447, 40.3266045], [-5.8549779, 40.338374], [-5.8471278, 40.328047], [-5.7993371, 40.3537506], [-5.7819923, 40.3124558], [-5.8027354, 40.297633], [-5.7931445, 40.2867048], [-5.7649913, 40.280779], [-5.7375829, 40.2941518], [-5.692685, 40.2921382], [-5.6567186, 40.2704293], [-5.6600217, 40.2577969], [-5.6492199, 40.2497488], [-5.6220208, 40.2459098], [-5.6145407, 40.2183267], [-5.5411656, 40.1959022], [-5.4709315, 40.2078816], [-5.4291178, 40.2526352], [-5.3956708, 40.2503241], [-5.3444304, 40.2647862], [-5.369691, 40.2183405], [-5.3684017, 40.1639557], [-5.3354846, 40.1152037], [-5.3690106, 40.1000853], [-5.3738576, 40.0593221], [-5.3623803, 40.0128205], [-5.365144, 39.9829186], [-5.4061096, 39.8777291], [-5.3236126, 39.8917266], [-5.2840487, 39.8638747], [-5.312588, 39.8242748], [-5.3163838, 39.7711336], [-5.3079368, 39.7597277], [-5.253877, 39.7521813], [-5.2061758, 39.7976629], [-5.1671983, 39.8001594], [-5.1584587, 39.7596613], [-5.1744037, 39.7552104], [-5.1377938, 39.7149989], [-5.1518552, 39.6960091], [-5.1564032, 39.6738974], [-5.1491227, 39.6658161], [-5.1624231, 39.6553438], [-5.1617645, 39.642437], [-5.206625, 39.5972324], [-5.1237882, 39.521594], [-5.0828882, 39.4900801], [-5.0588894, 39.4894162], [-5.0265838, 39.4503616], [-4.9503336, 39.3934616], [-4.9351457, 39.3959857], [-4.9020021, 39.3745034], [-4.8706535, 39.3680221], [-4.8114141, 39.3971543], [-4.7748104, 39.397772], [-4.7560147, 39.4163868], [-4.6871726, 39.450357], [-4.6692691, 39.4171709], [-4.7041766, 39.3644786], [-4.7066604, 39.327726], [-4.7610118, 39.3207892], [-4.7336811, 39.2525427], [-4.7135485, 39.2443172], [-4.7076146, 39.2099044], [-4.6478928, 39.1668663], [-4.7425488, 39.1945198], [-4.7736401, 39.1895003], [-4.8102735, 39.1994155], [-4.8322225, 39.1750782], [-4.8315591, 39.1642313], [-4.853171, 39.1524376], [-4.8568716, 39.1232758], [-4.8744037, 39.1004336], [-4.8584164, 39.0768305], [-4.8269351, 39.0641188], [-4.8327928, 39.0461596], [-4.8799875, 39.0324249], [-4.9351338, 39.056418], [-4.9625045, 39.0587267], [-4.9336696, 38.9755761], [-4.9182212, 38.9570448], [-4.9050718, 38.9633061], [-4.8816861, 38.949224], [-4.8324046, 38.9393787], [-4.8473194, 38.8824026], [-4.9111844, 38.8925225], [-4.943484, 38.8543784], [-4.961241, 38.7884498], [-4.9899936, 38.7397576], [-5.0388323, 38.7333111], [-5.0991898, 38.7076528], [-5.1845046, 38.7196955], [-5.1673216, 38.6804689], [-5.1857639, 38.6741698], [-5.1842331, 38.6597278], [-5.1968759, 38.667303], [-5.1999838, 38.6565673], [-5.2084845, 38.667697], [-5.2147452, 38.6485669], [-5.2237754, 38.6567121], [-5.2229079, 38.648349], [-5.2474605, 38.6398427], [-5.2544283, 38.6257247], [-5.292237, 38.610808], [-5.3102305, 38.593578], [-5.3085138, 38.5776186], [-5.3717481, 38.5835717], [-5.375686, 38.5682647], [-5.3898069, 38.5621747], [-5.3835766, 38.5559495], [-5.3927203, 38.5534835], [-5.3831689, 38.5404782], [-5.4069316, 38.5436954], [-5.4186174, 38.5127297], [-5.4794883, 38.4846783], [-5.4844546, 38.46339], [-5.5039325, 38.4566591], [-5.5192146, 38.4634675], [-5.5689203, 38.4325914], [-5.585066, 38.3858432], [-5.5592478, 38.3668849], [-5.5756477, 38.3291064], [-5.5555284, 38.3177342], [-5.5443984, 38.2823315], [-5.5259576, 38.2641237], [-5.5204269, 38.2075671], [-5.5387073, 38.2006046], [-5.5396729, 38.1606854], [-5.5758599, 38.1496433], [-5.5847885, 38.1317056], [-5.6334321, 38.1381215], [-5.693631, 38.0837398], [-5.7349, 38.0862554], [-5.7407373, 38.1265391], [-5.6947105, 38.1503459], [-5.7056525, 38.1623795], [-5.7052063, 38.1692554], [-5.6943195, 38.1710896], [-5.6842428, 38.157064], [-5.688612, 38.1818773], [-5.6989528, 38.1809192], [-5.6940135, 38.1856549], [-5.7138289, 38.1855058], [-5.7282596, 38.1970901], [-5.7564055, 38.1799739], [-5.7817354, 38.1856257], [-5.7990472, 38.174132], [-5.8515233, 38.1719061], [-5.8562365, 38.1616644], [-5.8773762, 38.1557151], [-5.8806646, 38.1322808], [-5.9125188, 38.1229716], [-5.9263778, 38.1050128], [-5.9293042, 38.0892086], [-5.9108098, 38.0781989], [-5.9089819, 38.0628462], [-5.9342242, 38.0468745], [-5.9327612, 38.0307653], [-5.9534399, 37.9942326], [-6.051709, 37.9968419], [-6.118724, 37.9804782], [-6.1802399, 37.941026], [-6.2015168, 37.9620623], [-6.2340099, 37.9580197], [-6.2525758, 37.9715891], [-6.3036253, 37.9783368], [-6.3527063, 38.0073977], [-6.3672465, 38.048919], [-6.4139025, 38.058563], [-6.4524392, 38.0559591], [-6.4436088, 38.0469572], [-6.4696204, 38.03112], [-6.4725954, 38.0164649], [-6.4653219, 38.0112113], [-6.4765601, 38.0078344], [-6.5456933, 38.0281188], [-6.5835807, 38.0212847], [-6.580529, 38.052772], [-6.6221042, 38.0970077], [-6.6492971, 38.0900218], [-6.6886668, 38.1002318], [-6.7150406, 38.092491], [-6.7197503, 38.1006203], [-6.7328181, 38.0899543], [-6.7700874, 38.099456], [-6.7700547, 38.1121132], [-6.8083397, 38.1112377], [-6.815815, 38.1201379], [-6.7995403, 38.143798], [-6.7950924, 38.1785411], [-6.8581185, 38.1798541], [-6.9024835, 38.2018061], [-6.9378216, 38.2068536], [-6.936251, 38.2205599], [-6.9465068, 38.2117235], [-6.9565825, 38.2169717], [-6.9720295, 38.2021146], [-6.9808835, 38.2113481], [-7.0111802, 38.2044545], [-7.0103352, 38.195802], [-7.0285989, 38.1825147], [-7.043336, 38.1872828], [-7.0593688, 38.1777393], [-7.0564447, 38.1858654], [-7.0664887, 38.1864071], [-7.0851138, 38.1691881], [-7.1398484, 38.2354077], [-7.1505718, 38.2758472], [-7.1696845, 38.2792835], [-7.2022532, 38.329032], [-7.2721677, 38.3958989], [-7.2797481, 38.4196768], [-7.3167952, 38.4401743], [-7.3358476, 38.4358199], [-7.2985611, 38.4696047], [-7.3004307, 38.482955], [-7.3215722, 38.4782695], [-7.3145518, 38.5138758], [-7.3026256, 38.5210857], [-7.3033608, 38.5431018], [-7.2843473, 38.5755], [-7.2639052, 38.587869], [-7.2600481, 38.6108884], [-7.2435947, 38.6240238], [-7.2655783, 38.6273131], [-7.272498, 38.638406], [-7.2594205, 38.724199], [-7.2119347, 38.7453455], [-7.1286073, 38.8137589], [-7.0963726, 38.8159665], [-7.0686067, 38.8541998], [-7.0392438, 38.8646812], [-7.0330217, 38.878825], [-7.052181, 38.9069534], [-7.0274451, 38.9229414], [-6.9511303, 39.0235981], [-6.9678061, 39.039491], [-6.9594164, 39.0544706], [-6.9809035, 39.0878208], [-7.0325771, 39.1173223], [-7.105334, 39.0992002], [-7.1440249, 39.1086327], [-7.1494276, 39.1216462], [-7.1361428, 39.1444556], [-7.1346674, 39.1711983], [-7.2078963, 39.1873187], [-7.2414598, 39.2082552], [-7.2480184, 39.2533756], [-7.2314717, 39.2782585], [-7.3074855, 39.3361093], [-7.3105391, 39.3690326], [-7.3228162, 39.3812944], [-7.3026328, 39.4122133], [-7.3086132, 39.4303175], [-7.294261, 39.4568276], [-7.343811, 39.4781357], [-7.3477655, 39.4879908], [-7.362489, 39.4813945], [-7.3818811, 39.4912366], [-7.3906854, 39.529717], [-7.4302586, 39.5345092], [-7.4612119, 39.5727886], [-7.4993118, 39.5896451], [-7.5100581, 39.618789], [-7.5273877, 39.6348715], [-7.5272799, 39.6555401], [-7.5416802, 39.6636796], [-7.4555235, 39.6623614], [-7.4029905, 39.6463515], [-7.3751628, 39.6507768], [-7.3336756, 39.6408465], [-7.2515217, 39.6668106], [-7.1513497, 39.6530719], [-7.1228361, 39.6637838], [-7.0649798, 39.6580516], [-7.0155162, 39.6704277], [-6.9872701, 39.7275948], [-6.9939429, 39.7402999], [-6.9871823, 39.7631902], [-6.9768326, 39.772321], [-6.9894682, 39.7946728], [-6.9872041, 39.8100272], [-6.9708975, 39.8250494], [-6.9483838, 39.8275264], [-6.9294728, 39.8541322], [-6.9035912, 39.8707055], [-6.8995293, 39.9107189], [-6.9065842, 39.9238181], [-6.8849537, 39.9406919], [-6.8885364, 39.9609816], [-6.8795673, 39.9718411], [-6.8866801, 39.9793506], [-6.8637851, 40.0120092], [-6.8772473, 40.0181679], [-6.8809297, 40.0416751], [-6.8971703, 40.0520872], [-6.8922891, 40.0602584], [-6.9172509, 40.0661391], [-6.9207858, 40.0870738], [-6.9429784, 40.103982], [-6.94087, 40.1125095], [-6.9866155, 40.1190924], [-6.9930117, 40.1124873], [-7.0129358, 40.12613], [-7.0212356, 40.1439752], [-7.0142716, 40.1493379], [-7.0220232, 40.167458], [-7.0164865, 40.176464], [-7.0299725, 40.1863898], [-7.0126908, 40.2254578], [-6.9985178, 40.2352185], [-6.9659435, 40.2369062], [-6.9514177, 40.2575728], [-6.9167128, 40.2561205]]]}}, {"type": "Feature", "properties": {"name": "Castilla-La Mancha", "admin_level": "4", "iso": "ES-CM"}, "geometry": {"type": "MultiPolygon", "coordinates": [[[[-5.3344275, 40.1151158], [-5.314062, 40.1069164], [-5.2153108, 40.1078468], [-5.2035182, 40.0834336], [-5.1716159, 40.0848197], [-5.1414107, 40.091751], [-5.1011331, 40.1272253], [-5.0877716, 40.1243229], [-5.0669852, 40.1509195], [-5.0173299, 40.1590068], [-5.0061122, 40.1301809], [-5.0133441, 40.1110557], [-4.9547796, 40.1213837], [-4.9562928, 40.1333478], [-4.9254541, 40.1360358], [-4.9179601, 40.1537811], [-4.9246772, 40.1699903], [-4.8354108, 40.2125045], [-4.8076748, 40.2353186], [-4.8182455, 40.2547737], [-4.8034692, 40.2752653], [-4.7615901, 40.2609022], [-4.7423346, 40.2746325], [-4.7286038, 40.2705165], [-4.6981414, 40.2821925], [-4.6941475, 40.2663867], [-4.7028891, 40.2613846], [-4.6872038, 40.2496057], [-4.6936809, 40.2410699], [-4.6872581, 40.2120023], [-4.6539974, 40.1982123], [-4.6169082, 40.2002137], [-4.5790058, 40.2174034], [-4.5751707, 40.2070774], [-4.5197468, 40.2021076], [-4.5097376, 40.2194087], [-4.4374476, 40.2376891], [-4.4356825, 40.2593146], [-4.3840559, 40.2891506], [-4.3811912, 40.3183378], [-4.3569018, 40.3096523], [-4.3482257, 40.2366093], [-4.3354202, 40.2388028], [-4.3216118, 40.2251233], [-4.3079033, 40.2334682], [-4.3062665, 40.2216847], [-4.2959216, 40.2190892], [-4.2706888, 40.2335404], [-4.2454266, 40.2739326], [-4.2037729, 40.2690039], [-4.2038592, 40.2871473], [-4.1905502, 40.2970057], [-4.1702693, 40.2883296], [-4.1637427, 40.2699358], [-4.1440767, 40.2642669], [-4.1451184, 40.2451212], [-4.1042445, 40.2417976], [-4.0804894, 40.2664996], [-4.0719762, 40.2651013], [-4.0516375, 40.2511164], [-4.0237285, 40.2490873], [-4.0259866, 40.2366526], [-3.992443, 40.209719], [-3.9529491, 40.2123211], [-3.9498357, 40.1891804], [-3.9313533, 40.203965], [-3.9102494, 40.1898259], [-3.8763487, 40.1911368], [-3.8350918, 40.161283], [-3.8060795, 40.1774892], [-3.7843096, 40.162701], [-3.7718707, 40.1395762], [-3.7451242, 40.1326428], [-3.722448, 40.1479148], [-3.6910609, 40.1327437], [-3.6673116, 40.1432901], [-3.6556388, 40.124469], [-3.6081248, 40.1096339], [-3.6143605, 40.0995253], [-3.6040463, 40.0940207], [-3.6085947, 40.0845888], [-3.6281803, 40.0764768], [-3.6172613, 40.0686791], [-3.6206301, 40.0561108], [-3.6368069, 40.0519776], [-3.6480108, 40.0342025], [-3.6663776, 40.0353391], [-3.6854393, 40.0141627], [-3.7000902, 40.0197217], [-3.7364446, 39.9765033], [-3.7464493, 39.9808297], [-3.7373301, 39.968424], [-3.7240431, 39.9710215], [-3.7275391, 39.9648181], [-3.7435972, 39.9615984], [-3.7601293, 39.9715343], [-3.7552788, 39.9500327], [-3.7699818, 39.9489449], [-3.7589475, 39.9578562], [-3.7646026, 39.9661532], [-3.7892381, 39.9549953], [-3.7877583, 39.9465431], [-3.8068991, 39.9552963], [-3.824753, 39.9471579], [-3.8309396, 39.9303328], [-3.8390825, 39.9424346], [-3.8748829, 39.929168], [-3.8689256, 39.9049376], [-3.8353259, 39.900281], [-3.8147929, 39.8857517], [-3.8042287, 39.8846264], [-3.7559968, 39.9216202], [-3.7449217, 39.9406214], [-3.7113719, 39.9550227], [-3.6978266, 39.9470143], [-3.6620158, 39.9661811], [-3.6350144, 39.9661791], [-3.6381403, 39.9887763], [-3.5954155, 40.0014373], [-3.5900005, 40.0133939], [-3.5198823, 40.0208745], [-3.5172777, 40.0406624], [-3.5066987, 40.0487948], [-3.4699508, 40.0407882], [-3.4483761, 40.049644], [-3.4456777, 40.0373111], [-3.4251732, 40.0470019], [-3.394154, 40.0354826], [-3.3921061, 40.0480045], [-3.3757338, 40.0517241], [-3.3776906, 40.0744151], [-3.3358121, 40.0816655], [-3.3028592, 40.0536641], [-3.2749075, 40.0474265], [-3.2650275, 40.0571707], [-3.2579098, 40.0507357], [-3.2552521, 40.0579853], [-3.2014537, 40.0602976], [-3.2076667, 40.0637374], [-3.1749857, 40.0909723], [-3.1663763, 40.0912731], [-3.1613765, 40.0651255], [-3.1182156, 40.0614204], [-3.0922093, 40.0689516], [-3.0529852, 40.0993846], [-3.0723725, 40.1311344], [-3.0967648, 40.1423977], [-3.089328, 40.1629516], [-3.0678652, 40.1578968], [-3.0857746, 40.186248], [-3.0798477, 40.2274009], [-3.0983265, 40.273046], [-3.1095068, 40.2851863], [-3.1273603, 40.279311], [-3.1615276, 40.2552688], [-3.1731848, 40.234161], [-3.1957015, 40.2477395], [-3.1835547, 40.2692734], [-3.1807385, 40.3117745], [-3.1412769, 40.3512712], [-3.1534429, 40.3677969], [-3.1387953, 40.3760045], [-3.1442736, 40.3874396], [-3.1304752, 40.4050599], [-3.156021, 40.4391826], [-3.1987253, 40.442307], [-3.2017153, 40.5157627], [-3.2497913, 40.5437234], [-3.289667, 40.5317028], [-3.2970003, 40.5373149], [-3.2818307, 40.5524068], [-3.2883624, 40.5586105], [-3.2833514, 40.5714482], [-3.3105732, 40.5795587], [-3.3304636, 40.5973956], [-3.3218441, 40.6115459], [-3.3376126, 40.6253927], [-3.3233996, 40.6301268], [-3.3149875, 40.6492305], [-3.3174362, 40.6542778], [-3.3434083, 40.6373304], [-3.3654388, 40.6479295], [-3.3731199, 40.6785077], [-3.3932845, 40.6927017], [-3.4050074, 40.6701038], [-3.4260176, 40.6826403], [-3.4269602, 40.6727183], [-3.4419146, 40.6742747], [-3.4686852, 40.6900154], [-3.4344941, 40.7287689], [-3.4506822, 40.7357877], [-3.4433985, 40.7608148], [-3.4658712, 40.7842568], [-3.5106571, 40.788617], [-3.4912271, 40.7994033], [-3.4767424, 40.8245075], [-3.4794241, 40.837928], [-3.4704191, 40.844334], [-3.4767694, 40.8514967], [-3.4677405, 40.8564883], [-3.4732309, 40.8644204], [-3.4408663, 40.8761061], [-3.4403301, 40.8919269], [-3.4602125, 40.8985607], [-3.4609265, 40.9073681], [-3.4448987, 40.907647], [-3.4472065, 40.9224028], [-3.4337068, 40.9375522], [-3.4181868, 40.9875783], [-3.3946285, 41.0002545], [-3.4382847, 41.0426073], [-3.4258636, 41.0834244], [-3.4483169, 41.0806756], [-3.4888556, 41.0945005], [-3.509106, 41.1364326], [-3.541106, 41.1496647], [-3.5397744, 41.165012], [-3.5162221, 41.1623004], [-3.5006749, 41.1790964], [-3.4662306, 41.1831399], [-3.4441537, 41.2153405], [-3.4011854, 41.2135645], [-3.3995004, 41.2545429], [-3.4115227, 41.2607073], [-3.4145854, 41.2655786], [-3.4156412, 41.2721145], [-3.4151465, 41.2731972], [-3.4097793, 41.2606234], [-3.3363502, 41.2530315], [-3.3236213, 41.261742], [-3.2901677, 41.2579298], [-3.2757591, 41.2750345], [-3.2742654, 41.2602654], [-3.2542643, 41.2583832], [-3.2312445, 41.2948675], [-3.1997547, 41.3044292], [-3.0619009, 41.273427], [-3.0180148, 41.2891154], [-2.9501314, 41.292637], [-2.9411908, 41.3139364], [-2.9066681, 41.3276322], [-2.868988, 41.3170559], [-2.8668881, 41.274465], [-2.8222452, 41.2566146], [-2.7755111, 41.2500835], [-2.7616269, 41.274064], [-2.7164584, 41.2755865], [-2.7095461, 41.2519809], [-2.6702555, 41.2371925], [-2.6460146, 41.2402103], [-2.6291981, 41.215215], [-2.6239001, 41.2237371], [-2.5894859, 41.2245382], [-2.5937413, 41.2002053], [-2.6220664, 41.1879882], [-2.5774928, 41.1786633], [-2.5953144, 41.1502533], [-2.5755771, 41.1394717], [-2.5425291, 41.150668], [-2.5365104, 41.1625254], [-2.5173565, 41.1478717], [-2.5088508, 41.1188571], [-2.4822607, 41.1162723], [-2.4694663, 41.07811], [-2.4297443, 41.0722898], [-2.4189099, 41.0577056], [-2.3553291, 41.0864536], [-2.3234072, 41.0565078], [-2.2935813, 41.0712548], [-2.2635435, 41.0675354], [-2.2321466, 41.0970115], [-2.1752981, 41.0837549], [-2.1318553, 41.1180978], [-2.0564342, 41.0696907], [-2.0481792, 41.0783784], [-2.0656222, 41.0957893], [-2.0476172, 41.1526524], [-1.9590169, 41.1724862], [-1.9324467, 41.1385901], [-1.8905707, 41.1333212], [-1.8692523, 41.1079103], [-1.8032915, 41.0898945], [-1.7577516, 41.0550744], [-1.7471342, 41.0338988], [-1.6174492, 40.9437328], [-1.6079037, 40.9276199], [-1.6259744, 40.8986779], [-1.6213916, 40.8804], [-1.5423344, 40.8112187], [-1.5399082, 40.7607334], [-1.5620171, 40.7397517], [-1.5533357, 40.7058802], [-1.5356379, 40.6870188], [-1.5389917, 40.6580905], [-1.5648562, 40.6147424], [-1.5455151, 40.5951953], [-1.5987493, 40.5620539], [-1.6781006, 40.5909523], [-1.6932848, 40.5776485], [-1.6896392, 40.5664906], [-1.701624, 40.5410957], [-1.692512, 40.4868239], [-1.7485999, 40.4628966], [-1.7854337, 40.4131832], [-1.8006431, 40.414216], [-1.8064422, 40.3981311], [-1.775552, 40.3899087], [-1.7420839, 40.3491319], [-1.6974705, 40.3206021], [-1.7068398, 40.3136025], [-1.7201516, 40.3185074], [-1.7294595, 40.3029077], [-1.7212204, 40.2787001], [-1.7123238, 40.278295], [-1.7076953, 40.2971259], [-1.6903457, 40.3096601], [-1.5404792, 40.1908041], [-1.5109025, 40.2037152], [-1.4744168, 40.1850423], [-1.4392133, 40.1970132], [-1.4423657, 40.1575971], [-1.4562131, 40.1309538], [-1.4075965, 40.1014029], [-1.4202856, 40.0935144], [-1.3768596, 40.0164992], [-1.3357751, 40.0166728], [-1.249456, 39.9951032], [-1.1681974, 40.0105854], [-1.1473518, 39.9885967], [-1.1445362, 39.9701731], [-1.2082588, 39.9447665], [-1.2089667, 39.9281599], [-1.19586, 39.9139295], [-1.2000437, 39.8587059], [-1.2150036, 39.8087743], [-1.2754093, 39.7386406], [-1.2619953, 39.6989071], [-1.2795803, 39.6778886], [-1.3078524, 39.6708171], [-1.3685346, 39.6896148], [-1.4179317, 39.6549358], [-1.4617963, 39.5769057], [-1.5209496, 39.5500853], [-1.5025645, 39.5465684], [-1.5072171, 39.5078606], [-1.4990598, 39.4997049], [-1.5036601, 39.4914978], [-1.5124541, 39.4962689], [-1.5050554, 39.4877045], [-1.5125576, 39.4832328], [-1.503223, 39.4793467], [-1.5133915, 39.4582678], [-1.5289156, 39.4545999], [-1.5184708, 39.4489442], [-1.52085, 39.4315221], [-1.4967628, 39.4290348], [-1.5045528, 39.4167034], [-1.4826624, 39.4217768], [-1.4881378, 39.4006296], [-1.4705675, 39.4075088], [-1.4667912, 39.4012152], [-1.4772671, 39.3937123], [-1.4682833, 39.3903418], [-1.4527371, 39.3986685], [-1.4523094, 39.3838016], [-1.4675468, 39.3827605], [-1.4481359, 39.3782653], [-1.4538919, 39.3608082], [-1.4321074, 39.3774792], [-1.4320155, 39.3640899], [-1.4236256, 39.3639946], [-1.4211579, 39.3819132], [-1.4083222, 39.3718774], [-1.3967877, 39.3752418], [-1.4077875, 39.3657792], [-1.3837264, 39.3662311], [-1.3845365, 39.3542577], [-1.3654736, 39.355101], [-1.3356957, 39.3330311], [-1.3326679, 39.3410087], [-1.3131575, 39.3432961], [-1.2971304, 39.3301957], [-1.2737462, 39.3331969], [-1.2508438, 39.3225023], [-1.2471541, 39.3285736], [-1.2233277, 39.3161118], [-1.2086484, 39.3263562], [-1.198322, 39.3137811], [-1.1650033, 39.3105123], [-1.1796174, 39.2130523], [-1.197066, 39.1767327], [-1.226997, 39.1517067], [-1.2395744, 39.1139036], [-1.2555659, 39.1057118], [-1.2693574, 39.0513766], [-1.2266212, 39.0252546], [-1.147164, 38.9291081], [-1.0345946, 38.9344481], [-0.9993331, 38.9494543], [-0.9594103, 38.944582], [-0.9565245, 38.9201229], [-0.9242479, 38.8916216], [-0.9351121, 38.8555761], [-0.9235911, 38.8238301], [-0.9337156, 38.810776], [-0.9289381, 38.7838337], [-0.9614287, 38.7747916], [-0.9157933, 38.6959646], [-0.9624664, 38.6569253], [-1.0341036, 38.6565662], [-1.1156011, 38.711387], [-1.1196718, 38.7377187], [-1.1836351, 38.7550852], [-1.2497572, 38.7386137], [-1.2844438, 38.70664], [-1.3440691, 38.6771019], [-1.3666661, 38.7040018], [-1.402218, 38.6907967], [-1.4476866, 38.6495174], [-1.4520011, 38.5814598], [-1.4876951, 38.5633094], [-1.4987327, 38.5320561], [-1.4798701, 38.4798351], [-1.4785473, 38.3763832], [-1.58954, 38.3099941], [-1.6702464, 38.3116494], [-1.6927315, 38.3378205], [-1.6815113, 38.3495724], [-1.6875574, 38.3658255], [-1.7019429, 38.3749254], [-1.7172989, 38.3636496], [-1.7435138, 38.3812904], [-1.7538386, 38.3734072], [-1.7707217, 38.3789296], [-1.7711431, 38.3648576], [-1.7957543, 38.370268], [-1.7843031, 38.3561543], [-1.8110251, 38.3513729], [-1.8219018, 38.3362528], [-1.8542401, 38.3302202], [-1.9075365, 38.2979618], [-1.9826298, 38.2813709], [-2.0489918, 38.3057827], [-2.113728, 38.2382027], [-2.1690538, 38.2264409], [-2.212939, 38.2030223], [-2.2616497, 38.1129593], [-2.3269757, 38.0686927], [-2.3416322, 38.0260005], [-2.3573405, 38.0225002], [-2.4234124, 38.0337021], [-2.5512964, 38.0840922], [-2.4741228, 38.1557774], [-2.4680259, 38.17319], [-2.4459014, 38.1841907], [-2.4544114, 38.2161775], [-2.4398345, 38.2335075], [-2.4460265, 38.2448126], [-2.4344367, 38.2648729], [-2.4409396, 38.2857589], [-2.4852059, 38.3002556], [-2.4780011, 38.3486639], [-2.4921577, 38.3720139], [-2.4825598, 38.3971432], [-2.5575372, 38.4036988], [-2.5714233, 38.4125084], [-2.5779055, 38.4260605], [-2.5664468, 38.4605087], [-2.5768313, 38.4764992], [-2.5666241, 38.4904664], [-2.5978597, 38.5126913], [-2.6796923, 38.4969212], [-2.7705185, 38.5324928], [-2.7794984, 38.5098006], [-2.7874048, 38.5155327], [-2.7924205, 38.5026813], [-2.831969, 38.4865683], [-2.8310638, 38.4764555], [-2.837581, 38.4843683], [-2.8401079, 38.4772343], [-2.8542621, 38.4789867], [-2.8797421, 38.4631602], [-2.8814901, 38.4526449], [-2.9057876, 38.4699074], [-2.9635863, 38.4714544], [-2.9935087, 38.4501194], [-3.0017133, 38.4083212], [-3.0649664, 38.4782477], [-3.1382883, 38.4385768], [-3.2794235, 38.4602439], [-3.3052582, 38.4792761], [-3.3264924, 38.4821209], [-3.375012, 38.475235], [-3.376684, 38.439596], [-3.4248236, 38.4067992], [-3.4516984, 38.4003184], [-3.5284427, 38.408641], [-3.5418885, 38.4453849], [-3.583076, 38.4514689], [-3.5858456, 38.405602], [-3.5982362, 38.3984741], [-3.6204716, 38.3939878], [-3.7300076, 38.4243669], [-3.7390641, 38.4137571], [-3.7856122, 38.4252687], [-3.830056, 38.4127959], [-3.8305612, 38.3929029], [-3.8542845, 38.3751407], [-3.9151203, 38.3688142], [-4.156557, 38.3813249], [-4.2577836, 38.4015773], [-4.2768002, 38.3902061], [-4.26887, 38.347171], [-4.2873303, 38.3427613], [-4.3205262, 38.3623713], [-4.3893658, 38.3860519], [-4.4064487, 38.3831268], [-4.4351731, 38.4022349], [-4.4529876, 38.4008711], [-4.5126913, 38.4638545], [-4.5353086, 38.4699945], [-4.5414879, 38.4818986], [-4.559138, 38.476889], [-4.5662971, 38.4909414], [-4.5936911, 38.4863816], [-4.6090167, 38.4950211], [-4.6227793, 38.5237937], [-4.6629343, 38.5462365], [-4.7039502, 38.553171], [-4.7073663, 38.5719456], [-4.7875445, 38.5970524], [-4.8212081, 38.5964884], [-4.8601709, 38.6139787], [-4.8688802, 38.6809344], [-4.8769699, 38.6860941], [-4.9408699, 38.681528], [-5.0045996, 38.6950951], [-5.0080252, 38.7152289], [-5.0469484, 38.7290874], [-4.9899936, 38.7397576], [-4.961241, 38.7884498], [-4.943484, 38.8543784], [-4.9111844, 38.8925225], [-4.8473194, 38.8824026], [-4.8311303, 38.9356115], [-4.9050718, 38.9633061], [-4.9182212, 38.9570448], [-4.9336696, 38.9755761], [-4.9625045, 39.0587267], [-4.9351338, 39.056418], [-4.8799875, 39.0324249], [-4.8327928, 39.0461596], [-4.8269351, 39.0641188], [-4.8584164, 39.0768305], [-4.8744037, 39.1004336], [-4.8568716, 39.1232758], [-4.853171, 39.1524376], [-4.8315591, 39.1642313], [-4.8322225, 39.1750782], [-4.8102735, 39.1994155], [-4.7736401, 39.1895003], [-4.7425488, 39.1945198], [-4.6478928, 39.1668663], [-4.7076146, 39.2099044], [-4.7135485, 39.2443172], [-4.7336811, 39.2525427], [-4.7610118, 39.3207892], [-4.7066604, 39.327726], [-4.7041766, 39.3644786], [-4.6690249, 39.4234649], [-4.6904435, 39.4512674], [-4.7748104, 39.397772], [-4.8114141, 39.3971543], [-4.8706535, 39.3680221], [-4.9020021, 39.3745034], [-4.9343951, 39.3957189], [-4.9503336, 39.3934616], [-4.9980648, 39.4266445], [-5.0525211, 39.4842864], [-5.083894, 39.4906658], [-5.2020696, 39.5920216], [-5.2052426, 39.5999074], [-5.1504993, 39.6628446], [-5.1521904, 39.6947867], [-5.1377938, 39.7149989], [-5.1744037, 39.7552104], [-5.1584587, 39.7596613], [-5.1671983, 39.8001594], [-5.2061758, 39.7976629], [-5.253877, 39.7521813], [-5.3079368, 39.7597277], [-5.3163838, 39.7711336], [-5.312588, 39.8242748], [-5.2840487, 39.8638747], [-5.3236126, 39.8917266], [-5.4061096, 39.8777291], [-5.365144, 39.9829186], [-5.3623803, 40.0128205], [-5.3738576, 40.0593221], [-5.3690106, 40.1000853], [-5.3344275, 40.1151158]]], [[[-3.3724843, 40.6261584], [-3.3821342, 40.6304709], [-3.3636046, 40.6384226], [-3.3636652, 40.6316027], [-3.3724843, 40.6261584]]]]}}, {"type": "Feature", "properties": {"name": "Catalunya", "admin_level": "4", "iso": "ES-CT"}, "geometry": {"type": "MultiPolygon", "coordinates": [[[[0.7076776, 40.6353043], [0.7075118, 40.6351744], [0.7072186, 40.6353238], [0.7075867, 40.6356373], [0.7076776, 40.6353043]]], [[[0.8624567, 40.723782], [0.8625532, 40.7229988], [0.861293, 40.7236082], [0.8617413, 40.7240359], [0.8624567, 40.723782]]], [[[0.8563473, 40.7303032], [0.8602804, 40.7297047], [0.8646592, 40.7258176], [0.8630328, 40.7248951], [0.8563473, 40.7303032]]], [[[0.85479, 40.7295692], [0.8518207, 40.7292745], [0.851344, 40.7298537], [0.8539724, 40.7304571], [0.85479, 40.7295692]]], [[[0.7223895, 40.7783907], [0.722775, 40.7785355], [0.7228867, 40.7781111], [0.7227604, 40.7780669], [0.7223895, 40.7783907]]], [[[0.7340884, 40.7862585], [0.7347858, 40.7859214], [0.7348475, 40.7858076], [0.7341957, 40.785832], [0.7340884, 40.7862585]]], [[[0.7325327, 40.786422], [0.7324992, 40.7862879], [0.7322431, 40.7863682], [0.7323678, 40.7866047], [0.7325327, 40.786422]]], [[[0.733898, 40.7870993], [0.7337075, 40.7875115], [0.734826, 40.7867398], [0.7344505, 40.7867824], [0.733898, 40.7870993]]], [[[0.7342574, 40.7875146], [0.734126, 40.7876344], [0.7346168, 40.7873947], [0.7344317, 40.7874282], [0.7342574, 40.7875146]]], [[[0.7349199, 40.7875846], [0.7345779, 40.7877694], [0.734527, 40.7878395], [0.7348756, 40.7878253], [0.7349199, 40.7875846]]], [[[0.7332945, 40.7872231], [0.730741, 40.7865692], [0.72896, 40.7878831], [0.7316744, 40.7892153], [0.7332945, 40.7872231]]], [[[0.7356337, 40.8236387], [0.7356834, 40.8235749], [0.7356337, 40.823497], [0.7356199, 40.8236878], [0.7356337, 40.8236387]]], [[[0.7359363, 40.8236993], [0.7359569, 40.823652], [0.7358472, 40.8236844], [0.7358735, 40.8237378], [0.7359363, 40.8236993]]], [[[0.7355911, 40.8238265], [0.7356341, 40.8237463], [0.7356238, 40.8237087], [0.735562, 40.8238281], [0.7355797, 40.8238775], [0.7355911, 40.8238265]]], [[[0.7358595, 40.8238211], [0.7359219, 40.8238527], [0.7359673, 40.8238537], [0.7359243, 40.8237459], [0.7358595, 40.8238211]]], [[[0.7565817, 40.8469415], [0.7564759, 40.8465254], [0.755887, 40.8469395], [0.7561673, 40.8471058], [0.7565817, 40.8469415]]], [[[0.7950499, 40.8741777], [0.7951408, 40.8741214], [0.7951417, 40.8741142], [0.7950239, 40.8741279], [0.7950499, 40.8741777]]], [[[0.8080458, 40.8869645], [0.808035, 40.8869199], [0.807967, 40.8869529], [0.8079949, 40.8869685], [0.8080458, 40.8869645]]], [[[1.3711379, 41.1302915], [1.37109, 41.1302609], [1.3699975, 41.130142], [1.3710805, 41.1304085], [1.3711379, 41.1302915]]], [[[1.789671, 41.2254879], [1.7895046, 41.2255167], [1.7895022, 41.2256496], [1.7897312, 41.2256571], [1.789671, 41.2254879]]], [[[2.1701858, 41.3276972], [2.1727995, 41.3170503], [2.1693732, 41.3263405], [2.1695084, 41.3381988], [2.171992, 41.3492329], [2.1830123, 41.3652225], [2.1701858, 41.3276972]]], [[[2.2229802, 41.4050582], [2.2234685, 41.4052588], [2.221987, 41.4034954], [2.2220035, 41.4036635], [2.2229802, 41.4050582]]], [[[2.2282232, 41.4084658], [2.2269806, 41.4084051], [2.2277526, 41.4096238], [2.2277673, 41.4086312], [2.2282232, 41.4084658]]], [[[1.396855, 42.6680493], [1.4137267, 42.6555555], [1.4204281, 42.6249356], [1.4428628, 42.6015039], [1.4271866, 42.5821532], [1.4449787, 42.5681995], [1.4252275, 42.5579616], [1.4135781, 42.5353776], [1.450724, 42.540077], [1.4683999, 42.509996], [1.4077997, 42.486294], [1.4410304, 42.4754801], [1.4472306, 42.4394407], [1.5128402, 42.4289027], [1.5510875, 42.4326182], [1.5611409, 42.4586557], [1.5788543, 42.449886], [1.5976114, 42.4676186], [1.6535853, 42.4673114], [1.6632468, 42.4926328], [1.7038417, 42.4895387], [1.725891, 42.5026989], [1.729967, 42.4923862], [1.8042982, 42.4903593], [1.8803818, 42.4602744], [1.891171, 42.4477154], [1.9370504, 42.4536822], [1.9409035, 42.4299848], [1.958638, 42.4241194], [1.9654349, 42.3809183], [2.0160531, 42.3471021], [2.0329016, 42.3580581], [2.0846708, 42.3617626], [2.0894569, 42.3738497], [2.1167823, 42.3832668], [2.1148482, 42.3945884], [2.1326316, 42.4145402], [2.1676294, 42.4248996], [2.2064819, 42.4174253], [2.2569345, 42.4386996], [2.2910138, 42.4236431], [2.3122698, 42.4286308], [2.3608496, 42.4028421], [2.4334266, 42.3932986], [2.4354769, 42.3753168], [2.4547565, 42.3696573], [2.4812199, 42.3407709], [2.532811, 42.3327551], [2.5515445, 42.341093], [2.5545398, 42.3546736], [2.5711551, 42.3584997], [2.6716925, 42.3407507], [2.675244, 42.3571387], [2.6514838, 42.3857506], [2.671249, 42.3868357], [2.6741366, 42.405195], [2.7339308, 42.4247315], [2.7547745, 42.425454], [2.7769019, 42.4118976], [2.8002853, 42.4193192], [2.815378, 42.4398717], [2.8266306, 42.4388007], [2.8390674, 42.4594089], [2.8616296, 42.4550124], [2.8704552, 42.467438], [2.9184408, 42.4561786], [2.9470577, 42.4821294], [2.9674678, 42.4652315], [3.0405513, 42.4745774], [3.0468787, 42.45734], [3.085199, 42.4258439], [3.1208801, 42.4381865], [3.1746523, 42.4351759], [3.1605035, 42.4280969], [3.1709509, 42.4164185], [3.1560746, 42.4073052], [3.1648708, 42.4010675], [3.1526739, 42.393184], [3.1669918, 42.3896744], [3.1551601, 42.3799223], [3.1650452, 42.3742972], [3.1630625, 42.3602735], [3.1878689, 42.3518037], [3.1965112, 42.3349599], [3.2034408, 42.3470506], [3.2292386, 42.351562], [3.2499009, 42.3296501], [3.2676118, 42.3404346], [3.2861385, 42.3254196], [3.3222496, 42.3194542], [3.2865511, 42.3035876], [3.2929998, 42.3016981], [3.2862134, 42.2932478], [3.2992649, 42.2844857], [3.2760671, 42.2870244], [3.2878244, 42.2656874], [3.2815474, 42.2537839], [3.2536144, 42.2525096], [3.2643847, 42.2378823], [3.229629, 42.251566], [3.2179446, 42.2323879], [3.1970077, 42.2467903], [3.182287, 42.2454763], [3.1806293, 42.2578542], [3.1633642, 42.2643948], [3.1352255, 42.2478549], [3.113123, 42.209773], [3.1128837, 42.1647447], [3.1236751, 42.1284409], [3.1260561, 42.1269938], [3.1338512, 42.12794], [3.1367043, 42.1265104], [3.1382365, 42.1156201], [3.1497684, 42.1211604], [3.1768705, 42.1114665], [3.1694167, 42.1054518], [3.181801, 42.105274], [3.2120906, 42.0686227], [3.2121176, 42.0541473], [3.1974253, 42.0461428], [3.1958304, 42.0110692], [3.2104362, 41.9736147], [3.2313272, 41.9690413], [3.2334713, 41.9503531], [3.2178791, 41.9424999], [3.2095487, 41.9020245], [3.182631, 41.887284], [3.1767738, 41.8663513], [3.1516322, 41.8620027], [3.1291609, 41.8411287], [3.10215, 41.8449953], [3.0710969, 41.8184084], [3.0556962, 41.7871151], [3.0298712, 41.7796275], [3.0301867, 41.7708522], [2.9770558, 41.7575025], [2.9350766, 41.7152546], [2.8196583, 41.6890057], [2.7915738, 41.6723664], [2.7745751, 41.6485854], [2.5554414, 41.5793661], [2.462912, 41.543217], [2.3706516, 41.4887131], [2.2649911, 41.4580113], [2.2408448, 41.4360134], [2.2420027, 41.4320944], [2.2341963, 41.4215822], [2.2334688, 41.4150891], [2.2298426, 41.40902], [2.2329449, 41.414695], [2.2274828, 41.4154591], [2.1983267, 41.3868849], [2.1853612, 41.3577346], [2.1892317, 41.3665742], [2.184664, 41.3807064], [2.1669062, 41.347144], [2.1509158, 41.3464852], [2.144278, 41.3347455], [2.1488238, 41.3299727], [2.1568435, 41.342293], [2.1662391, 41.3411711], [2.1427242, 41.2992863], [2.1528835, 41.2963423], [2.1651549, 41.3177778], [2.1676165, 41.3113238], [2.1530146, 41.2959562], [2.1386323, 41.2993691], [2.0240988, 41.2663215], [1.9212883, 41.2595201], [1.8657845, 41.2364943], [1.814671, 41.235832], [1.7436337, 41.2183021], [1.7382181, 41.2107555], [1.7297356, 41.2057613], [1.7371808, 41.211319], [1.7357758, 41.2159178], [1.7291942, 41.2079592], [1.6983312, 41.2079968], [1.6074976, 41.1836364], [1.5142559, 41.1778445], [1.459509, 41.1631701], [1.401791, 41.1326786], [1.2966825, 41.1274214], [1.254966, 41.1113853], [1.2460906, 41.1002484], [1.2134828, 41.0786393], [1.2489084, 41.1088682], [1.2258876, 41.1052533], [1.222728, 41.0961235], [1.2233497, 41.1044733], [1.2334138, 41.1080541], [1.2228691, 41.1061131], [1.2126423, 41.0992121], [1.2160794, 41.0901716], [1.2048172, 41.0957192], [1.2141913, 41.0871065], [1.1988493, 41.0940125], [1.2063556, 41.0832383], [1.1919031, 41.0878117], [1.1960965, 41.0827133], [1.1706133, 41.054697], [1.1262701, 41.0748496], [1.0837706, 41.0616732], [1.0497044, 41.063843], [0.9867568, 41.0407391], [0.9410284, 41.0065408], [0.9308381, 40.9883095], [0.9154447, 40.9873786], [0.8622157, 40.9470894], [0.7921129, 40.8665004], [0.7492718, 40.8437596], [0.7413677, 40.8233657], [0.7009916, 40.8069063], [0.7089362, 40.7860233], [0.7293093, 40.7697992], [0.7624508, 40.7617586], [0.7827276, 40.7676889], [0.7245344, 40.7873531], [0.7325756, 40.7925802], [0.7657715, 40.7925039], [0.8275442, 40.7344796], [0.8610401, 40.736864], [0.8667392, 40.7298795], [0.8662499, 40.7273279], [0.8600655, 40.7326345], [0.8458767, 40.7282594], [0.8648817, 40.720731], [0.8729472, 40.7300921], [0.8765027, 40.716673], [0.8625228, 40.6902443], [0.754404, 40.638555], [0.7008327, 40.5800372], [0.6678302, 40.559445], [0.617001, 40.5523219], [0.5920101, 40.5787085], [0.7075113, 40.5906575], [0.7456033, 40.6361469], [0.6928065, 40.6398252], [0.6655599, 40.6254612], [0.654008, 40.6266717], [0.6440971, 40.6229153], [0.6078596, 40.623575], [0.6078389, 40.6231442], [0.6048301, 40.62316], [0.60052, 40.6216257], [0.6004334, 40.6207562], [0.6018311, 40.6219827], [0.6038154, 40.6225891], [0.6050058, 40.6227564], [0.6078568, 40.6229467], [0.6085005, 40.6166022], [0.6065428, 40.6227776], [0.5932082, 40.616298], [0.6046745, 40.6090897], [0.5906368, 40.6130726], [0.5479187, 40.5742924], [0.5565461, 40.571509], [0.5381546, 40.5674862], [0.5146896, 40.5229822], [0.4477053, 40.5418453], [0.4334116, 40.5653794], [0.4439444, 40.5782233], [0.4027573, 40.6019791], [0.3370058, 40.6087766], [0.2788298, 40.6300581], [0.2659532, 40.6447706], [0.2678311, 40.6590014], [0.29184, 40.6885527], [0.2617742, 40.7061545], [0.2366988, 40.7016914], [0.2259678, 40.7332357], [0.1842131, 40.7273639], [0.1594133, 40.750486], [0.1756968, 40.7411295], [0.1764396, 40.7541863], [0.1894246, 40.7491202], [0.2116363, 40.7677748], [0.2299666, 40.7674332], [0.2335699, 40.7869927], [0.279896, 40.8202082], [0.2555224, 40.8454917], [0.2555293, 40.8737961], [0.2387012, 40.8839387], [0.2549887, 40.9211876], [0.2718774, 40.9329481], [0.2716672, 40.9449791], [0.2935008, 40.970561], [0.2821207, 40.9724582], [0.2684689, 40.9983024], [0.2747618, 41.0063103], [0.258635, 41.0146305], [0.2796583, 41.0201668], [0.2461145, 41.0412377], [0.2322024, 41.0348757], [0.2331039, 41.0471157], [0.2177437, 41.0436554], [0.2304472, 41.0552959], [0.2177946, 41.0637911], [0.2209373, 41.0825343], [0.2007002, 41.084943], [0.209092, 41.116673], [0.2009413, 41.1260803], [0.2198323, 41.1324249], [0.213948, 41.1372995], [0.2478786, 41.1301416], [0.2529901, 41.1501527], [0.3019962, 41.1609885], [0.3212153, 41.2240499], [0.340307, 41.2310625], [0.3608634, 41.2255196], [0.3646047, 41.2386757], [0.3813112, 41.2364297], [0.3737091, 41.2493509], [0.3856642, 41.2788442], [0.3666098, 41.3013232], [0.3683137, 41.318627], [0.3484359, 41.3288709], [0.3744159, 41.351788], [0.3612255, 41.3697519], [0.3200173, 41.3941813], [0.3439001, 41.4154777], [0.3446715, 41.4364953], [0.3567778, 41.4516547], [0.3386124, 41.4810831], [0.3971302, 41.4902492], [0.4472831, 41.5424762], [0.4297497, 41.5652422], [0.4360237, 41.5847676], [0.4286028, 41.6021734], [0.4023685, 41.5925301], [0.3496084, 41.5987507], [0.3463701, 41.6221789], [0.358398, 41.6317597], [0.3263384, 41.6625173], [0.3260715, 41.6751021], [0.3852894, 41.7395668], [0.3951723, 41.7314888], [0.3988242, 41.7575892], [0.4695081, 41.7662858], [0.4832318, 41.8014631], [0.5154611, 41.8223536], [0.5438754, 41.8208851], [0.554913, 41.8527903], [0.5795484, 41.8511143], [0.5787557, 41.863065], [0.6071595, 41.8717983], [0.5927832, 41.8844151], [0.6009848, 41.9085429], [0.5946596, 41.9174039], [0.6074871, 41.9193153], [0.5618797, 41.9382192], [0.5869281, 41.966776], [0.6055352, 41.9598012], [0.6179497, 41.9889253], [0.638539, 41.9946039], [0.6419278, 41.9820699], [0.657288, 42.0015982], [0.6638393, 42.0149769], [0.6517098, 42.0262506], [0.6567472, 42.0403712], [0.6710384, 42.0463658], [0.6818571, 42.0877799], [0.6995508, 42.1069638], [0.6961061, 42.1520541], [0.7137167, 42.1620941], [0.6987256, 42.1723004], [0.7026188, 42.1900396], [0.7338845, 42.2497622], [0.7447697, 42.3009348], [0.765285, 42.3228503], [0.7438059, 42.3263473], [0.7404304, 42.3366872], [0.7713067, 42.3506427], [0.7222243, 42.3674202], [0.7460967, 42.3847762], [0.7259443, 42.4052328], [0.7357794, 42.4128987], [0.7108801, 42.4355545], [0.7091088, 42.4584192], [0.6904857, 42.4876217], [0.7005007, 42.4959058], [0.7133108, 42.4872524], [0.7396707, 42.5051397], [0.7202707, 42.5130833], [0.7210838, 42.5245098], [0.7353991, 42.5402141], [0.7503909, 42.5347895], [0.740956, 42.5439582], [0.7679358, 42.6097376], [0.7037252, 42.6236988], [0.6955739, 42.6586166], [0.660016, 42.6883796], [0.6771254, 42.6909747], [0.6828406, 42.708933], [0.6697556, 42.7190249], [0.6800937, 42.7234388], [0.663703, 42.7497018], [0.6391775, 42.7549146], [0.6651156, 42.7737112], [0.6448231, 42.7829817], [0.6697108, 42.8038335], [0.6593125, 42.8369184], [0.6788696, 42.8469476], [0.6783411, 42.8550985], [0.7086465, 42.8615226], [0.7677381, 42.8382537], [0.8008625, 42.8406806], [0.8555987, 42.8268301], [0.9262024, 42.7893051], [0.9601001, 42.8059563], [0.9859133, 42.7866239], [1.0479186, 42.7809462], [1.0788848, 42.7883373], [1.1280199, 42.7557064], [1.1331992, 42.7282673], [1.1659432, 42.7088943], [1.2292443, 42.7278269], [1.2523291, 42.7139532], [1.335276, 42.724294], [1.3573622, 42.7197377], [1.3511902, 42.7026079], [1.384711, 42.6909034], [1.3874561, 42.6687125], [1.396855, 42.6680493]]], [[[2.9810118, 41.7580295], [2.9812751, 41.7577887], [2.9807344, 41.7577829], [2.9808841, 41.7580957], [2.9810118, 41.7580295]]], [[[3.1863748, 41.8623222], [3.1864268, 41.8623213], [3.186419, 41.862279], [3.1863485, 41.8622884], [3.1863748, 41.8623222]]], [[[3.1861769, 41.8624206], [3.1861961, 41.8623672], [3.1861201, 41.8623454], [3.1861178, 41.8623596], [3.1861769, 41.8624206]]], [[[3.1863931, 41.862443], [3.1863466, 41.8623995], [3.1862257, 41.8624449], [3.1863086, 41.8625714], [3.1863931, 41.862443]]], [[[3.186171, 41.8625741], [3.1862454, 41.8625829], [3.1862699, 41.8625237], [3.1861473, 41.8624721], [3.186171, 41.8625741]]], [[[3.1852456, 41.8626305], [3.1853114, 41.8628077], [3.1861614, 41.8626216], [3.1860646, 41.8624871], [3.1852456, 41.8626305]]], [[[3.1865271, 41.8626969], [3.1864769, 41.8626716], [3.1864635, 41.8626794], [3.1864914, 41.8627052], [3.1865271, 41.8626969]]], [[[3.1849283, 41.8626816], [3.1849343, 41.8627306], [3.1851256, 41.862776], [3.185139, 41.8626447], [3.1849283, 41.8626816]]], [[[3.1868598, 41.8627376], [3.18685, 41.8627774], [3.1868983, 41.8627968], [3.1868801, 41.862754], [3.1868598, 41.8627376]]], [[[3.1865861, 41.8628425], [3.1865387, 41.8627254], [3.1864001, 41.8627329], [3.1864414, 41.8628328], [3.1865861, 41.8628425]]], [[[3.1790818, 41.8675186], [3.1794113, 41.8672961], [3.1784859, 41.8671895], [3.1788321, 41.8675262], [3.1790818, 41.8675186]]], [[[3.1788613, 41.8676225], [3.1784391, 41.8677856], [3.1789854, 41.8682741], [3.1791184, 41.867716], [3.1788613, 41.8676225]]], [[[3.1591923, 42.3738963], [3.1591191, 42.3740287], [3.1588914, 42.3742437], [3.1591757, 42.3740825], [3.1591923, 42.3738963]]], [[[1.9720123, 42.4841848], [1.9792103, 42.4949539], [1.9929073, 42.4907445], [1.9987048, 42.4852742], [1.9873627, 42.4696621], [2.012787, 42.4483456], [1.9598389, 42.4532269], [1.9630686, 42.4786807], [1.9720123, 42.4841848]]], [[[3.1880773, 41.860884], [3.1881538, 41.8608711], [3.1881891, 41.8608185], [3.1880787, 41.8608326], [3.1880773, 41.860884]]], [[[3.1881493, 41.8608858], [3.1881463, 41.8609187], [3.1881918, 41.8608982], [3.1881882, 41.8608809], [3.1881493, 41.8608858]]], [[[3.1881748, 41.8618146], [3.1881283, 41.8618156], [3.1880915, 41.8618675], [3.1881693, 41.8618757], [3.1881748, 41.8618146]]], [[[3.1875548, 41.8619426], [3.1874496, 41.861972], [3.1873952, 41.8620677], [3.1876976, 41.8619778], [3.1875548, 41.8619426]]], [[[3.1870546, 41.8623835], [3.1870656, 41.8624508], [3.1875678, 41.862432], [3.1871662, 41.8622582], [3.1870546, 41.8623835]]], [[[3.18731, 41.8625671], [3.1873599, 41.8625671], [3.1873814, 41.8625495], [3.1873303, 41.862529], [3.18731, 41.8625671]]], [[[3.1871866, 41.8626004], [3.1871705, 41.8625821], [3.187124, 41.8625823], [3.1871477, 41.8626075], [3.1871866, 41.8626004]]], [[[3.1874765, 41.8626361], [3.1874076, 41.8626493], [3.1875542, 41.8628541], [3.1875805, 41.8626453], [3.1874765, 41.8626361]]], [[[3.1871494, 41.8628724], [3.1873814, 41.8629588], [3.1874125, 41.8627041], [3.1870904, 41.8626721], [3.1871494, 41.8628724]]], [[[3.2266247, 42.0412178], [3.2267185, 42.0413937], [3.2270023, 42.0412555], [3.2269688, 42.0411619], [3.2266247, 42.0412178]]], [[[3.2278995, 42.0418535], [3.2282947, 42.0420413], [3.228777, 42.0417855], [3.2283775, 42.0414178], [3.2278995, 42.0418535]]], [[[3.2271198, 42.0420734], [3.22726, 42.0423075], [3.2276868, 42.0420766], [3.2273087, 42.041783], [3.2271198, 42.0420734]]], [[[3.2256194, 42.042414], [3.2258385, 42.0422125], [3.2257834, 42.0421468], [3.2256097, 42.0422695], [3.2256194, 42.042414]]], [[[3.2250308, 42.0428921], [3.2236626, 42.0444577], [3.2270914, 42.0447995], [3.2271301, 42.0439284], [3.2250308, 42.0428921]]], [[[3.2232982, 42.0449234], [3.2193106, 42.047261], [3.2193041, 42.0488315], [3.2261007, 42.0491147], [3.2232982, 42.0449234]]], [[[3.2246046, 42.0502136], [3.2245896, 42.0502206], [3.2246216, 42.0502479], [3.2246201, 42.0502284], [3.2246046, 42.0502136]]], [[[3.2216648, 42.0518185], [3.2217325, 42.052035], [3.2219484, 42.0516642], [3.2217519, 42.0516712], [3.2216648, 42.0518185]]]]}}, {"type": "Feature", "properties": {"name": "Comunidad de Madrid", "admin_level": "4", "iso": "ES-MD"}, "geometry": {"type": "MultiPolygon", "coordinates": [[[[-3.5834639, 41.1610697], [-3.5397744, 41.165012], [-3.541106, 41.1496647], [-3.509106, 41.1364326], [-3.4888556, 41.0945005], [-3.4483169, 41.0806756], [-3.4258636, 41.0834244], [-3.4382847, 41.0426073], [-3.3946285, 41.0002545], [-3.4181868, 40.9875783], [-3.4337068, 40.9375522], [-3.4472065, 40.9224028], [-3.4448987, 40.907647], [-3.4609265, 40.9073681], [-3.4602125, 40.8985607], [-3.4403301, 40.8919269], [-3.4408663, 40.8761061], [-3.4732309, 40.8644204], [-3.4677405, 40.8564883], [-3.4767694, 40.8514967], [-3.4704191, 40.844334], [-3.4794241, 40.837928], [-3.4767424, 40.8245075], [-3.4912271, 40.7994033], [-3.5106571, 40.788617], [-3.4658712, 40.7842568], [-3.4433985, 40.7608148], [-3.4506822, 40.7357877], [-3.4344941, 40.7287689], [-3.4686852, 40.6900154], [-3.4419146, 40.6742747], [-3.4269602, 40.6727183], [-3.4260176, 40.6826403], [-3.4050074, 40.6701038], [-3.3932845, 40.6927017], [-3.3731199, 40.6785077], [-3.3654388, 40.6479295], [-3.3434083, 40.6373304], [-3.3174362, 40.6542778], [-3.3233996, 40.6301268], [-3.3376126, 40.6253927], [-3.3218441, 40.6115459], [-3.3304636, 40.5973956], [-3.3105732, 40.5795587], [-3.2833514, 40.5714482], [-3.2883624, 40.5586105], [-3.2818307, 40.5524068], [-3.2970003, 40.5373149], [-3.289667, 40.5317028], [-3.2497913, 40.5437234], [-3.2002116, 40.5142248], [-3.1987253, 40.442307], [-3.156021, 40.4391826], [-3.1304752, 40.4050599], [-3.1442736, 40.3874396], [-3.1387953, 40.3760045], [-3.1534429, 40.3677969], [-3.1412769, 40.3512712], [-3.1807385, 40.3117745], [-3.1835547, 40.2692734], [-3.1957015, 40.2477395], [-3.1731848, 40.234161], [-3.1615276, 40.2552688], [-3.1273603, 40.279311], [-3.1095068, 40.2851863], [-3.0985846, 40.2733718], [-3.0798477, 40.2274009], [-3.0857746, 40.186248], [-3.0678652, 40.1578968], [-3.089328, 40.1629516], [-3.0967648, 40.1423977], [-3.0562493, 40.1138481], [-3.0606902, 40.0905652], [-3.1182156, 40.0614204], [-3.1613765, 40.0651255], [-3.1663763, 40.0912731], [-3.1756893, 40.0908902], [-3.2076667, 40.0637374], [-3.2014537, 40.0602976], [-3.2552521, 40.0579853], [-3.2579098, 40.0507357], [-3.2650275, 40.0571707], [-3.2749075, 40.0474265], [-3.3028592, 40.0536641], [-3.3202537, 40.0753846], [-3.3416152, 40.0811171], [-3.3776906, 40.0744151], [-3.3759279, 40.0513898], [-3.3916043, 40.0483886], [-3.4012374, 40.0341678], [-3.4251732, 40.0470019], [-3.4456777, 40.0373111], [-3.4483761, 40.049644], [-3.4699508, 40.0407882], [-3.5066987, 40.0487948], [-3.5209214, 40.0203743], [-3.5900005, 40.0133939], [-3.5954155, 40.0014373], [-3.6381403, 39.9887763], [-3.6350144, 39.9661791], [-3.6620158, 39.9661811], [-3.6978266, 39.9470143], [-3.7113719, 39.9550227], [-3.7449217, 39.9406214], [-3.7559968, 39.9216202], [-3.8042287, 39.8846264], [-3.8689256, 39.9049376], [-3.8748829, 39.929168], [-3.8390825, 39.9424346], [-3.8309396, 39.9303328], [-3.824753, 39.9471579], [-3.8068991, 39.9552963], [-3.7877583, 39.9465431], [-3.7892381, 39.9549953], [-3.7646026, 39.9661532], [-3.7589475, 39.9578562], [-3.7699818, 39.9489449], [-3.7552788, 39.9500327], [-3.7601293, 39.9715343], [-3.7435972, 39.9615984], [-3.7275391, 39.9648181], [-3.7240431, 39.9710215], [-3.7373301, 39.968424], [-3.7464493, 39.9808297], [-3.7364446, 39.9765033], [-3.7000902, 40.0197217], [-3.6854393, 40.0141627], [-3.6663776, 40.0353391], [-3.6480108, 40.0342025], [-3.6368069, 40.0519776], [-3.6206301, 40.0561108], [-3.6172613, 40.0686791], [-3.6281803, 40.0764768], [-3.6085947, 40.0845888], [-3.6040463, 40.0940207], [-3.6143605, 40.0995253], [-3.6081248, 40.1096339], [-3.6556388, 40.124469], [-3.6673116, 40.1432901], [-3.6910609, 40.1327437], [-3.722448, 40.1479148], [-3.7451242, 40.1326428], [-3.7718707, 40.1395762], [-3.7843096, 40.162701], [-3.8060795, 40.1774892], [-3.8350918, 40.161283], [-3.8763487, 40.1911368], [-3.9102494, 40.1898259], [-3.9313533, 40.203965], [-3.9498357, 40.1891804], [-3.9529491, 40.2123211], [-3.992443, 40.209719], [-4.0259866, 40.2366526], [-4.0237285, 40.2490873], [-4.0516375, 40.2511164], [-4.0719762, 40.2651013], [-4.0804894, 40.2664996], [-4.1042445, 40.2417976], [-4.1451184, 40.2451212], [-4.1440767, 40.2642669], [-4.1637427, 40.2699358], [-4.1702693, 40.2883296], [-4.1905502, 40.2970057], [-4.2038592, 40.2871473], [-4.2037729, 40.2690039], [-4.2454266, 40.2739326], [-4.2706888, 40.2335404], [-4.2959216, 40.2190892], [-4.3062665, 40.2216847], [-4.3079033, 40.2334682], [-4.3216118, 40.2251233], [-4.3354202, 40.2388028], [-4.3482257, 40.2366093], [-4.3569018, 40.3096523], [-4.3811912, 40.3183378], [-4.3840559, 40.2891506], [-4.4356825, 40.2593146], [-4.4381315, 40.2372302], [-4.5097376, 40.2194087], [-4.5197468, 40.2021076], [-4.5751707, 40.2070774], [-4.5790058, 40.2174034], [-4.565635, 40.2180355], [-4.5589225, 40.2312791], [-4.5692181, 40.2572027], [-4.5293482, 40.2928121], [-4.5464708, 40.342111], [-4.526413, 40.3449091], [-4.504381, 40.3150991], [-4.455514, 40.3199132], [-4.4606266, 40.3403349], [-4.4397404, 40.3502903], [-4.4425793, 40.3857046], [-4.4218788, 40.4064019], [-4.3210143, 40.4101776], [-4.3242176, 40.4244439], [-4.3404477, 40.4290946], [-4.3163866, 40.4653701], [-4.3272313, 40.5073337], [-4.3211196, 40.531719], [-4.3285707, 40.5347596], [-4.3230004, 40.5511019], [-4.289249, 40.5641861], [-4.278575, 40.6034912], [-4.2900273, 40.6083727], [-4.2899548, 40.627967], [-4.2724416, 40.6290981], [-4.2620782, 40.6055464], [-4.2441003, 40.6023632], [-4.1613602, 40.623446], [-4.1731167, 40.6302756], [-4.171969, 40.6795998], [-4.1441658, 40.6960728], [-4.1160207, 40.7421073], [-4.0969962, 40.7477655], [-4.0964739, 40.764813], [-4.0785574, 40.7888479], [-3.9797234, 40.784168], [-3.9799611, 40.799379], [-3.9621021, 40.822097], [-3.9654998, 40.8379956], [-3.9466132, 40.8654591], [-3.9425065, 40.8887103], [-3.9522994, 40.8936484], [-3.9381863, 40.9264165], [-3.9217665, 40.9299264], [-3.9072158, 40.9552782], [-3.87906, 40.9752994], [-3.8681561, 40.9717592], [-3.7813662, 41.0003151], [-3.7305943, 41.0614635], [-3.6764225, 41.0866323], [-3.6319068, 41.1339342], [-3.5834639, 41.1610697]]], [[[-4.3205429, 40.6489867], [-4.3161979, 40.6667447], [-4.2899463, 40.6805556], [-4.253864, 40.6618782], [-4.2560328, 40.6514678], [-4.3205429, 40.6489867]]]]}}, {"type": "Feature", "properties": {"name": "Ceuta", "admin_level": "4", "iso": "ES-CE"}, "geometry": {"type": "MultiPolygon", "coordinates": [[[[-5.3798585, 35.9092161], [-5.3669071, 35.9179997], [-5.3361167, 35.8943539], [-5.3249869, 35.9008562], [-5.3111744, 35.8959736], [-5.3230369, 35.8985542], [-5.3142635, 35.8932218], [-5.3190468, 35.8899123], [-5.3187761, 35.8867697], [-5.3430643, 35.8708627], [-5.3559371, 35.8731184], [-5.3727136, 35.8834151], [-5.3798585, 35.9092161]]], [[[-5.2788998, 35.9002457], [-5.30056, 35.8862034], [-5.318452, 35.887558], [-5.2884212, 35.9071963], [-5.2837278, 35.9008627], [-5.2788998, 35.9002457]]], [[[-5.2880495, 35.9070121], [-5.2879587, 35.906986], [-5.2880499, 35.9068111], [-5.2880922, 35.9068196], [-5.2880495, 35.9070121]]], [[[-5.2891098, 35.9071891], [-5.2888461, 35.9072374], [-5.2887153, 35.9071697], [-5.2890089, 35.9068566], [-5.2891098, 35.9071891]]], [[[-5.4189674, 35.9154948], [-5.4168149, 35.9162885], [-5.4161558, 35.9124174], [-5.421934, 35.9129008], [-5.4189674, 35.9154948]]]]}}, {"type": "Feature", "properties": {"name": "Melilla", "admin_level": "4", "iso": "ES-ML"}, "geometry": {"type": "MultiPolygon", "coordinates": [[[[-2.9297287, 35.2716814], [-2.9505435, 35.2656282], [-2.968338, 35.2819737], [-2.9600484, 35.3159326], [-2.9520481, 35.320147], [-2.9356345, 35.2947868], [-2.9240696, 35.2925483], [-2.9358057, 35.292081], [-2.9348195, 35.27759], [-2.9249926, 35.2783354], [-2.9297287, 35.2716814]]], [[[-2.9331388, 35.2947772], [-2.9332043, 35.2946876], [-2.9332567, 35.2947197], [-2.9332026, 35.2948774], [-2.9331388, 35.2947772]]]]}}, {"type": "Feature", "properties": {"name": "Espa\u00f1a", "admin_level": "2", "iso": "ES"}, "geometry": {"type": "MultiPolygon", "coordinates": [[[[-18.3873515, 27.7655916], [-18.3534345, 27.8570246], [-18.2900265, 27.9197866], [-18.2274935, 27.9547936], [-18.0449745, 28.0281206], [-17.9372075, 28.0484476], [-17.8410125, 28.0344056], [-17.7507075, 27.9864126], [-17.6804515, 27.8968236], [-17.6546585, 27.8066116], [-17.6742855, 27.7158506], [-17.7906235, 27.5188166], [-17.8338075, 27.4822096], [-17.8837335, 27.4564796], [-17.9796895, 27.4336596], [-18.0814785, 27.4508616], [-18.2550135, 27.5185906], [-18.3154345, 27.5565066], [-18.3537865, 27.5971796], [-18.3830775, 27.6510216], [-18.3935045, 27.7033256], [-18.3873515, 27.7655916]]], [[[-16.0628885, 27.9487406], [-16.0574155, 28.0152666], [-16.0251545, 28.1069476], [-15.8930985, 28.2838246], [-15.8396895, 28.3303226], [-15.7864855, 28.3549606], [-15.7194405, 28.3694436], [-15.4080635, 28.3821496], [-15.3489185, 28.3728536], [-15.2945305, 28.3503126], [-15.2277835, 28.3005456], [-15.1934945, 28.2569426], [-15.1731445, 28.2069636], [-15.1370315, 28.0263326], [-15.1276055, 27.9202916], [-15.1724145, 27.7732566], [-15.2692395, 27.6547306], [-15.4814685, 27.5478686], [-15.5386965, 27.5330106], [-15.6070095, 27.5291576], [-15.7294065, 27.5457366], [-15.7850085, 27.5649036], [-15.9546255, 27.6912896], [-16.0473375, 27.8360226], [-16.0630375, 27.8973666], [-16.0628885, 27.9487406]]], [[[-17.5755105, 28.1420876], [-17.5688485, 28.1948996], [-17.5387275, 28.2671726], [-17.4955245, 28.3293696], [-17.4386475, 28.3738486], [-17.2995995, 28.4176836], [-17.2234395, 28.4159116], [-17.1467745, 28.3955246], [-17.1042945, 28.4760026], [-17.0250785, 28.5375046], [-16.9086365, 28.5829456], [-16.5243475, 28.6993366], [-16.4393925, 28.7507296], [-16.3843905, 28.7724756], [-16.3248625, 28.7809116], [-16.1321385, 28.7826556], [-16.0473495, 28.7691636], [-15.9605715, 28.7172786], [-15.9258485, 28.6738646], [-15.9050735, 28.6239996], [-15.8940235, 28.5099636], [-15.9284185, 28.4226786], [-16.1770865, 28.1788036], [-16.1951395, 28.1443636], [-16.2102875, 28.0732696], [-16.2537265, 28.0086836], [-16.3860345, 27.8758886], [-16.4819625, 27.8259586], [-16.6572905, 27.7923706], [-16.7629215, 27.8021066], [-16.8601825, 27.8522796], [-16.9356175, 27.9477786], [-17.0351625, 27.8659346], [-17.1319295, 27.8255046], [-17.2502025, 27.8124196], [-17.3357595, 27.8267706], [-17.3920465, 27.8492526], [-17.4547325, 27.8901056], [-17.5137685, 27.9473606], [-17.5676985, 28.0349946], [-17.5777865, 28.0873576], [-17.5755105, 28.1420876]]], [[[-18.2265535, 28.8389216], [-18.1940075, 28.8986666], [-18.1259165, 28.9714416], [-18.0438565, 29.0265366], [-17.9744755, 29.0524706], [-17.9035875, 29.0596656], [-17.7354955, 29.0412606], [-17.6656385, 29.0163286], [-17.6187015, 28.9829086], [-17.5127725, 28.8224356], [-17.4917735, 28.7319166], [-17.5415395, 28.4982166], [-17.6538735, 28.3241776], [-17.7309565, 28.2690486], [-17.8323595, 28.2443606], [-17.9348725, 28.2616466], [-18.0235395, 28.3149206], [-18.0765375, 28.3820366], [-18.1039425, 28.4635606], [-18.1350715, 28.5073536], [-18.2266655, 28.6944986], [-18.2373075, 28.7600946], [-18.2265535, 28.8389216]]], [[[-14.6964935, 28.1961236], [-14.6429565, 28.2598176], [-14.3889985, 28.4546776], [-14.2214445, 28.8032046], [-14.0258265, 29.1163556], [-13.7171175, 29.8204496], [-13.6401815, 29.8840216], [-13.5540565, 29.9099366], [-13.4631005, 29.9051016], [-13.3693975, 29.8618426], [-13.3290825, 29.8220176], [-13.2975225, 29.7617136], [-13.2615025, 29.4970496], [-13.1590805, 29.4095066], [-13.1253165, 29.3653816], [-13.1032745, 29.3019686], [-13.1056695, 29.2357136], [-13.2625685, 28.9171846], [-13.3101965, 28.8658286], [-13.4383915, 28.7887076], [-13.5971715, 28.5284096], [-13.6227255, 28.4428196], [-13.6336885, 28.3364736], [-13.6895845, 28.1939016], [-13.7277425, 28.1348716], [-13.7786215, 28.0824956], [-13.8361705, 28.0462346], [-14.2398985, 27.8562286], [-14.3422825, 27.8401296], [-14.5765645, 27.8684276], [-14.6305525, 27.8912526], [-14.6760805, 27.9256986], [-14.7164455, 27.9814766], [-14.7345045, 28.0458126], [-14.7283015, 28.1118856], [-14.6964935, 28.1961236]]], [[[-4.2990466, 35.1702583], [-4.3062208, 35.1736612], [-4.3191069, 35.1988254], [-4.3051114, 35.1979809], [-4.2990466, 35.1702583]]], [[[-3.8636972, 35.2339536], [-3.8831438, 35.2106755], [-3.9048362, 35.2149703], [-3.8946492, 35.2404157], [-3.8458765, 35.2653352], [-3.8636972, 35.2339536]]], [[[-5.4189305, 35.9155314], [-5.4168149, 35.9162885], [-5.4161558, 35.9124174], [-5.421934, 35.9129008], [-5.4189305, 35.9155314]]], [[[-2.4284675, 35.1629186], [-2.4620943, 35.1544314], [-2.4923959, 35.1598182], [-2.4971463, 35.196463], [-2.3953571, 35.1974519], [-2.3972175, 35.1781964], [-2.4284675, 35.1629186]]], [[[-2.7073107, 35.5018831], [-2.6776037, 35.4755768], [-2.6051404, 35.4402296], [-2.9203494, 35.2855744], [-2.9387652, 35.2674952], [-2.9505435, 35.2656282], [-2.968338, 35.2819737], [-2.9600484, 35.3159326], [-2.7073107, 35.5018831]]], [[[-3.0925064, 36.1358637], [-3.0050948, 36.1411852], [-2.9219729, 36.1217802], [-2.8533366, 36.0811809], [-2.8048444, 36.0223574], [-2.7845708, 35.9528768], [-2.7953277, 35.8826311], [-2.8347846, 35.8194428], [-2.8985669, 35.770378], [-2.9980745, 35.7395578], [-3.106657, 35.745838], [-3.2023572, 35.7900422], [-3.2642276, 35.861451], [-3.2834906, 35.9455529], [-3.2571988, 36.0295844], [-3.1899651, 36.0967209], [-3.0925064, 36.1358637]]], [[[0.9188195, 39.0580976], [0.9643645, 39.1139626], [1.0160185, 39.1485206], [1.2481385, 39.2570886], [1.4054265, 39.3026136], [1.5017645, 39.3193676], [1.5700305, 39.3185016], [1.6428255, 39.3020726], [1.7393655, 39.2643656], [1.8034335, 39.2198096], [1.8719235, 39.1413266], [1.8951075, 39.1058336], [1.9113725, 39.0543396], [1.9100935, 39.0019106], [1.8394945, 38.6314896], [1.8207325, 38.5805456], [1.7858475, 38.5351386], [1.7363405, 38.4932786], [1.6318745, 38.4512506], [1.3643585, 38.4374986], [1.2984125, 38.4485696], [1.2383205, 38.4726526], [1.1775825, 38.5185016], [0.9456405, 38.7868356], [0.8984655, 38.9672086], [0.9035385, 39.0200966], [0.9188195, 39.0580976]]], [[[2.0727365, 39.6725346], [2.1034275, 39.7093656], [2.1532725, 39.7475226], [2.4169285, 39.8851946], [2.5027275, 39.9499966], [2.6248815, 40.0204586], [2.8577965, 40.1092106], [3.1352405, 40.1603726], [3.2741125, 40.1593456], [3.3817015, 40.1182246], [3.5293405, 39.9941886], [3.5410995, 40.0587956], [3.5850055, 40.1370016], [3.6219105, 40.1818316], [3.6727335, 40.2177856], [3.7504805, 40.2465616], [4.0522795, 40.2943566], [4.1480115, 40.2872336], [4.2843035, 40.2437926], [4.4537055, 40.1410386], [4.5123775, 40.0758476], [4.5766625, 39.9433576], [4.5910745, 39.8915166], [4.5839005, 39.8255856], [4.5177995, 39.6891566], [4.4464595, 39.6322516], [4.3524745, 39.6007086], [4.2207985, 39.6012326], [3.7410325, 39.7280846], [3.7341945, 39.6690156], [3.6927465, 39.5709246], [3.6248865, 39.4711616], [3.4419045, 39.2418946], [3.1379605, 38.9775166], [3.0674405, 38.9408166], [2.9856045, 38.9237076], [2.8598555, 38.9279686], [2.7673305, 38.9605216], [2.1135515, 39.4281646], [2.0654025, 39.4828156], [2.0417385, 39.5500836], [2.0471755, 39.6196966], [2.0727365, 39.6725346]]], [[[0.9288343, 39.796408], [0.8804488, 39.724326], [0.7990715, 39.6729604], [0.6980153, 39.6506988], [0.589495, 39.6611479], [0.502486, 39.6995657], [0.4392208, 39.7620073], [0.4138177, 39.8256237], [0.4115948, 39.9290688], [0.4545824, 40.0075289], [0.5350739, 40.0647801], [0.6512275, 40.0989666], [0.7703449, 40.090334], [0.8675971, 40.0451797], [0.9298022, 39.9741823], [0.9501554, 39.8943356], [0.9288343, 39.796408]]], [[[-9.1641709, 42.0690246], [-9.1834876, 42.1651812], [-9.3441478, 42.4982675], [-9.5555064, 42.8425855], [-9.572906, 42.9128118], [-9.5754008, 43.0534414], [-9.5625457, 43.1135206], [-9.5375541, 43.1565387], [-9.4492891, 43.2693407], [-9.4040951, 43.3101969], [-8.9952778, 43.5331572], [-8.464305, 43.7391922], [-8.2081072, 43.8784531], [-8.033641, 43.9467104], [-7.9285333, 43.9769223], [-7.6971085, 43.9933088], [-7.5899529, 43.9796913], [-6.8947848, 43.777906], [-6.6375061, 43.7775113], [-6.2883493, 43.7962607], [-5.9220496, 43.8622711], [-5.8494347, 43.865859], [-5.752616, 43.8520054], [-5.3356684, 43.7489642], [-4.8719991, 43.6610126], [-4.3566576, 43.6109671], [-3.860403, 43.6931806], [-3.5819408, 43.7159511], [-3.4927341, 43.7037046], [-3.369375, 43.6645078], [-2.9429664, 43.6439904], [-2.7089017, 43.65694], [-2.1924493, 43.5240622], [-1.8118082, 43.5978891], [-1.8034696, 43.5941884], [-1.7717557, 43.4880696], [-1.7717574, 43.3880527], [-1.7904819, 43.3753844], [-1.781617, 43.3630809], [-1.7901473, 43.3532864], [-1.7374611, 43.3300838], [-1.7415824, 43.316484], [-1.7302859, 43.2958533], [-1.6693667, 43.3148821], [-1.6251828, 43.3065757], [-1.6306801, 43.2850235], [-1.6087888, 43.2518507], [-1.5751906, 43.249933], [-1.557016, 43.2794061], [-1.5650433, 43.2880369], [-1.5353209, 43.2946667], [-1.5059426, 43.2934816], [-1.4924131, 43.280554], [-1.4384663, 43.2665676], [-1.4132586, 43.2734978], [-1.3789242, 43.2500788], [-1.3812836, 43.1896809], [-1.4019851, 43.1776565], [-1.4020823, 43.1565854], [-1.4163837, 43.1494056], [-1.4142966, 43.1285072], [-1.4730981, 43.0867742], [-1.4412466, 43.0462726], [-1.3538887, 43.0282948], [-1.3428186, 43.054059], [-1.3460563, 43.0907342], [-1.3323197, 43.1078372], [-1.2699696, 43.1183245], [-1.2997747, 43.0923714], [-1.3098111, 43.0691721], [-1.2710864, 43.0552088], [-1.263581, 43.044018], [-1.247621, 43.0426151], [-1.2292925, 43.0554486], [-1.1809628, 43.0326221], [-1.1643338, 43.0350932], [-1.1452528, 43.0257389], [-1.1416609, 43.0076101], [-1.1115121, 43.023998], [-1.0724683, 42.9978373], [-1.016704, 42.9951161], [-0.9969425, 42.9753594], [-0.9434557, 42.9532436], [-0.90827, 42.9644981], [-0.8655758, 42.9510452], [-0.8105224, 42.951292], [-0.7900608, 42.9639534], [-0.7516765, 42.9671622], [-0.7233745, 42.9229745], [-0.73654, 42.9131617], [-0.7319764, 42.8967388], [-0.6986974, 42.8785743], [-0.6786976, 42.8845451], [-0.6556375, 42.8585008], [-0.6033332, 42.8325227], [-0.5988093, 42.8048298], [-0.5661459, 42.8037114], [-0.5676173, 42.7807594], [-0.5512146, 42.7775376], [-0.5435774, 42.793263], [-0.5296868, 42.7916884], [-0.5252139, 42.8116655], [-0.5055743, 42.8274785], [-0.4416477, 42.7953599], [-0.4087011, 42.8076685], [-0.3941263, 42.7989216], [-0.3469108, 42.8377841], [-0.3240782, 42.8347546], [-0.3132716, 42.8494134], [-0.2559817, 42.8189882], [-0.2435536, 42.8236117], [-0.237874, 42.8081942], [-0.1888243, 42.7868069], [-0.1608291, 42.7984472], [-0.1498053, 42.7692111], [-0.1230185, 42.7517469], [-0.1066501, 42.7208775], [-0.0684884, 42.7180886], [-0.0620974, 42.694972], [-0.0166627, 42.6852031], [0.004753, 42.6874362], [0.0135684, 42.7019032], [0.0587638, 42.6977041], [0.0843582, 42.7162078], [0.1293212, 42.7141539], [0.1367375, 42.7225204], [0.162055, 42.7231558], [0.1758198, 42.7368781], [0.2269263, 42.7173825], [0.260215, 42.7162829], [0.2696897, 42.7013039], [0.2638199, 42.6932141], [0.295691, 42.6741776], [0.3209466, 42.6829001], [0.3252995, 42.7051815], [0.3604154, 42.723972], [0.3928154, 42.7132443], [0.3944255, 42.6985978], [0.422379, 42.6905021], [0.4738391, 42.7004432], [0.5168542, 42.6911276], [0.5279396, 42.7027962], [0.5863343, 42.6943918], [0.5975383, 42.7057018], [0.6689096, 42.689169], [0.6828406, 42.708933], [0.6695814, 42.7204184], [0.6800937, 42.7234388], [0.6609494, 42.7520903], [0.6391775, 42.7549146], [0.6651156, 42.7737112], [0.6448231, 42.7829817], [0.6697108, 42.8038335], [0.660726, 42.8398388], [0.6788696, 42.8469476], [0.6783411, 42.8550985], [0.7086465, 42.8615226], [0.7677381, 42.8382537], [0.8008625, 42.8406806], [0.8555987, 42.8268301], [0.9262024, 42.7893051], [0.9601001, 42.8059563], [0.9859133, 42.7866239], [1.0479186, 42.7809462], [1.0788848, 42.7883373], [1.1280199, 42.7557064], [1.1331992, 42.7282673], [1.1659432, 42.7088943], [1.2292443, 42.7278269], [1.2523291, 42.7139532], [1.3272113, 42.7244836], [1.3573622, 42.7197377], [1.3511902, 42.7026079], [1.3884286, 42.6880698], [1.3874561, 42.6687125], [1.4137267, 42.6555555], [1.4204281, 42.6249356], [1.4426756, 42.6027558], [1.4271866, 42.5821532], [1.4449787, 42.5681995], [1.4252275, 42.5579616], [1.4135781, 42.5353776], [1.450724, 42.540077], [1.4683999, 42.509996], [1.4077997, 42.486294], [1.4410304, 42.4754801], [1.4429711, 42.4436669], [1.4566205, 42.435654], [1.5510875, 42.4326182], [1.5611409, 42.4586557], [1.5788543, 42.449886], [1.5976114, 42.4676186], [1.6535853, 42.4673114], [1.6632468, 42.4926328], [1.7038417, 42.4895387], [1.725891, 42.5026989], [1.729967, 42.4923862], [1.8234742, 42.486526], [1.891171, 42.4477154], [1.9370504, 42.4536822], [1.9409035, 42.4299848], [1.958638, 42.4241194], [1.9654349, 42.3809183], [2.0160531, 42.3471021], [2.0329016, 42.3580581], [2.0846708, 42.3617626], [2.0894569, 42.3738497], [2.1167823, 42.3832668], [2.1148482, 42.3945884], [2.1326316, 42.4145402], [2.1676294, 42.4248996], [2.2064819, 42.4174253], [2.2569345, 42.4386996], [2.2910138, 42.4236431], [2.3122698, 42.4286308], [2.3608496, 42.4028421], [2.4334266, 42.3932986], [2.4354769, 42.3753168], [2.4547565, 42.3696573], [2.4812199, 42.3407709], [2.532811, 42.3327551], [2.5515445, 42.341093], [2.5545398, 42.3546736], [2.5711551, 42.3584997], [2.6716925, 42.3407507], [2.675244, 42.3571387], [2.6514838, 42.3857506], [2.671249, 42.3868357], [2.6741366, 42.405195], [2.7339308, 42.4247315], [2.7547745, 42.425454], [2.7769019, 42.4118976], [2.8002853, 42.4193192], [2.815378, 42.4398717], [2.8266306, 42.4388007], [2.8390674, 42.4594089], [2.8616296, 42.4550124], [2.8704552, 42.467438], [2.9184408, 42.4561786], [2.9470577, 42.4821294], [2.9674678, 42.4652315], [3.0405513, 42.4745774], [3.0468787, 42.45734], [3.085199, 42.4258439], [3.1208801, 42.4381865], [3.5583333, 42.4353333], [3.5939705, 42.3753956], [3.6051215, 42.3230476], [3.5997245, 42.2773456], [3.4924825, 41.8885686], [3.4455775, 41.7964616], [3.3757995, 41.7274776], [3.2068975, 41.6147766], [3.0778305, 41.5420066], [2.9757135, 41.5085946], [2.8946115, 41.4658016], [2.7165185, 41.4086716], [2.2355845, 41.1080956], [2.1269195, 41.0758896], [2.0016195, 41.0602256], [1.7929005, 41.0071956], [1.5671035, 40.9759736], [1.4927395, 40.9429836], [1.3776945, 40.9223876], [1.0965645, 40.5940586], [0.6138205, 40.2274076], [0.0543885, 39.5799526], [0.0471105, 39.2542186], [0.3086175, 38.9920366], [0.3929985, 38.9364046], [0.4528785, 38.8664256], [0.4877295, 38.7973206], [0.4960455, 38.7299916], [0.4908245, 38.6903746], [0.4607305, 38.6285316], [0.4069545, 38.5775356], [0.0682785, 38.3630776], [-0.1776475, 38.2275876], [-0.2218865, 38.0955586], [-0.2425305, 38.0592246], [-0.3891685, 37.9212506], [-0.3970835, 37.6181646], [-0.4259685, 37.5560876], [-0.4783255, 37.5046756], [-0.5900145, 37.4287826], [-0.7316065, 37.3817766], [-0.8614155, 37.3541506], [-1.0456045, 37.3372376], [-1.3545575, 37.2466696], [-1.5825165, 37.0782496], [-1.6058765, 37.0056236], [-1.6470875, 36.9326116], [-1.6777475, 36.8499006], [-1.7140415, 36.8064646], [-1.7639335, 36.7700196], [-1.7881595, 36.7305936], [-1.8654185, 36.6485996], [-1.9689165, 36.5720106], [-2.0791075, 36.5316826], [-2.1607055, 36.5176006], [-2.7625915, 36.4783606], [-3.1917495, 36.5371746], [-3.4068035, 36.4884696], [-4.0424995, 36.5238426], [-4.5457375, 36.3193546], [-4.6645675, 36.2887536], [-4.8968085, 36.2660456], [-5.0748555, 36.1360106], [-5.3453443, 36.1550251], [-5.3960457, 36.1474901], [-5.3913984, 36.0990196], [-5.337767, 36.0115164], [-5.1065315, 36.0430106], [-5.0597415, 35.9968066], [-5.0315185, 35.9489686], [-5.0195095, 35.8968186], [-5.0213249, 35.825763], [-5.2265517, 35.8342017], [-5.3560854, 35.8731738], [-5.3727136, 35.8834151], [-5.3866659, 35.9198925], [-5.4000009, 35.996545], [-5.6665155, 35.9356749], [-5.885446, 35.9648815], [-6.0566881, 35.9594807], [-6.1989845, 36.0310086], [-6.4277005, 36.2675506], [-6.5326115, 36.4279756], [-6.6928725, 36.6308706], [-6.9116255, 36.9373866], [-7.0064355, 36.9684056], [-7.3862731, 36.9747253], [-7.3948663, 37.1661936], [-7.40728, 37.1827074], [-7.4139259, 37.2265884], [-7.4335324, 37.2497363], [-7.4216912, 37.2737849], [-7.4421779, 37.3112999], [-7.4404766, 37.3910154], [-7.4628669, 37.410074], [-7.4455949, 37.419921], [-7.4574901, 37.4292869], [-7.4566623, 37.4523673], [-7.4688015, 37.468538], [-7.4642827, 37.4882542], [-7.48413, 37.498275], [-7.4921647, 37.5221693], [-7.5112651, 37.5243775], [-7.5226651, 37.5530652], [-7.5066561, 37.5573669], [-7.515459, 37.5692627], [-7.5012761, 37.5780001], [-7.496522, 37.5946896], [-7.5037533, 37.6047929], [-7.4887658, 37.6039917], [-7.482266, 37.6240455], [-7.4702859, 37.6250346], [-7.467189, 37.6493709], [-7.4543493, 37.6463457], [-7.4556343, 37.662229], [-7.4435707, 37.6646063], [-7.4522505, 37.6773812], [-7.447812, 37.6975402], [-7.4393822, 37.700351], [-7.4285816, 37.7409718], [-7.4186789, 37.7438411], [-7.4213721, 37.7589418], [-7.3966419, 37.7639489], [-7.324337, 37.8158199], [-7.2835139, 37.8688605], [-7.2821562, 37.8976486], [-7.2550567, 37.9227274], [-7.2482974, 37.9544932], [-7.2624329, 37.9798556], [-7.2022625, 38.0034243], [-7.1734446, 37.9928285], [-7.1207062, 38.0046329], [-7.1290564, 38.0107606], [-7.1283194, 38.0295048], [-7.0986878, 38.0438222], [-7.0672193, 38.0335755], [-7.0634467, 38.0196258], [-7.046775, 38.014249], [-7.0250069, 38.0246651], [-7.002008, 38.0223914], [-7.0020698, 38.0446875], [-6.9898278, 38.0555724], [-6.9877945, 38.10198], [-6.9706177, 38.1104879], [-6.9521754, 38.1527784], [-6.9691449, 38.1663128], [-6.931521, 38.2083074], [-6.9385167, 38.2077459], [-6.9366983, 38.2206628], [-6.9720295, 38.2021146], [-6.9808835, 38.2113481], [-7.0106696, 38.2046236], [-7.0225453, 38.1853594], [-7.043336, 38.1872828], [-7.0593688, 38.1777393], [-7.0560269, 38.1853397], [-7.0661831, 38.1865123], [-7.0853373, 38.1692985], [-7.1398484, 38.2354077], [-7.1505718, 38.2758472], [-7.1696845, 38.2792835], [-7.2022532, 38.329032], [-7.2721677, 38.3958989], [-7.2797481, 38.4196768], [-7.3167952, 38.4401743], [-7.3358476, 38.4358199], [-7.2985611, 38.4696047], [-7.3004307, 38.482955], [-7.3215722, 38.4782695], [-7.3145518, 38.5138758], [-7.3026256, 38.5210857], [-7.3033608, 38.5431018], [-7.2843473, 38.5755], [-7.2639052, 38.587869], [-7.2600481, 38.6108884], [-7.2435947, 38.6240238], [-7.2655783, 38.6273131], [-7.272498, 38.638406], [-7.2594205, 38.724199], [-7.2119347, 38.7453455], [-7.1286073, 38.8137589], [-7.0963726, 38.8159665], [-7.0686067, 38.8541998], [-7.0392438, 38.8646812], [-7.0330217, 38.878825], [-7.052181, 38.9069534], [-7.0274451, 38.9229414], [-6.9511303, 39.0235981], [-6.9678061, 39.039491], [-6.9594164, 39.0544706], [-6.9809035, 39.0878208], [-7.0325771, 39.1173223], [-7.105334, 39.0992002], [-7.1440249, 39.1086327], [-7.1494276, 39.1216462], [-7.1361428, 39.1444556], [-7.1346674, 39.1711983], [-7.2078963, 39.1873187], [-7.2414598, 39.2082552], [-7.2480184, 39.2533756], [-7.2314717, 39.2782585], [-7.3074855, 39.3361093], [-7.3105391, 39.3690326], [-7.3228162, 39.3812944], [-7.3026328, 39.4122133], [-7.3086132, 39.4303175], [-7.294261, 39.4568276], [-7.343811, 39.4781357], [-7.3477655, 39.4879908], [-7.362489, 39.4813945], [-7.3818811, 39.4912366], [-7.3906854, 39.529717], [-7.4302586, 39.5345092], [-7.4612119, 39.5727886], [-7.4993118, 39.5896451], [-7.5100581, 39.618789], [-7.5273877, 39.6348715], [-7.5272799, 39.6555401], [-7.5416802, 39.6636796], [-7.4555235, 39.6623614], [-7.4029905, 39.6463515], [-7.3751628, 39.6507768], [-7.3336756, 39.6408465], [-7.2515217, 39.6668106], [-7.1513497, 39.6530719], [-7.1228361, 39.6637838], [-7.0649798, 39.6580516], [-7.0155162, 39.6704277], [-6.9872701, 39.7275948], [-6.9939429, 39.7402999], [-6.9871823, 39.7631902], [-6.9768326, 39.772321], [-6.9894682, 39.7946728], [-6.9872041, 39.8100272], [-6.9708975, 39.8250494], [-6.9483838, 39.8275264], [-6.9294728, 39.8541322], [-6.9035912, 39.8707055], [-6.8995293, 39.9107189], [-6.9065842, 39.9238181], [-6.8849537, 39.9406919], [-6.8885364, 39.9609816], [-6.8795673, 39.9718411], [-6.8866801, 39.9793506], [-6.8637851, 40.0120092], [-6.8772473, 40.0181679], [-6.8809297, 40.0416751], [-6.8971703, 40.0520872], [-6.8922891, 40.0602584], [-6.9172509, 40.0661391], [-6.9207858, 40.0870738], [-6.9429784, 40.103982], [-6.94087, 40.1125095], [-6.9866155, 40.1190924], [-6.9930117, 40.1124873], [-7.0129358, 40.12613], [-7.0212356, 40.1439752], [-7.0142716, 40.1493379], [-7.0220232, 40.167458], [-7.0164865, 40.176464], [-7.0299725, 40.1863898], [-7.0126908, 40.2254578], [-6.9985178, 40.2352185], [-6.9659435, 40.2369062], [-6.9514177, 40.2575728], [-6.9073217, 40.253899], [-6.8679897, 40.2643422], [-6.8613774, 40.2996115], [-6.8246036, 40.3228585], [-6.7941067, 40.3283999], [-6.7939041, 40.3554424], [-6.7809607, 40.3645563], [-6.8344639, 40.4077062], [-6.8496927, 40.4515196], [-6.8146993, 40.5015644], [-6.7952681, 40.5113686], [-6.8052015, 40.535951], [-6.8008621, 40.5503533], [-6.8453574, 40.565954], [-6.8381117, 40.5942354], [-6.7940144, 40.6612974], [-6.8057659, 40.6687259], [-6.8107705, 40.7168792], [-6.8311713, 40.7528039], [-6.8169289, 40.7970879], [-6.826916, 40.840283], [-6.8019402, 40.845635], [-6.8019213, 40.8607148], [-6.809034, 40.8823956], [-6.8303402, 40.8855349], [-6.8491062, 40.9027885], [-6.8591307, 40.9497261], [-6.9215794, 41.0024809], [-6.9313566, 41.0294111], [-6.9161192, 41.0383852], [-6.8685256, 41.0268691], [-6.808931, 41.0364965], [-6.7541938, 41.1040617], [-6.7707565, 41.1240102], [-6.7678712, 41.1348371], [-6.7091069, 41.1726558], [-6.6905791, 41.1958776], [-6.6914076, 41.2096212], [-6.6529499, 41.2353562], [-6.6483775, 41.2475503], [-6.5997629, 41.2434685], [-6.5916086, 41.2552373], [-6.584614, 41.2409703], [-6.5713298, 41.239042], [-6.5515834, 41.2456395], [-6.5225985, 41.2756267], [-6.5114639, 41.2644506], [-6.4962876, 41.2661625], [-6.478427, 41.2758067], [-6.4913399, 41.2848986], [-6.4868777, 41.291347], [-6.43763, 41.305321], [-6.4338365, 41.320246], [-6.4181474, 41.3261566], [-6.4264908, 41.3332858], [-6.4152687, 41.3479586], [-6.3768369, 41.3593316], [-6.3934822, 41.3698629], [-6.3896475, 41.3847093], [-6.3666088, 41.3934113], [-6.3524811, 41.3783411], [-6.3176604, 41.3857422], [-6.3172184, 41.3971456], [-6.3332695, 41.410327], [-6.2948877, 41.4352057], [-6.305282, 41.4497098], [-6.2840409, 41.4790174], [-6.2617731, 41.4867714], [-6.2657904, 41.4982462], [-6.2509893, 41.5001968], [-6.2577506, 41.5141109], [-6.2369429, 41.521357], [-6.2117425, 41.5591497], [-6.1891593, 41.5748318], [-6.1969584, 41.5895036], [-6.2358062, 41.607057], [-6.2829824, 41.652362], [-6.3429395, 41.6735596], [-6.445047, 41.6848242], [-6.4573625, 41.6665978], [-6.4996205, 41.6571248], [-6.5482737, 41.6855954], [-6.5549636, 41.6986121], [-6.5424855, 41.701154], [-6.5549625, 41.7209648], [-6.5488515, 41.7254818], [-6.5688979, 41.7435978], [-6.5436024, 41.7784989], [-6.5470638, 41.794964], [-6.5274169, 41.8207847], [-6.5322689, 41.8353734], [-6.5155141, 41.8716585], [-6.5711794, 41.8834955], [-6.5465122, 41.9394559], [-6.5883071, 41.9675665], [-6.599459, 41.9483028], [-6.6213863, 41.9397368], [-6.7000058, 41.9333151], [-6.7505824, 41.9436456], [-6.7686858, 41.9840903], [-6.8113479, 41.9925213], [-6.8100164, 41.9695416], [-6.8216067, 41.9460054], [-6.8695323, 41.9484575], [-6.8932529, 41.9398571], [-6.9443053, 41.9446581], [-6.9578062, 41.9689384], [-6.9793649, 41.9737827], [-7.0062384, 41.9505655], [-7.0719394, 41.9496519], [-7.0875102, 41.9734771], [-7.1414588, 41.9907578], [-7.1583978, 41.9762129], [-7.1782132, 41.9800907], [-7.1854354, 41.972324], [-7.1894674, 41.9414629], [-7.1734923, 41.9191024], [-7.1967378, 41.8799794], [-7.3153151, 41.8425454], [-7.3564436, 41.8405299], [-7.365788, 41.8527874], [-7.3904101, 41.8423475], [-7.3975884, 41.8263732], [-7.4278996, 41.8073642], [-7.4258439, 41.8302246], [-7.4437506, 41.8393707], [-7.4524993, 41.8650817], [-7.4852722, 41.861291], [-7.4912922, 41.8712445], [-7.5022254, 41.869384], [-7.5133117, 41.8621168], [-7.5056421, 41.8507795], [-7.521053, 41.8419665], [-7.6114563, 41.829178], [-7.6115476, 41.8467068], [-7.6018521, 41.8665446], [-7.584063, 41.8755446], [-7.5858733, 41.8818712], [-7.6538714, 41.8811985], [-7.7008515, 41.9076656], [-7.7333538, 41.892277], [-7.7635052, 41.8990044], [-7.7869311, 41.8840945], [-7.8451878, 41.8812791], [-7.8415185, 41.8664751], [-7.8663175, 41.8588767], [-7.8728052, 41.8448547], [-7.892212, 41.8595109], [-7.8846895, 41.9243158], [-7.9063431, 41.9270958], [-7.9212523, 41.8777912], [-7.9876925, 41.8692157], [-8.0140579, 41.8289924], [-8.038677, 41.8299592], [-8.0576572, 41.8157174], [-8.0939171, 41.8080354], [-8.1254754, 41.8084813], [-8.1650131, 41.8181132], [-8.1617724, 41.8609751], [-8.1693036, 41.8765277], [-8.2000178, 41.8736997], [-8.2168993, 41.9131548], [-8.1749676, 41.9549525], [-8.1630193, 41.9826918], [-8.1407603, 41.9886782], [-8.1278764, 42.0055601], [-8.0860348, 42.0164922], [-8.0844552, 42.0473336], [-8.0966008, 42.0722575], [-8.1187008, 42.0823066], [-8.1821709, 42.065109], [-8.1932943, 42.1261741], [-8.1880053, 42.1435497], [-8.1987535, 42.1543112], [-8.2219238, 42.1340724], [-8.2455204, 42.1397738], [-8.2591195, 42.1213263], [-8.2736563, 42.1240722], [-8.3171159, 42.1045048], [-8.3318908, 42.0838346], [-8.3631484, 42.0904379], [-8.3816433, 42.0763459], [-8.4048398, 42.0804348], [-8.4289422, 42.0722866], [-8.4430155, 42.0823814], [-8.5227935, 42.0779533], [-8.5258265, 42.0630302], [-8.5460492, 42.054185], [-8.5953564, 42.0568724], [-8.6359301, 42.0478741], [-8.6576213, 42.0301016], [-8.6621842, 42.0025487], [-8.7351741, 41.9714116], [-8.7474027, 41.9618444], [-8.7562819, 41.933129], [-8.8176621, 41.9063526], [-8.8709665, 41.8639288], [-9.1567315, 41.8726126], [-9.1399026, 41.9145977], [-9.1437752, 41.9787338], [-9.1641709, 42.0690246]]], [[[1.9668652, 42.4798518], [1.9786128, 42.4946816], [1.9896829, 42.4935759], [1.9987048, 42.4852742], [1.9873627, 42.4696621], [2.012787, 42.4483456], [1.9598389, 42.4532269], [1.9668652, 42.4798518]]]]}}]}